activation,dropout_rate,ff_dim,hidden_units,learning_rate,num_heads,num_layers,pooling,dataset,group_id,repeat_idx,val_acc_1,val_acc_std_1,val_acc_2,val_acc_std_2,val_acc_3,val_acc_std_3,val_acc_4,val_acc_std_4,val_acc_5,val_acc_std_5,val_acc_6,val_acc_std_6,val_acc_7,val_acc_std_7,val_acc_8,val_acc_std_8,val_acc_9,val_acc_std_9,val_acc_10,val_acc_std_10,val_acc_11,val_acc_std_11,val_acc_12,val_acc_std_12,val_acc_13,val_acc_std_13,val_acc_14,val_acc_std_14,val_acc_15,val_acc_std_15,val_acc_16,val_acc_std_16,val_acc_17,val_acc_std_17,val_acc_18,val_acc_std_18,val_acc_19,val_acc_std_19,val_acc_20,val_acc_std_20
gelu,0.0496323069187,520,75,1.73971548e-05,4,3,mean,classification_ozone,c0c580c1500bcf16cbcdd972a0968d9d,0,0.5006451427936554,0.026047257884953757,0.4980645012855529,0.021103775991383016,0.4890322422981262,0.029705455004578427,0.49419353246688835,0.023081990754807272,0.4929032111167907,0.02481984966246737,0.498064501285553,0.03270655747697197,0.49548385500907893,0.04215821361590206,0.49677417874336244,0.05201456715546659,0.49548385620117186,0.057956889929719625,0.49419353246688835,0.05523575241470605,0.49161288619041443,0.03961310962244421,0.49161288499832156,0.029705454939851987,0.5032257890701295,0.022349041151935978,0.4954838538169861,0.01956870660471836,0.4967741751670838,0.02737187037033946,0.4954838526248932,0.0282695465677846,0.4916128838062287,0.027899027110089347,0.48774191617965695,0.03212877022371933,0.4941935300827026,0.03940240285213832,0.48516127467155457,0.038277152642426926
gelu,0.1227307399906,993,205,0.0002660745655,8,4,max,classification_ozone,63c26c30075d3ddd6de48f949d45d8fa,1,0.4825806260108948,0.027899026558749877,0.5058064365386963,0.019138580691381232,0.4967741811275482,0.028121932615890816,0.4838709545135497,0.020401792632768728,0.47483869671821594,0.04437096574141234,0.48387094736099245,0.019885202484363394,0.4864515948295593,0.020705556296279907,0.4903225600719452,0.030602685179424504,0.4929032099246979,0.04095630707842165,0.49161288976669315,0.043374806265083526,0.4761290180683136,0.03206393131789773,0.4619354701042175,0.03046636900619981,0.4838709521293641,0.03734141365748929,0.4851612770557404,0.02253451860163933,0.4916128849983215,0.016064389450588336,0.4929032075405121,0.020196744419871394,0.4916128849983215,0.01669958521468107,0.47354837298393254,0.01743129710461164,0.47225804924964904,0.021103777449116918,0.463225793838501,0.02899639480980806
gelu,0.1472921434737,890,66,0.0002035984482,4,3,mean,classification_ozone,8def56b11e8b539c98abc7a4ef3db1dd,2,0.5174193382263185,0.009569291300096181,0.4825806283950806,0.014711941576106087,0.4722580480575561,0.02675669642953525,0.5006451463699342,0.029068077394526798,0.48903223991394046,0.02473585063555338,0.48774192214012146,0.02683436050573808,0.4735483705997467,0.015537540186451121,0.4838709521293641,0.02234904115193591,0.48129030585289,0.01913857576866478,0.46322578907012935,0.024311537295105646,0.4658064365386963,0.03689284657971034,0.4658064353466034,0.027523519222556386,0.4658064365386963,0.02299165018184244,0.4748386931419373,0.031141979904702993,0.4787096607685089,0.016064384543337112,0.4670967590808869,0.02439699231443234,0.4761290192604065,0.026756695639077878,0.47225804686546324,0.016064386458361293,0.46967740774154665,0.028635282046620494,0.4696774053573608,0.02752351908284106
relu,0.2323245577832,731,139,0.0004688162429,6,2,max,classification_ozone,d036f55f6f460e5427be019846a9b669,3,0.4993548238277435,0.025644657817318735,0.4903225672245025,0.00912395714133718,0.4851612770557404,0.012409923901624584,0.49161288619041443,0.01902952225323923,0.4825806295871734,0.03456282727679733,0.4683870816230774,0.022626679488860962,0.4851612758636475,0.025563370536421767,0.48774192214012146,0.029068078519005034,0.47225805044174196,0.022067908182020333,0.4619354701042175,0.020196742420668903,0.46709676027297975,0.027973526463127844,0.4619354701042176,0.036666508171723,0.45032256484031674,0.029705453645321764,0.4541935324668884,0.033086143064204,0.4632257902622222,0.03270655618365107,0.4580645000934601,0.030260743711873286,0.45806449890136725,0.010200895373952664,0.45935482144355777,0.011540997001754415,0.46709675669670103,0.021202167962847792,0.45548385620117193,0.012576509680264835
gelu,0.0411139096052,437,232,0.0006296810751,6,3,max,classification_ozone,aeab6acaaac8aeaf0d9958031424d34c,4,0.4980644941329956,0.022067912189903373,0.4954838538169861,0.015403014607456482,0.5006451439857483,0.014852726045942982,0.5122580468654633,0.010795614526793458,0.4916128873825073,0.02636492338591909,0.4877419185638427,0.013378346130834006,0.4774193370342255,0.02774943274674183,0.4929032099246979,0.018586915122875452,0.47741933941841125,0.018809523725291544,0.49548385500907893,0.0436140519729766,0.4916128849983215,0.028269549356366393,0.469677402973175,0.02431153816506513,0.46451611161232,0.0228098963304573,0.47096772313117985,0.033211708274033164,0.4645161139965057,0.028489548307978882,0.47999998092651364,0.03080602584455142,0.47483869194984435,0.01413477035928242,0.47096772670745846,0.03321170885296495,0.4799999833106995,0.023528493619832214,0.4748386907577514,0.01485273005898692
relu,0.2515431834903,807,183,0.0004710390213,8,2,mean,classification_ozone,567246d85efa3c54b7837c04e4827965,5,0.5083870804309845,0.015403015356425496,0.5122580468654633,0.02168740184702159,0.4954838526248932,0.02789902800601652,0.48903223872184753,0.026364921562729206,0.4929032099246979,0.010795612389558954,0.5006451439857483,0.02481984896526055,0.5032257854938507,0.01988520586856491,0.48774191617965695,0.019138578380717905,0.49161288619041443,0.03333680203732751,0.48129030704498293,0.009784359639829097,0.4864515960216522,0.019138578079327197,0.4825806260108948,0.037452706752024334,0.4722580468654633,0.024311536978757015,0.4658064353466034,0.01956870847157021,0.4670967590808869,0.019138576873763895,0.4774193394184113,0.023704737523158312,0.46064514517784116,0.02262667787431219,0.4799999845027923,0.044837546548997784,0.4696774017810822,0.03486259045890866,0.4709677243232727,0.028852487173183703
relu,0.0328834287905,738,248,4.50522625e-05,2,3,max,classification_ozone,0ac5689cc93139f63ce53885fe9058ec,6,0.500645147562027,0.024396995860887734,0.49290321230888373,0.02797352701299908,0.4735483705997467,0.033086143354768296,0.4890322411060334,0.027899031176220578,0.48387095093727106,0.04934535041435201,0.48774191617965695,0.026047261059084496,0.4851612687110901,0.022991648927431992,0.4799999833106995,0.018586915329767247,0.47096772670745846,0.009123959248681535,0.4709677278995514,0.01206986377127228,0.4709677255153656,0.024567008112791056,0.4683870816230774,0.022626680763504724,0.47225804924964904,0.0220679095760664,0.4658064365386963,0.023879683512482028,0.46838708281517033,0.02644374312406882,0.4709677278995514,0.029210918929890035,0.46322579264640806,0.03574682519839078,0.46322579264640806,0.03574682519839078,0.4658064365386963,0.030053715159947147,0.4658064353466035,0.030053712984747363
relu,0.047511852384,385,242,2.54483788e-05,4,1,mean,classification_ozone,61372322830cc040f09dba1b53273689,7,0.5096774005889892,0.01644845130706135,0.5135483670234681,0.015537541176431444,0.5045161104202271,0.0314081584266002,0.5109677278995515,0.015403017228848712,0.501935465335846,0.008411875420551024,0.49419353127479554,0.014852727987739527,0.4929032111167908,0.021687401492395515,0.48516127467155457,0.009569286276914245,0.4916128873825073,0.008411871763375591,0.4799999856948853,0.021202162884455325,0.48387095093727117,0.021878481846269893,0.47225804924964904,0.016699584984406532,0.46451611518859864,0.028489550332647946,0.4606451463699341,0.03245103279365105,0.47225805044174196,0.02714281721425858,0.46451611518859864,0.02620657471780888,0.460645147562027,0.027219383846513942,0.4593548238277435,0.03073839502058663,0.4567741775512696,0.028635273049121668,0.4554838538169861,0.024819844549615847
gelu,0.1773622941786,1014,174,0.000204793631,7,4,max,classification_ozone,7db969f4c0ffa4c1d50b9c34f8c60ca2,8,0.4877419197559357,0.019674773314456773,0.5045161080360412,0.012409920957861418,0.49935482144355775,0.00865574541891539,0.48516127467155457,0.02636492229200517,0.4761290180683136,0.02473585669853119,0.4748386943340301,0.019138575467272913,0.4799999845027923,0.017431296773701293,0.4567741787433624,0.021591223977652455,0.4748386943340301,0.01682374569819807,0.47483869194984435,0.014852726434302074,0.4877419173717499,0.01413477444013431,0.4903225612640381,0.021397575060622908,0.48387094736099245,0.01824791322900364,0.4774193382263183,0.021397576408483464,0.4748386943340302,0.0221620159773039,0.4658064377307892,0.03206393101806986,0.4619354701042175,0.027219383846513942,0.46322579264640806,0.023879683834551562,0.46322579145431514,0.019029523465711184,0.469677404165268,0.02714281749760888
relu,0.168204097407,781,219,3.74741748e-05,6,3,mean,classification_ozone,9f0d5cbe360e222edfaad9e3194ada17,9,0.5006451439857483,0.009784355316594167,0.49677417397499085,0.011174517564852195,0.5070967531204225,0.019138576170518003,0.49806449770927436,0.017902497436387464,0.501935465335846,0.019029524274025943,0.47870966196060183,0.025153017373052988,0.4812903094291688,0.030122885412165155,0.46967740416526793,0.033647496082150286,0.4748386943340302,0.022626680338623476,0.46838708162307735,0.023528492312323648,0.48774191617965706,0.02308198942200725,0.47999998211860656,0.007355966605915365,0.4774193370342255,0.022349039861457892,0.48774191498756414,0.023528490432781372,0.49290320515632635,0.01858691336430426,0.4916128838062286,0.025153014162516765,0.49032256245613104,0.03026074212340434,0.4825806272029876,0.03364749025352908,0.47225804686546324,0.022067908007764387,0.4632257902622223,0.01956870758727152
gelu,0.0175083483737,687,242,8.482277e-05,2,4,mean,classification_ozone,c53a13a812da30b78172f14c517abca7,10,0.5148386943340301,0.02636492294835374,0.498064501285553,0.0211037791801754,0.49419353127479554,0.021687399807921042,0.476129013299942,0.030738390641987443,0.4864515960216522,0.022626678299193504,0.4916128885746002,0.015403016105394934,0.5135483682155609,0.017431300303408736,0.5032257854938507,0.024986985507729667,0.4799999833106995,0.02070555425334572,0.47225804924964904,0.019568709355867842,0.4825806260108948,0.027142815514158012,0.47612901687622067,0.02431153745328028,0.49806449770927425,0.023439872026241464,0.47999998092651364,0.02070555323187931,0.48387095093727106,0.032579045446811804,0.47225804924964904,0.0200934327366056,0.476129013299942,0.02206790696222994,0.4825806260108948,0.024735854055694305,0.47612901449203493,0.021591224244806972,0.4851612722873688,0.013221872725398312
gelu,0.246284492629,763,91,0.0001014585002,7,4,mean,classification_ozone,7471b186be14fc6d9ba220fae665d61f,11,0.5006451416015625,0.026443739997529574,0.49677417874336244,0.018809522703080676,0.504516110420227,0.005397811092612102,0.48903223872184753,0.03270655606607668,0.4787096607685089,0.01902951871686234,0.4709677255153656,0.017668466893925695,0.47741933941841125,0.029914898766500272,0.478709659576416,0.041159060511117306,0.49806449890136717,0.019568706997740277,0.49032256603240965,0.01644845013811784,0.48387095093727106,0.019354838629564844,0.47096772432327266,0.018247915863180756,0.45806450247764585,0.02774943551830114,0.4645161139965057,0.0188095242363971,0.4658064353466034,0.019568712401783612,0.4632257902622223,0.02206791323543761,0.47483869194984435,0.02070555425334575,0.48516127347946164,0.021103774806974156,0.4864515936374665,0.017431293023387532,0.4851612687110901,0.025563366098779572
relu,0.0192763813772,282,132,0.0001953035744,7,1,mean,classification_ozone,3b3a8b6b6accefe9df531d409194d1b9,12,0.501935464143753,0.019896828110417927,0.49612901568412776,0.036679118534228325,0.48193546772003176,0.027210883957433665,0.4877419173717499,0.025116213957513813,0.48838708102703093,0.016392117621823427,0.48516127347946164,0.020805825375364018,0.4903225630521774,0.02885248872811779,0.498709659576416,0.025088580645170284,0.49225804746150975,0.015817782569526487,0.49225804924964905,0.023763196212006326,0.4909677284955979,0.018858633874644346,0.47935482442378996,0.01900520445203851,0.4645161122083664,0.033315982472455596,0.4645161145925522,0.026338598762037584,0.4677419209480286,0.02134347806942825,0.4625806295871735,0.018005533427915874,0.4793548220396042,0.029179236825201096,0.4767741757631302,0.028277728179061597,0.4793548220396042,0.027040390523146357,0.47161288738250723,0.01732484433548595
gelu,0.0091896354802,373,81,2.64073866e-05,4,4,max,classification_ozone,c7fe57fae33be9d95bf6c30af4fb8425,13,0.495483853816986,0.011540993669753388,0.4954838526248932,0.012409922042405673,0.4980645000934601,0.01154099583555401,0.5006451451778412,0.007355971049437006,0.49935482144355775,0.007355970003902635,0.49806449770927436,0.015403011486751465,0.49419353127479554,0.01079561132094052,0.5006451451778412,0.015537540062703598,0.4967741775512695,0.018247914282673736,0.4941935348510742,0.020705557782048554,0.4929032111167907,0.022626682208101104,0.4980645000934601,0.030738398773672234,0.4941935300827026,0.030806023722471963,0.4941935300827026,0.0346229841746602,0.4916128849983215,0.03689284381752924,0.47999998211860656,0.03370928775562458,0.4812903022766113,0.030122877624958706,0.4877419137954712,0.03245102870538707,0.4890322363376617,0.03689284282731363,0.48645159125328064,0.03722977072361877
relu,0.2538206944515,277,219,1.39656598e-05,2,6,mean,classification_ozone,65197aab9f39bb3dd51229dbf31b67c6,14,0.4929032075405121,0.03401658198057811,0.5070967519283295,0.026047261501987103,0.5083870804309846,0.025563374221922234,0.4993548202514648,0.0207055572248855,0.49290320634841917,0.020705551838970028,0.4877419185638427,0.02120216252171405,0.4799999845027923,0.0161934178422418,0.48645160079002386,0.025644656767655417,0.4890322434902191,0.01902952457714461,0.48645159721374515,0.02352849386498947,0.48645159721374515,0.0311419827447788,0.4787096643447876,0.03603674843980975,0.49161288976669315,0.029353064967227744,0.4993548250198364,0.03694921340117669,0.4993548274040222,0.03722977495850639,0.49032256603240965,0.030602683922848775,0.4941935348510742,0.02906807587317504,0.4954838585853577,0.02935306418118592,0.4954838573932648,0.030397982064772386,0.4916128885746002,0.02935306437769613
relu,0.1318310905937,536,232,1.54211158e-05,4,1,max,classification_ozone,1ab35f0f97118ed118e9a0955a6ec20d,15,0.5032257926464081,0.007901582013294819,0.505806438922882,0.011719941591038435,0.5122580528259277,0.015537545755086028,0.5083870828151703,0.023879683915069484,0.5019354701042176,0.014711938700886251,0.5019354689121247,0.014711938570194764,0.503225793838501,0.016448450138119228,0.5045161163806916,0.019029526395853213,0.5045161151885986,0.01731149394769849,0.5045161163806915,0.01154099616875654,0.5006451475620269,0.014852727469927935,0.5019354701042176,0.00841187404911282,0.4941935348510742,0.0185869177090111,0.4941935348510743,0.02168740299955799,0.4941935348510742,0.022162018059495123,0.4954838573932648,0.022991651436252807,0.49419353246688846,0.02216201684488352,0.49548385620117186,0.022991651352625323,0.49677417993545525,0.022809895908989537,0.4929032111167907,0.021687400605830732
relu,0.2795328004384,935,228,3.04991345e-05,3,2,mean,classification_ozone,a736609709f884e7343ebc63f1d8b7de,16,0.4993548250198364,0.02019674461027002,0.47999998450279235,0.020705552210412512,0.4851612758636475,0.009569291099167702,0.4929032111167908,0.016823745926771803,0.48645159840583807,0.02523562031874165,0.5032257890701294,0.0284895472956449,0.4916128849983215,0.033336796615791725,0.4954838538169861,0.027142817072583997,0.5032257902622223,0.015803164634925523,0.4941935312747955,0.01967477311900594,0.4916128838062286,0.02789902814385139,0.48774191617965695,0.025235623518768322,0.4774193358421326,0.018809525258608607,0.48387095093727117,0.033211717826402455,0.47612901568412774,0.021591230122204503,0.4722580480575562,0.018474611644114316,0.46580643415451056,0.011540997001755952,0.4722580468654633,0.017311498834632493,0.4709677243232727,0.015803167676611666,0.46322579145431525,0.029705459211801576
relu,0.1326316205453,882,107,0.0002424380349,8,6,mean,classification_ozone,ef35f4f485a380b982215d7db6fa9178,17,0.4916128838062287,0.013221869235308043,0.5045161068439483,0.016064386817428753,0.5019354629516602,0.014711941837489974,0.4993548178672791,0.013378351735897114,0.48645159840583807,0.0349222405146538,0.5032257890701294,0.013685933780275928,0.4967741763591767,0.021397576408484317,0.4864515960216522,0.014852727081567206,0.47870965719223024,0.013221866472319288,0.4735483717918396,0.016193418435918882,0.4774193370342255,0.031606315582258945,0.4838709485530853,0.024139721170539048,0.47483869194984435,0.024819846873639664,0.48903224110603327,0.013986760722775446,0.4864515948295593,0.022162016237577752,0.48258063077926633,0.022991650516350833,0.4761290180683136,0.0124099248312337,0.46451611518859864,0.015803159159888346,0.46451611518859864,0.011174521006127345,0.4658064353466034,0.007067385451698288
relu,0.1113745189763,390,215,0.0008122949846,8,6,mean,classification_ozone,c5047d4eaf5d7fa0647da5e38224afd9,18,0.5045161139965056,0.02752352047999519,0.4890322422981262,0.02515301645575684,0.4877419173717499,0.022626679573837297,0.478709659576416,0.038277149477823444,0.4993548226356507,0.03212876902682971,0.5187096571922302,0.01682374741249905,0.48129030585289,0.03147434926741919,0.47096772551536564,0.022809892537240736,0.49290320873260496,0.03339917313506471,0.5019354653358459,0.023879681580064063,0.4929032123088836,0.027973527700338365,0.48903223872184753,0.01956870837331478,0.47096772313117985,0.03127535083502449,0.4683870792388916,0.025644652119150423,0.47483869075775154,0.02564465046968127,0.45806450247764585,0.025806450843811037,0.4658064365386963,0.025967239588745677,0.4632257902622223,0.02863527808503524,0.47741933941841125,0.02921091958811334,0.4799999833106995,0.03492223825729737
gelu,0.0182399996809,960,190,0.0001440589508,2,1,mean,classification_ozone,0cdea94d38168ac8ae10d45061c23014,19,0.4787096631526947,0.008411873820535837,0.46967740297317506,0.01540301585573833,0.5045161092281342,0.029353062347085304,0.5122580444812774,0.019674768916802428,0.48645159721374515,0.03370929066459275,0.4890322434902192,0.017902501410191778,0.4890322434902191,0.030738401838692003,0.49161288857460017,0.02431154069585341,0.4851612722873688,0.019568712500038946,0.47483869194984435,0.024396994836356094,0.47999998211860656,0.03180324620085168,0.4864515936374664,0.035804994657974445,0.4903225612640381,0.012903223186731405,0.4877419173717499,0.027973523645036427,0.49548384785652166,0.030738396709475136,0.48387095093727106,0.02456700615617259,0.4709677243232727,0.024139724356541287,0.45677417635917655,0.019029520737649023,0.4722580480575562,0.013986761272646982,0.4696774017810822,0.019568708471569753
gelu,0.2419955255226,741,239,2.61492895e-05,3,3,mean,classification_ozone,3262d4af22720f2e3e85c5b07f9e80ac,20,0.48645159721374515,0.026834364804845176,0.4941935336589813,0.01858691595043824,0.4838709485530853,0.012069857399267194,0.4980644941329956,0.016064383825203442,0.50838707447052,0.03005371023375931,0.5045161068439483,0.027142811618093066,0.4941935276985168,0.01858691026094293,0.4954838526248932,0.020093429961610607,0.48903223991394046,0.020093428526267942,0.49161288619041443,0.016699583372496704,0.4735483717918395,0.013378346274553468,0.47999998450279235,0.019674773216731105,0.4799999833106995,0.016823745812485413,0.4812903022766114,0.03212877100169809,0.4825806260108948,0.027523520899141975,0.4787096595764161,0.02387968327092988,0.4696774017810822,0.029705453256962694,0.47612901568412785,0.013986760035436025,0.4683870816230774,0.011719934536613118,0.47612901568412785,0.017311491059963265
relu,0.0539408658528,717,245,0.0001021011418,3,2,mean,classification_ozone,a50b7236a1a5c5055c4138c19506d199,21,0.49677417993545536,0.006451614201069284,0.5019354665279389,0.014711937001892893,0.5058064305782318,0.009784353154976697,0.5006451416015626,0.023966675260087587,0.4929032039642334,0.024819845169355478,0.4967741727828979,0.03225805968046194,0.4967741751670838,0.030940842954732022,0.4877419197559357,0.02797352357630241,0.49419352889060975,0.016823745583911885,0.48387094736099245,0.03563019576777396,0.47999998211860656,0.03308614172760874,0.47999998211860656,0.02759902790081016,0.47999998092651364,0.026047257811136728,0.4825806283950806,0.019568709552378657,0.49290320634841917,0.03778463953423921,0.4864515960216522,0.038331482176894735,0.49290320873260496,0.031474347007133564,0.46967740297317506,0.017902499047389244,0.4593548238277435,0.012409927310192073,0.45290320992469785,0.024735856465339892
gelu,0.1661202749476,1010,226,2.26838569e-05,8,2,mean,classification_ozone,164a850676753de8bc64d67f01eb57bc,22,0.48774192214012146,0.022626684502460075,0.4761290180683136,0.01790249657718666,0.4748386943340302,0.02168739954195085,0.48903224229812625,0.028635276137815243,0.49032256603240965,0.02456700811279123,0.49548385620117197,0.031408160691650026,0.5006451439857483,0.01171994077075604,0.5083870792388916,0.00539780753055185,0.5006451451778411,0.01619342033568249,0.49935482144355775,0.013378347280590697,0.4941935348510742,0.014134775528360514,0.4890322434902191,0.01790249979919021,0.4658064353466034,0.02473585452207742,0.46709675788879396,0.0290680746825499,0.4645161128044129,0.024139721568789102,0.4567741787433624,0.017311491171029883,0.46451611399650583,0.034138726140179515,0.46451611161232,0.03620958520731099,0.45806449890136725,0.031606315278089936,0.46709675669670103,0.025644650769584502
gelu,0.1060094395204,506,206,0.0003134003694,3,3,mean,classification_ozone,cae825e9e0dcdae91a727f934f49f9e7,23,0.5019354665279389,0.017902496899386854,0.49419353127479554,0.016823746612491745,0.5032257878780365,0.01880951861423537,0.4941935300827026,0.010795610964734558,0.46967740297317506,0.03545453216145054,0.47225804686546324,0.028635277749307977,0.5006451463699342,0.02834307861280547,0.5058064353466034,0.028343079426858767,0.5019354677200317,0.022991657541047063,0.5083870780467986,0.02253451032522916,0.49032256245613104,0.03289689676940603,0.4774193382263183,0.03734140696371459,0.48645159006118777,0.042940798652216984,0.45806449890136725,0.02921091925900182,0.4696774053573608,0.012409924831233697,0.469677404165268,0.0255633712133504,0.4851612710952759,0.02515301263368966,0.4825806248188019,0.038277146062060674,0.4799999797344208,0.03432112181944931,0.4645161128044128,0.026206572149920317
relu,0.2536230962156,843,118,0.000198638933,8,5,mean,classification_ozone,4d0e9b0efa6b0175cc2bd7bdef1a718b,24,0.47870965838432317,0.022991645833220255,0.49419352889060975,0.025644648595284005,0.5032257866859435,0.021878476573334818,0.5019354665279389,0.021103774442540694,0.5161290109157562,0.026989034803107954,0.4825806260108948,0.012409919563447802,0.4890322411060334,0.00841186993479024,0.4722580480575561,0.0154030144826283,0.4812903034687043,0.030466368185770552,0.47870965838432317,0.01540301410814361,0.4954838526248932,0.030053714264276693,0.48645159721374515,0.02870786338509249,0.4825806295871734,0.035746822993106046,0.4761290109157562,0.03987492994385776,0.4696774017810822,0.04215821603309937,0.47999998450279235,0.02439699389063439,0.4709677255153656,0.01935483664274237,0.46064514517784116,0.014852726434302075,0.4722580480575561,0.016064383944892003,0.4683870792388916,0.013378347999188567
relu,0.2063296278136,621,195,0.0005973731771,2,5,mean,classification_ozone,e361b0e5c865e559cb4d239c1d17b29c,25,0.5032257902622224,0.029914897802400156,0.48645159840583807,0.015537541547672845,0.4903225612640381,0.012903227657081136,0.4941935276985168,0.017431298759163293,0.49548385143280027,0.017902494536584355,0.49161288022995003,0.008411871991951338,0.48129030466079714,0.031474350672461675,0.4941935312747955,0.030466371278157378,0.47741933941841125,0.01513037423864047,0.47999998211860656,0.005770494835676142,0.4735483694076539,0.02604726135435218,0.478709659576416,0.02636491952075674,0.4838709485530853,0.021878481406858524,0.45935482263565064,0.029705455522390584,0.45161288738250727,0.031606316190596055,0.4567741775512696,0.02343987038567712,0.4787096607685089,0.025967241884124113,0.46709675788879396,0.0318032454753671,0.4812903034687042,0.023966674457835593,0.47612901449203493,0.016699583948179383
gelu,0.007022818787,718,214,0.0003651652278,4,5,max,classification_ozone,eee4ca4b3348f7fae09ca101f59f16ee,26,0.503225792646408,0.017668469070380104,0.48258063197135925,0.016699586711452722,0.4877419185638427,0.009784357281700868,0.47741933941841125,0.012903226912021818,0.4735483717918395,0.024396990738228746,0.4967741751670838,0.012903220206499845,0.48774191617965695,0.007355968174216464,0.5083870792388916,0.030053715287900407,0.49935482382774354,0.02019674670467054,0.476129013299942,0.007067387900209016,0.47483869075775154,0.014852724880866133,0.4735483682155609,0.01858691470909394,0.49677417397499085,0.025400027670978348,0.48387095093727106,0.021878480528036776,0.4838709485530853,0.023261620438775558,0.4722580456733704,0.017902492710782345,0.4567741775512696,0.013986763472132893,0.46967740297317506,0.01606438585991683,0.47225804924964904,0.021591223710498004,0.4799999845027923,0.021687400783143188
relu,0.2206531843252,948,155,0.0002319359602,5,3,mean,classification_ozone,15f4ac903c2a142c763ede9917b03dbf,27,0.5006451416015625,0.023966676463464644,0.5109677231311798,0.017902493677383762,0.49290320873260496,0.021202159619775292,0.4825806260108948,0.016064385022094195,0.4774193382263183,0.02498698550772954,0.4903225612640381,0.01644844721575977,0.5045161080360413,0.01956870680122883,0.4967741727828979,0.022809889165493136,0.48387094736099245,0.013685935185170112,0.4567741787433624,0.031075080249154247,0.4709677278995514,0.02187848272509262,0.47612901568412774,0.01322187054409166,0.4877419197559356,0.031803244508054204,0.474838695526123,0.03245103386015494,0.4993548190593719,0.01413477294382132,0.4709677243232727,0.028121924069488914,0.4825806283950806,0.01154099200375404,0.4774193358421326,0.012069861381770226,0.469677402973175,0.01790249636238621,0.45548385620117193,0.009784354727061866
relu,0.1628526483231,718,190,1.61139729e-05,3,2,mean,classification_ozone,8148782350953ee11cfbf8f4918c7122,28,0.5058064353466033,0.026047266964443042,0.5083870792388916,0.027899031520807246,0.5006451451778411,0.03432112786980137,0.5019354653358459,0.038277154953089844,0.4941935300827026,0.012576511361973576,0.4954838538169861,0.030738396083960937,0.483870952129364,0.03160631679893341,0.4799999856948853,0.02977543332995023,0.47612901687622067,0.02159122753971131,0.49032256245613104,0.023704740362065668,0.47999998450279235,0.029775432490483273,0.47612901568412785,0.027142815655832844,0.46967740297317506,0.025153015997108865,0.4645161128044129,0.02774943309318652,0.46709675788879396,0.026834363515112872,0.4645161128044129,0.026989029816225474,0.46193546891212467,0.024819848345520885,0.46193546891212467,0.024819848345520885,0.46193546891212467,0.020705555089091117,0.46838708281517033,0.02168740149239551
relu,0.0819691632804,682,172,1.43148321e-05,5,5,mean,classification_ozone,30484d13a4413efdb9a45a8ceaba7dbb,29,0.5019354665279389,0.010601081986341635,0.49806449651718143,0.013221869235308057,0.4877419173717499,0.024396990107748005,0.4851612734794616,0.025563371815064642,0.4903225600719452,0.01580315794321415,0.48645159721374515,0.021202162612398746,0.4825806283950806,0.023879681660581468,0.4722580468654633,0.03140815322310855,0.4696774053573609,0.021591225847733275,0.48129030704498293,0.013378349292664519,0.47225805044174196,0.021103776446924412,0.4761290168762208,0.0173114928370305,0.4748386931419373,0.02168739847807211,0.4735483694076539,0.009784356299147564,0.4645161139965057,0.015130372332477568,0.4606451463699341,0.01913857385985506,0.46193546891212456,0.011719938638022733,0.4567741799354553,0.014711940530571121,0.46322579264640806,0.02789902924653077,0.4658064377307892,0.02343987301057922
gelu,0.086330535725,944,174,0.0003861333958,8,5,mean,classification_ozone,0f02edbaff211b64cc478f08225fe971,30,0.5006451439857482,0.0073559705266723575,0.5032257878780365,0.012069861381770366,0.5006451416015626,0.017431299531285315,0.4825806295871734,0.01790250076579138,0.49032256245613093,0.0322580608725551,0.5109677231311798,0.02636492608424,0.507096756696701,0.020196741563869337,0.4774193370342255,0.02580644823610826,0.49161288261413566,0.03456281982237565,0.48645159721374515,0.03694921465006668,0.5006451451778412,0.025235621309226134,0.49032256364822385,0.026206569215190708,0.47870965838432317,0.03238683307230619,0.47483868956565856,0.009784353154977582,0.46193546772003174,0.013378347568029846,0.4658064353466034,0.020604796494751134,0.48387094736099245,0.015130370426314776,0.4787096560001373,0.021103773804782452,0.47999998092651364,0.03245103611166252,0.47612900972366334,0.030053712408959134
gelu,0.1440282413011,262,244,5.48005495e-05,3,4,mean,classification_ozone,69f5d0fbb46eaa54435e9369e65cb32f,31,0.5212903010845183,0.025967240255147066,0.49290320515632635,0.022626680508575806,0.4774193382263183,0.019354835152626072,0.47741933822631843,0.015130371697090573,0.4799999833106995,0.030466367049792113,0.4903225648403168,0.016448447800230942,0.4916128861904145,0.010601079991258804,0.5032257890701295,0.01020089160422412,0.4929032111167908,0.030806030962507776,0.48258063077926633,0.0234398738308615,0.469677404165268,0.009569289893604147,0.4722580480575561,0.007067386811982278,0.46709675669670103,0.02070555583197606,0.47483869314193716,0.027219381798004327,0.47870966196060183,0.016064382029867957,0.46580643296241764,0.02009343158833207,0.47483869314193716,0.029775429842933455,0.48387094736099245,0.029210915309662872,0.48387094736099245,0.0198852049016503,0.476129013299942,0.02515301240436558
gelu,0.230302468732,874,76,0.0003933317899,7,5,max,classification_ozone,bf6d2eec607c74362110c8d738a21d95,32,0.49290321469306947,0.01967477927572231,0.49806449770927425,0.022067912364159236,0.48516127347946164,0.022991648174785603,0.4929032099246979,0.021202160345259083,0.4941935348510742,0.0252356212330343,0.47999998450279235,0.009784353547997584,0.4735483705997467,0.015537538330239799,0.4787096631526947,0.013986763747068861,0.47096772670745846,0.016448447800230914,0.4787096607685089,0.021591223354292154,0.47741933941841125,0.016448448969174252,0.4825806295871734,0.008411874734829725,0.4799999856948853,0.011719936505289588,0.4916128909587861,0.02596724306883548,0.4851612758636475,0.022991654279580893,0.4799999856948852,0.023081994669908384,0.4838709533214569,0.023261624158330146,0.489032244682312,0.027523525090604847,0.4787096631526947,0.019568713679103098,0.4709677278995514,0.019354838132858255
relu,0.0869508831067,434,194,4.54876164e-05,7,2,mean,classification_ozone,3602b608a142989a93b23267c523ccad,33,0.48645160079002386,0.031141985461373808,0.5187096631526946,0.016823754841134953,0.4980645000934601,0.023439878424440973,0.49290320873260496,0.009784353941020096,0.49806449890136717,0.03689284663182774,0.4774193382263183,0.024139723560040682,0.4838709497451782,0.01880951656981292,0.499354819059372,0.018586912122960757,0.5122580444812774,0.021687398212103942,0.47999998211860656,0.021687397591506775,0.47612901568412774,0.017902496899386847,0.4799999833106995,0.009784353941020117,0.4683870816230774,0.018586914191867532,0.4709677255153656,0.012069861381770366,0.483870952129364,0.01580316098490279,0.48387095093727106,0.01880951708091915,0.4735483705997467,0.029775429713784652,0.4645161139965057,0.024567006938819913,0.4658064377307892,0.026364924042267316,0.4735483753681183,0.01967477800528895
gelu,0.1867243334821,487,142,9.03756015e-05,7,3,mean,classification_ozone,c11ab30e14b2b5b9d6a66dff84265c16,34,0.48258063197135925,0.019029524172986544,0.4787096643447876,0.02387968415662212,0.4967741763591766,0.018809517592024438,0.4929032111167908,0.01967477448716459,0.49161288976669315,0.030053715351876547,0.4658064365386963,0.019029524172986537,0.47612901568412785,0.022991649512823054,0.4825806295871734,0.023439870877846627,0.49290320873260496,0.024819851909023503,0.4941935360431671,0.02070555750346858,0.4851612758636475,0.02387968021126871,0.4864515995979309,0.017431293574904357,0.47741934180259704,0.026989033378284656,0.4619354701042175,0.019674774487164596,0.47354837298393243,0.02120216243102781,0.4787096607685089,0.023879684800760748,0.4722580480575561,0.01540301947575625,0.4580644977092742,0.017668466893926586,0.4593548202514649,0.01540301098743962,0.4567741775512696,0.009569285674134505
relu,0.1206591190905,574,231,0.0002157464619,8,5,max,classification_ozone,914c40e1084e20770367155fcfafc3cb,35,0.4838709533214569,0.02498698858570013,0.5006451451778412,0.009784351779401816,0.49419353246688846,0.01485272630484895,0.48645159959793094,0.009784353744508312,0.4799999833106995,0.021202159619774855,0.47225805044174196,0.038817058672735695,0.48129030585289,0.02759903138413956,0.4799999833106995,0.02906807931275461,0.4670967590808869,0.023528492230604426,0.46967740297317506,0.019029520333492086,0.4838709533214569,0.01020089443152078,0.47870966076850896,0.009569285473205383,0.46322579264640806,0.021103772802590175,0.4761290180683136,0.03173773536344012,0.46838708162307735,0.024396993969444516,0.4709677255153656,0.020905614073258943,0.4593548238277435,0.019568708864591094,0.45935482501983643,0.028635277883598518,0.47483869671821594,0.016193419623270755,0.47870966196060183,0.016699583257360144
relu,0.1733938327431,1014,154,0.0003033342442,3,5,max,classification_ozone,77a50b485480fecaf392bf2d24752045,36,0.48645159840583807,0.01801837371303506,0.5109677243232728,0.023879679567128772,0.5135483694076539,0.014852727340473233,0.5058064329624176,0.014852724104147997,0.47741933941841125,0.03563019414886849,0.4670967590808869,0.024819850979414134,0.45935482501983643,0.0173114935034305,0.4606451463699341,0.009784352565443907,0.48129030585288995,0.024819847028574232,0.4709677278995514,0.02540002464305836,0.4683870804309844,0.035513180390955947,0.4503225660324097,0.02110377544473259,0.4645161139965057,0.01513037423864047,0.4619354701042175,0.009784355120082902,0.4645161139965057,0.010200894431520266,0.4619354701042175,0.012576508457202398,0.47354837298393243,0.021687401049112313,0.46451611518859864,0.031275352986736844,0.46193546891212456,0.030122880688777588,0.46322579145431514,0.026756695495357953
relu,0.2324558450848,702,199,9.83749254e-05,4,2,mean,classification_ozone,d4f8282b6b3794b313fa29b5e97e28c5,37,0.49161288261413577,0.022067909488938758,0.49419352889060975,0.0191385728552193,0.5096773958206178,0.012903226912022657,0.5006451404094696,0.010795609361808029,0.49161288261413577,0.014711943797867097,0.49419353246688835,0.02216201944762165,0.48516127347946164,0.016699583372496683,0.4916128838062287,0.016064384782715043,0.49161288261413566,0.020093430248678858,0.4916128838062287,0.01669958820822755,0.48387094974517825,0.02991489651693368,0.4825806260108948,0.032386836753100195,0.46709676027297975,0.018586915950438244,0.472258049249649,0.015403015606082426,0.4593548238277435,0.01902952467818318,0.46322579145431525,0.03515981000803805,0.4709677255153656,0.01644844780023102,0.4748386943340302,0.029068075608590732,0.47354837298393254,0.024819849662467402,0.47096772432327266,0.035921056658496715
relu,0.2855998918608,847,172,1.03207893e-05,8,1,max,classification_ozone,5b927bc99e1ea69a6635bb9a2291d9e1,38,0.5148386895656585,0.028635282986657795,0.5161290109157561,0.028121933299603323,0.5174193322658538,0.027899034484259153,0.5161290085315704,0.02812193329960383,0.517419331073761,0.02636493002233073,0.517419331073761,0.02636493002233073,0.517419331073761,0.02636493002233073,0.5135483634471892,0.018586920708926917,0.5135483634471892,0.018586920708926917,0.5148386859893799,0.01847461018707644,0.5135483646392822,0.020705556482002337,0.5109677231311798,0.02253451510336278,0.513548367023468,0.022162016758126398,0.513548367023468,0.022162016758126398,0.5148386895656586,0.023439871862185765,0.5161290109157562,0.021397579553492987,0.5161290109157562,0.021397579553492987,0.5161290109157562,0.021397579553492987,0.5148386895656586,0.020093436085738513,0.513548367023468,0.01913857888303636
relu,0.0160259356637,555,173,1.59877112e-05,8,5,max,classification_ozone,2386fe5c90ea79bd5f9f5463e694774f,39,0.4980645000934601,0.017902498832589417,0.4980645000934601,0.017902498832589417,0.49548385620117186,0.018474607793367775,0.489032244682312,0.014711941968181434,0.4838709568977356,0.022349045023371067,0.4787096643447876,0.030397986998420373,0.4877419209480286,0.029423882368061125,0.5019354701042176,0.04115906695773682,0.4967741823196411,0.039770418022077536,0.4929032146930695,0.03521895896202091,0.4890322422981262,0.03364749893931758,0.4916128885746002,0.030053716695382433,0.49806449890136717,0.024735856465340645,0.49548385500907904,0.025563371965493832,0.49419353246688846,0.02604726408558126,0.4903225648403168,0.031275353908899975,0.4916128885746002,0.03364749871074491,0.48774192094802854,0.03245103771141889,0.48774192094802854,0.03245103771141889,0.48774192094802854,0.03245103771141889
gelu,0.0920513583878,1021,228,5.63445607e-05,7,3,max,classification_ozone,6ca9a7b789e5a719cd3fe2beb29a19fb,40,0.4916128873825073,0.026756697435572126,0.4799999833106995,0.023528493211235315,0.49032256603240965,0.03352356301838232,0.47870966076850896,0.023879682787825374,0.4825806283950806,0.025563366625279672,0.4864515948295593,0.03180323985286118,0.4799999833106995,0.03147434822890947,0.47354836940765377,0.03551318039095624,0.47612901687622067,0.028269549764451157,0.47612901449203493,0.028635275667796695,0.4735483717918396,0.02721938363459924,0.46709675788879396,0.022626677449431306,0.4696774053573608,0.012409924831233697,0.4645161128044129,0.011174519285489836,0.46451611518859864,0.012903225421905515,0.4567741787433624,0.014711939746420362,0.46322579145431514,0.016699585329815785,0.47612901687622067,0.0333367986921242,0.47612901806831365,0.02387968383455156,0.4722580480575561,0.025153014009633778
relu,0.0298103691854,487,250,0.0006191884225,6,5,mean,classification_ozone,822bc87f89916c0acd2dc5cb15d52d54,41,0.49419353246688835,0.018586919364135833,0.49806450009346015,0.02206791393246094,0.5109677171707153,0.023879678037297927,0.49806449174880985,0.028635273720576927,0.47741933822631843,0.015130373603252993,0.5006451439857483,0.04044497556269046,0.5058064341545105,0.031141983794372722,0.501935465335846,0.010601080898114686,0.5032257866859436,0.01290322244167392,0.48516127347946164,0.019568708471569767,0.48516127347946164,0.0139867653966828,0.4645161128044128,0.01988520441819258,0.48129030466079714,0.02168739874404179,0.4735483717918395,0.01553753932021908,0.4567741775512695,0.02159122210757181,0.4670967590808869,0.026834365521363115,0.4683870780467987,0.022162017625704744,0.46580643177032466,0.01790249442918547,0.4503225648403168,0.024735854211155386,0.4645161128044128,0.009123958195008624
gelu,0.1095557850664,365,192,6.40356585e-05,5,3,mean,classification_ozone,369b89389c6199931ab068273433bd64,42,0.5070967578887939,0.01858692091581703,0.5122580420970916,0.017431294567634672,0.5058064317703247,0.031141981571704176,0.4748386931419373,0.02604726393794669,0.4658064365386963,0.01240992266214525,0.47225804924964904,0.020604797801156826,0.47612901687622067,0.02009343206677912,0.4761290168762208,0.023439872928551157,0.4580645000934601,0.04080357678364769,0.4606451439857483,0.037784640959062754,0.4709677243232727,0.03321170653723842,0.48387095093727117,0.031275354523674706,0.4799999856948852,0.027973526119458175,0.45935482263565064,0.025153014009634118,0.4632257878780365,0.017902500443591065,0.4580644977092743,0.01880952321418644,0.4632257890701294,0.01902952174804296,0.46322579145431525,0.018474609770777594,0.46064514517784116,0.019138577577008754,0.4567741775512696,0.01669958406331525
gelu,0.2942985346524,1022,96,3.41888017e-05,6,3,mean,classification_ozone,3c8e0028417e55eff78852f1e00c48ac,43,0.48516127347946175,0.021591225580579094,0.49161288619041443,0.021103774351432313,0.49161288976669315,0.015403018477130886,0.48516127347946164,0.010601079991259603,0.4851612687110901,0.01154099333655383,0.5006451451778411,0.030466371088827278,0.5006451439857483,0.024819848965260582,0.5032257878780365,0.032579048987855366,0.5083870804309845,0.023439872518410187,0.5045161139965059,0.020604798640988894,0.4967741763591766,0.007901582013293919,0.49290320634841917,0.009784359639829111,0.4877419173717499,0.01913857556773664,0.47354836940765377,0.03401658000226156,0.4670967590808869,0.03521895066378906,0.46193546891212467,0.04529932656329069,0.4683870816230774,0.03401658322409127,0.4593548238277435,0.026364923750557056,0.46967740297317506,0.023879683673516946,0.46709675788879396,0.02262668042359979
relu,0.2546597295922,995,102,3.26300496e-05,6,3,mean,classification_ozone,c7a7da0e2cc38b40635a7d05f126b005,44,0.5045161092281342,0.04548272417301053,0.49548385143280027,0.03908420703658614,0.48774191617965695,0.03609444853421319,0.4851612722873687,0.03961310772947291,0.4877419185638428,0.029068076137756967,0.47096772670745846,0.00912395819500844,0.4799999821186066,0.023528489288712172,0.4799999845027923,0.016823747298211848,0.48387095093727106,0.02090561683241815,0.48387094974517825,0.025806450843811266,0.4825806272029876,0.022991651101743164,0.47741933941841125,0.02456700928676275,0.4774193370342255,0.025400022750609833,0.46451611518859864,0.015803159159888915,0.4658064377307892,0.020604799107562768,0.46967740416526793,0.023879681741099185,0.4683870816230774,0.02523561940444752,0.4696774053573609,0.02714281686007121,0.47096772670745857,0.026989030172431653,0.46838708400726314,0.03308614498192827
gelu,0.0918990183613,787,217,0.0002057543986,4,5,mean,classification_ozone,5556806479d52371a01347e2a9a666b4,45,0.5045161128044129,0.011540990837554693,0.49806449770927425,0.01790249582538558,0.4993548202514648,0.011719935849064491,0.4864515948295593,0.020705553974763907,0.4954838526248932,0.022991648592923863,0.47225804924964904,0.02253451450609532,0.49806449651718143,0.02009343015298954,0.4916128873825073,0.02206790739786943,0.4890322411060334,0.024311539351372435,0.49677417874336244,0.036779851326427825,0.5148386943340302,0.03486259586377473,0.483870952129364,0.02187848448273783,0.4864515960216522,0.02481984919766291,0.47096772432327266,0.01766846580569957,0.47096772670745846,0.018809518614236215,0.4774193406105042,0.026206574717808857,0.4851612758636475,0.02009343407625874,0.4812903070449829,0.013378347136870972,0.47354836940765377,0.03308614172760818,0.4774193382263183,0.021878483603915415
relu,0.1377195294159,453,116,0.0004890931624,4,4,mean,classification_ozone,650cec20655a2d5a5a0ac46165af0da2,46,0.4929032111167908,0.029068077394526486,0.4980645024776459,0.03173773742322248,0.4916128849983215,0.02009343627711711,0.5006451427936555,0.025644647245718324,0.4954838538169861,0.036892846162777694,0.4877419185638428,0.01913857727561841,0.48774191379547116,0.013378346418273722,0.4929032099246979,0.011719935192842533,0.4825806295871734,0.02206790940181105,0.48258062839508054,0.030397985353871306,0.48387094616889953,0.022809898437799854,0.46967740297317506,0.02714281671839665,0.46193546891212467,0.0243969947575459,0.46322579264640806,0.012409924831233694,0.4619354701042176,0.0207055562034182,0.4761290192604065,0.041159066023443845,0.4838709485530853,0.03761903748402383,0.474838695526123,0.03722977346080201,0.4812903094291687,0.0324510351636593,0.4812903094291687,0.02523562161398993
gelu,0.0265278326676,735,137,7.58097727e-05,8,3,mean,classification_ozone,e02a901f74c0fd1b59b401d273c4822e,47,0.49935482144355775,0.014852730965158557,0.48903224229812625,0.005397809667787609,0.5019354665279389,0.016064383466135916,0.4890322411060334,0.02714281813514679,0.4954838526248932,0.01902952023245272,0.5032257890701294,0.007901577146595071,0.48645159840583807,0.018586915950438754,0.504516110420227,0.04337479868494735,0.5032257890701294,0.03977040931984279,0.5019354665279389,0.028996392621601363,0.4864515948295593,0.019674769698607132,0.4748386931419373,0.028343068165791335,0.4774193382263183,0.023261616305937108,0.47225804686546324,0.023879678842471854,0.4748386931419373,0.02070555583197649,0.4864515948295593,0.01171993995047515,0.4825806295871735,0.018474607689293272,0.48129030466079714,0.026443744142012098,0.4774193358421326,0.03127534837592464,0.47483869194984435,0.032451030838394526
gelu,0.1162301046973,795,226,0.0003498031507,7,6,max,classification_ozone,49f108c6719b524acf2f37832c121a41,48,0.4941935336589813,0.022626682632983102,0.5122580492496491,0.01967477741893613,0.5019354677200318,0.021103776355816218,0.5045161163806916,0.03426043702698464,0.4877419197559357,0.02481985376824231,0.48129030823707586,0.02216202092250506,0.47870966196060183,0.012409925760843325,0.4748386943340302,0.02683436595127387,0.47870966315269464,0.010601081442227642,0.49161289095878596,0.03005371624754707,0.49290320873260496,0.026834366381186334,0.492903207540512,0.04044497532499358,0.48258063077926633,0.035746824122642094,0.455483855009079,0.021687398921354965,0.45935482263565064,0.022991649847332384,0.47225804924964904,0.009569287281550478,0.47999998450279235,0.007355969481136237,0.4877419209480286,0.027219383846513966,0.48774192333221433,0.023081993753608084,0.4774193406105042,0.012069862178270524
relu,0.1715005273677,585,139,0.0002562913345,4,5,mean,classification_ozone,9a4695ff423f23feff44a46e16c6cf30,49,0.4993548202514648,0.029068077791401296,0.4799999845027923,0.009784355513104654,0.4954838538169861,0.03426042973125169,0.4967741763591766,0.03289689501599041,0.5070967578887939,0.03212877088200891,0.4851612758636475,0.03545453172760363,0.4916128838062287,0.03395534414388176,0.4799999821186066,0.013378348286628377,0.4735483705997467,0.02308199083810739,0.46709675788879396,0.013378346561993448,0.48903223991394046,0.03302318133205123,0.49548385143280027,0.03238683675309994,0.4916128838062287,0.01669957899731323,0.48645159244537356,0.027599024696146515,0.4761290144920348,0.02935306123352431,0.47741933465003966,0.019354834159215337,0.46838708043098454,0.02439699223562156,0.4645161128044128,0.02737187282890558,0.4645161139965057,0.032896898522819844,0.45419353365898135,0.018018373392906937
relu,0.0443600700385,531,113,3.47931776e-05,7,3,max,classification_ozone,6391b7475d9ae4457a634ce9a68e29ab,50,0.49677417397499085,0.0091239560876687,0.4980644953250885,0.007067387628155552,0.4967741775512695,0.004561985419531589,0.48645159721374515,0.014134776208503591,0.48129030823707575,0.024819851211816655,0.4825806295871734,0.029353065294745254,0.48516127347946164,0.026756697866730864,0.48129030823707575,0.031474352260770645,0.48903224110603327,0.03426043534335392,0.49548385500907893,0.030738397084783903,0.4890322434902191,0.027523522575727075,0.4877419197559357,0.03308614562116974,0.49032256484031683,0.026989035871725988,0.4916128885746002,0.03173774414780691,0.48774191737175,0.026047266373907682,0.49032256245613104,0.02280989759486305,0.49032256245613093,0.024567012026027957,0.4877419185638427,0.02439699775233158,0.49161288261413577,0.025967243216924514,0.4916128849983215,0.021103782642292925
gelu,0.1905285348396,878,122,3.66896723e-05,7,2,max,classification_ozone,41942c9b3abf243521ac1a6d87a8caf9,51,0.5032257890701294,0.026989035159314004,0.5019354653358459,0.026364926011312403,0.5070967543125152,0.028343074678215417,0.5070967543125152,0.02564465459335437,0.5083870780467987,0.027899028695191525,0.5083870780467987,0.025563371438993267,0.5083870780467987,0.014711938178118972,0.5135483705997468,0.020196743658269407,0.5019354677200317,0.0211037763558162,0.49806449890136717,0.02206791140575211,0.4916128838062287,0.026364917770494458,0.490322561264038,0.02774942928229191,0.49032256245613104,0.027749431360961804,0.4890322411060334,0.025563368129565358,0.49290320873260496,0.02481984687363932,0.49677417397499085,0.025806444883347057,0.49290320873260496,0.021202161433486248,0.4903225636482239,0.019354837139447783,0.48903224110603327,0.023439871616100096,0.4877419185638428,0.02168739892135496
relu,0.1124798140135,619,90,0.0001406773179,7,4,max,classification_ozone,a3df056606498cafb7e8ef3d57e050c7,52,0.5122580492496491,0.03114198756056031,0.4980645024776459,0.02789903158972466,0.4980645000934601,0.02299164934556829,0.4838709533214569,0.016448449553645696,0.47999998450279235,0.012576506469727567,0.4787096607685089,0.010601079991258784,0.4748386931419373,0.013378347568029848,0.476129013299942,0.016064383825203428,0.47612901449203493,0.01902951922205916,0.47225804924964904,0.01956870837331429,0.4761290168762208,0.021103775900274423,0.4761290168762208,0.019029523465711188,0.4825806295871735,0.012409923901624565,0.4774193406105042,0.017069362788484265,0.47612901806831365,0.02110377644692441,0.4761290180683136,0.025563370536421774,0.4735483717918395,0.018586914088421655,0.47225804924964904,0.018474605295585984,0.46193546772003174,0.023528489288712172,0.46967740297317506,0.037452704544509434
gelu,0.0623047502689,825,246,1.51698083e-05,4,3,mean,classification_ozone,69f62d299bd2ca17bbbb7b51ae6a6674,53,0.49032256603240965,0.01020089537395214,0.4941935336589813,0.02564465331876433,0.48645159721374504,0.01913857687376346,0.49032256484031683,0.01824791586318068,0.48903223991394046,0.015403012610205326,0.4709677278995514,0.022809895487520097,0.4761290180683136,0.01322187156203441,0.4799999833106995,0.018586913260859178,0.48903223872184753,0.021591223710498427,0.47741933822631843,0.028852491171584834,0.46967740297317506,0.02675669829788955,0.46967740297317506,0.02009343292798466,0.47612901568412785,0.019029521849081823,0.46064514517784116,0.02683436530640778,0.4632257902622222,0.025563369633850648,0.46064514517784116,0.025644652494029845,0.46580643296241764,0.024311537453280258,0.46967740058898927,0.021103776538032918,0.47096772432327266,0.025806451588869305,0.4683870780467987,0.02564465121943976
relu,0.0378173798119,662,118,9.57405669e-05,3,6,mean,classification_ozone,c3a2273ebb87b3b59fb6031d919abbb7,54,0.4799999833106995,0.022626679148956056,0.48129030585289,0.03277012514327658,0.5006451427936555,0.027599032986470807,0.4993548202514648,0.010795614883000135,0.49032256603240965,0.023261620438775398,0.49935482144355775,0.02604726120671818,0.5070967566967011,0.020705553974764732,0.4787096595764161,0.015403011486751458,0.47225805044174196,0.025563368656065164,0.48129030585289,0.022626679318908542,0.4799999833106995,0.026047261206718204,0.4864515936374665,0.028343069997410597,0.4812903034687043,0.03609444826786632,0.47999998092651364,0.017431301847655144,0.4683870780467988,0.02481984981740279,0.47096772551536564,0.009123958195008624,0.4670967590808869,0.01967477370535944,0.47741933941841125,0.004561981204850628,0.4864515936374665,0.022626678214217554,0.4967741739749908,0.012903224676847718
gelu,0.2290988393213,540,159,0.0001181896831,7,1,max,classification_ozone,d210ebb2d1b41a5b817320a0e4080cee,55,0.4954838526248932,0.018474605399660334,0.504516110420227,0.022067909750322263,0.5058064341545105,0.03212877064263093,0.5032257902622223,0.03193385277938151,0.47612901687622067,0.02970545403368079,0.4735483717918396,0.029068077196089316,0.4890322411060334,0.025563370009922055,0.4877419185638428,0.022162016237577752,0.49032256245613093,0.026206572883602838,0.4890322411060334,0.031075080187280613,0.48516127347946175,0.010601082711826176,0.4709677255153656,0.019885208285852586,0.4722580480575561,0.025153019360527905,0.46967740297317506,0.022991653276052893,0.469677402973175,0.030738399837046085,0.4696774017810822,0.03073840008725203,0.4683870792388916,0.031141984720484173,0.4619354665279388,0.029068079312754333,0.46193546533584595,0.027973526944265487,0.46064514279365537,0.02308199200430802
gelu,0.1797055888673,413,197,0.000447246457,6,4,max,classification_ozone,cabc57605c87dc9cf4e6ccd5bb56f534,56,0.4929032099246979,0.017431298428251436,0.5006451439857484,0.009784355316594167,0.5070967602729797,0.01913857838071745,0.4980645012855531,0.01060108144222767,0.47612901687622067,0.03456282727679761,0.4864515960216522,0.008655747640249394,0.49032256245613093,0.018247912702167246,0.4851612722873687,0.032706559416953426,0.46967740058898927,0.036892843452713105,0.47483868956565856,0.0212021656050229,0.47870965838432306,0.019029519424137768,0.47225804686546324,0.021591221662314374,0.4722580456733703,0.016699580724359016,0.4683870780467988,0.024396989162026116,0.4851612710952759,0.01471193909296116,0.4709677243232727,0.03289689735387658,0.46064514398574835,0.04120959429590769,0.4748386907577514,0.032128769924496814,0.4748386907577514,0.032128769924496814,0.47354836702346803,0.017431295450061345
gelu,0.139441805406,390,126,1.89929737e-05,5,1,max,classification_ozone,a92108f57b61ea668a4c044a728a5259,57,0.508387085199356,0.027899028419521337,0.508387085199356,0.027899028419521337,0.5058064365386963,0.026047259435110503,0.5058064353466034,0.026047261797254022,0.5083870792388916,0.028269548336153253,0.5083870780467987,0.030053711065453525,0.5109677243232726,0.03206392933903585,0.509677402973175,0.030940846372550745,0.5109677255153656,0.03005371324065434,0.5109677255153656,0.03005371324065434,0.5045161128044129,0.03632435047782505,0.5070967578887939,0.035218949899478706,0.5096774029731751,0.03761904106176325,0.5070967555046082,0.04171155322575512,0.5096774005889892,0.043278729315908586,0.5019354665279389,0.035454529178752366,0.4993548226356507,0.035804994335774096,0.5006451439857483,0.03805904187945549,0.501935465335846,0.03772952037743967,0.5045161128044129,0.042404325134111846
relu,0.0032817955113,503,149,0.0001906816457,8,5,max,classification_ozone,eead71d2c77c5408cace2de6f74ef06f,58,0.5187096607685089,0.023528488144643006,0.48387095093727106,0.012903222441674023,0.4877419185638428,0.03521894951732308,0.4890322422981262,0.027142816789233783,0.48774192094802854,0.02834307352497354,0.4929032099246979,0.023528495907970886,0.4954838538169861,0.022067917156192503,0.4903225600719453,0.038977560082344896,0.4838709533214569,0.041561609407742714,0.47483869671821594,0.02120216487953811,0.4761290192604065,0.04408864908744293,0.47225805044174196,0.0348625991728728,0.47999998450279235,0.02721938575374786,0.48645159721374515,0.008655742753314615,0.48387094616889953,0.02139757775634467,0.48774191617965695,0.03012288285898305,0.48258062720298767,0.031737737604968015,0.49032256722450257,0.03592106361694864,0.4929032099246978,0.03521894957191691,0.4941935300827026,0.02070555564625612
relu,0.2525581612086,872,84,0.0003896528091,4,2,max,classification_ozone,e43ec7854e840d893ab8dad19c4b2527,59,0.49806450247764583,0.0190295264968915,0.48387095570564276,0.045391120597962124,0.4890322411060334,0.03545452944990652,0.49032256245613104,0.027749432053851848,0.49161288619041443,0.02299164817478601,0.49677417993545536,0.023261619198924728,0.47999998450279235,0.02308199025500715,0.4709677278995514,0.02620657508465045,0.469677402973175,0.030053713368606183,0.46193546772003174,0.03778464274009206,0.46967740774154665,0.03574682665065194,0.4658064389228821,0.031075083033470965,0.4619354701042176,0.033086144284574154,0.4683870828151703,0.030806029090084418,0.4670967614650726,0.029775435138033178,0.4645161139965057,0.02774943343963143,0.46451611638069146,0.019885205385108025,0.47612901568412774,0.02636492316713637,0.47741933941841125,0.028121928513618156,0.4735483717918395,0.02604726142816908
gelu,0.2164181375777,739,236,5.49356716e-05,2,2,mean,classification_ozone,e31fac448e95f6a3b24ed3155156db98,60,0.49548385500907893,0.030053715351876526,0.49032256603240965,0.025806450843811054,0.4916128885746002,0.027899029246530763,0.5019354665279387,0.020604797987787162,0.5032257878780365,0.012069855806266225,0.48387094974517825,0.0164484460468164,0.47612901568412785,0.014711938962270663,0.4787096631526947,0.01669958256654188,0.4774193382263183,0.011174520145808872,0.4903225648403168,0.020905616832418043,0.4787096607685089,0.01847460331817599,0.4735483694076539,0.02604725803258776,0.47096772551536564,0.012903223186731564,0.46193546891212456,0.019138575467272913,0.4593548238277435,0.01060108343731054,0.46709675908088677,0.0057704968348770815,0.4735483717918396,0.007355969481135026,0.48129030704498293,0.00978435570961534,0.476129013299942,0.021103771982614965,0.46838708043098454,0.0216873993646378
relu,0.1191909104096,669,148,1.40527422e-05,8,1,max,classification_ozone,6bff533a0f5c62d8fbb7f0e6db8a259d,61,0.4774193406105042,0.034742997720284434,0.4761290180683136,0.034862595312255724,0.4774193406105042,0.034742997720284434,0.4774193406105042,0.034742997720284434,0.4761290180683136,0.03456282538537686,0.474838695526123,0.03462298700686098,0.47999998450279235,0.03750823448877598,0.4825806295871734,0.040905461563988374,0.48129030823707575,0.03913742048033162,0.48129030823707575,0.03913742048033162,0.48258063077926633,0.03660970460987764,0.48258063077926633,0.03660970460987764,0.483870952129364,0.03734140747862024,0.48516127467155457,0.03827715138663181,0.4890322422981262,0.04289230803956178,0.4929032099246978,0.040956308486797766,0.4916128861904145,0.041411112267545645,0.4877419185638428,0.039137420283821056,0.48903223991394035,0.04039348398453768,0.4877419173717499,0.038870630916072756
relu,0.1914890938865,700,150,0.0003419270949,3,6,max,classification_ozone,82e001e57d6287b555795f3fd5395ad4,62,0.5058064353466034,0.02834307399983791,0.48129030823707586,0.0117199365052896,0.4838709521293641,0.022809894223114753,0.48258063077926633,0.019568710240165824,0.483870952129364,0.017069363351695396,0.4812903034687042,0.03694921204821122,0.49548385143280027,0.02970545383950125,0.4877419209480286,0.021202162884455308,0.4864515948295593,0.016823748326792672,0.48129030704498293,0.02019674270626915,0.47612901806831365,0.018474607272996192,0.47612901568412785,0.02009343149264269,0.4748386931419374,0.02481984857792331,0.48387095093727117,0.021878480528035964,0.4709677278995514,0.0176684690703794,0.47612901568412785,0.027899030831632962,0.4774193406105042,0.025400026913997835,0.48129030466079714,0.02942387968887819,0.4825806283950806,0.008411875649123287,0.48129030585288995,0.005770496501677217
relu,0.2782097876834,476,108,0.0003771362093,3,3,mean,classification_ozone,9289a894fce3a137aaaab1b006a7b3a0,63,0.49161288261413577,0.024735851646049127,0.4877419185638427,0.021202163428569024,0.5006451439857483,0.03609445114441462,0.4980644953250885,0.034260427879258426,0.4799999856948852,0.02797352818147603,0.4929032075405121,0.02644373883416596,0.4929032039642334,0.026834359430960984,0.5019354701042176,0.01240992343682056,0.4877419197559357,0.026834363443460987,0.4748386943340302,0.007355968435600219,0.48129030466079714,0.016823744098184778,0.49032256245613104,0.021878484043326683,0.48516127109527585,0.04264901086822251,0.4696774017810822,0.020093428526267925,0.4632257866859436,0.024311534368881123,0.45290320873260503,0.02299164909468636,0.4632257878780365,0.02009343465039541,0.4658064317703247,0.025153016914404795,0.4683870792388916,0.029775430359528312,0.4645161128044129,0.026600677771585802
relu,0.1174403111393,658,169,1.52164599e-05,7,4,mean,classification_ozone,7bfad6576428f2215c24ba1eff8205ab,64,0.5199999856948853,0.009784355513105567,0.5122580492496491,0.017431299310678466,0.5187096607685089,0.007355970788053318,0.5122580468654633,0.018018370938589896,0.5032257878780365,0.02580644935369509,0.4851612722873687,0.022067908007764408,0.47741933822631843,0.017668467982152724,0.47096772670745846,0.006451611220837015,0.47225804924964904,0.024735854832999338,0.4683870816230774,0.016193421523035337,0.4735483705997467,0.0035336959905331532,0.4774193370342255,0.015130365343213404,0.4735483705997467,0.0035336905493975643,0.47483869194984435,0.0073559700039038415,0.4683870828151703,0.014852727858284957,0.4567741787433624,0.023879682143685934,0.4632257902622222,0.031075078640438163,0.4645161139965057,0.028121926120625213,0.4658064353466034,0.031075078887932702,0.4606451463699341,0.027973524538577526
gelu,0.2753735811045,561,165,0.0007412293891,4,5,max,classification_ozone,48143a49888cf3d8a10d7967006d1bec,65,0.49161288619041443,0.01669958279681453,0.4903225648403168,0.01020089348908792,0.4890322422981262,0.021103775900274423,0.49161288619041443,0.04039348350853751,0.4941935288906098,0.03778464126438229,0.4774193406105042,0.034442187999818755,0.4735483717918396,0.041960289041719445,0.45935482144355777,0.03574682240144389,0.46709675788879396,0.029423879688878208,0.48129030585289,0.024819847028574225,0.4838709521293641,0.03383254276522545,0.4761290168762208,0.027142816789233463,0.4916128873825073,0.021103775171407956,0.48129030466079714,0.02523561909968306,0.4735483717918396,0.02942388119183422,0.47483869194984435,0.03308614190194703,0.47483869194984435,0.02604725973037833,0.47741933822631843,0.03127534991286201,0.4722580480575561,0.030053712664865315,0.4645161139965057,0.03289689735387653
gelu,0.0405007190354,328,196,6.95632805e-05,3,4,mean,classification_ozone,1a6a24e86a89aedd687d24ce7e208207,66,0.5045161116123199,0.0225345116050864,0.5058064341545105,0.023081988339106876,0.5174193358421325,0.017311492170630886,0.4993548178672791,0.013378345268518055,0.4722580468654633,0.017902494214384987,0.4709677278995514,0.00790158201329437,0.46709676027297975,0.018586915950438262,0.4722580456733704,0.01606438298738025,0.4722580480575561,0.009569286477841707,0.483870952129364,0.023704737523157948,0.49290320873260496,0.018586913778085624,0.4735483717918396,0.007355970788053345,0.4812903022766113,0.02216201268050332,0.4696774017810821,0.014711936217741103,0.4632257890701294,0.028269545887642657,0.46064514517784116,0.020705553324739594,0.4658064353466034,0.020093430918505222,0.4735483682155609,0.02644373861603519,0.4658064365386963,0.028635273922013704,0.4683870816230774,0.025235620547314163
gelu,0.0711371419692,269,161,0.0005539003665,5,1,mean,classification_ozone,bce679b25ee77c1f5d485cf98e2ed7fb,67,0.5096774017810821,0.032896902906357134,0.4954838538169861,0.03632435561225468,0.4929032063484192,0.022162012506987232,0.4838709497451782,0.02885248650678344,0.4683870816230774,0.025644652793933305,0.48645159840583807,0.03046637594829193,0.48129030466079714,0.03778464365605009,0.483870952129364,0.018809520147552293,0.4967741727828979,0.014426241920591687,0.49161288261413577,0.020093426421099136,0.47612901449203493,0.029705451315167507,0.4709677255153656,0.02370473630648357,0.4658064353466034,0.013986761959986388,0.4696774053573608,0.011540995668953667,0.4903225612640381,0.03734140310192188,0.48387095093727106,0.04156160478152473,0.4851612722873687,0.029705452998056627,0.47483869194984435,0.035513181636206266,0.4954838502407074,0.018474607272996168,0.4774193370342255,0.04131047469471017
gelu,0.0439588419468,864,113,4.19759388e-05,7,4,mean,classification_ozone,ac9b3f911e179c82ebfb9649c4a58bbf,68,0.509677402973175,0.04131047609101224,0.500645147562027,0.02870786539436466,0.49032256722450257,0.024139724754791467,0.5006451451778411,0.03180324481033947,0.48903223514556887,0.013221870544093035,0.4851612699031831,0.03333679788466179,0.4787096560001373,0.031075077588585014,0.4632257890701294,0.02596723966279021,0.4709677255153656,0.01988520586856518,0.4941935276985168,0.01858691595043824,0.4722580480575561,0.019568707489016148,0.4645161128044128,0.016448448969174374,0.4567741787433624,0.010601079447145056,0.455483855009079,0.02070555722488507,0.476129013299942,0.016699583257360144,0.4761290121078492,0.02515301118130403,0.47741933822631843,0.017668464717471882,0.46967740416526793,0.02515301683796359,0.4761290180683136,0.016699586020634614,0.4799999856948852,0.013378349580103997
gelu,0.2718023702208,291,249,9.9866305e-05,5,3,mean,classification_ozone,4ebae5f07e78cd69f2e3ae576354d22f,69,0.4980645000934601,0.013221871707455122,0.501935465335846,0.026756700022524175,0.48645159959793094,0.005770500500079106,0.48774192094802854,0.025235620318740954,0.48774192094802854,0.01682375049823919,0.49806450366973876,0.025967243809280692,0.4864516007900238,0.023528495826250596,0.48774192333221433,0.023966678629543523,0.49161288619041443,0.028269551328778696,0.48516127347946164,0.015403011986064894,0.4877419197559356,0.02352849476390099,0.49806449770927436,0.01669958636604469,0.47612901449203493,0.020604797894471588,0.46967740297317506,0.017311492170630355,0.48387095451354983,0.01988520828585294,0.48645159840583807,0.036666508171723025,0.48387095093727106,0.017668472879174637,0.47999998450279235,0.020196745467070152,0.46838708162307735,0.02120216587707979,0.47741934061050423,0.016448451307061022
relu,0.1167976182012,749,217,3.44537031e-05,4,5,max,classification_ozone,0e6cf7d48e6bfde7f0b87387ff2e41a6,70,0.4916128861904145,0.013986761959987647,0.503225793838501,0.03950790227974999,0.5122580492496491,0.030466376263841504,0.5045161139965058,0.017902497651187906,0.5045161092281342,0.012409925450974977,0.5006451427936554,0.018586914812539403,0.4993548202514648,0.022626678894027273,0.49677417397499085,0.024567006156172886,0.5032257878780365,0.016448448969175435,0.4916128849983215,0.011540992836752945,0.4929032075405121,0.01743129500884771,0.4941935300827026,0.03212876765040574,0.4851612758636475,0.027899029246530746,0.4890322422981262,0.025153018366790417,0.48645159721374515,0.02564465459335435,0.4877419197559357,0.028343075085241913,0.48516127467155457,0.027142818701847,0.4980644989013673,0.04264901686421414,0.4916128885746002,0.04264901880276785,0.48645159721374515,0.02906807884973356
relu,0.0829439224636,792,124,0.000220562002,2,5,max,classification_ozone,05179a0b5c571482814a9e4b2eb4ab1d,71,0.5161290144920349,0.023261624984898314,0.49032256603240965,0.025806450098753313,0.4864515995979309,0.03245103670416508,0.4929032099246979,0.00978435354799757,0.48129030823707575,0.02216201484945115,0.4761290192604065,0.031408161977218255,0.46967740416526793,0.03333680272943836,0.4645161128044128,0.015803158551551885,0.4812903094291687,0.02797352556958684,0.48516127347946164,0.022991653192426357,0.4787096631526947,0.02970545442204004,0.4877419185638428,0.019138574764028627,0.47354837298393243,0.031141981386482578,0.4825806295871734,0.030053712792818477,0.48258063077926633,0.025153015385578223,0.49032256603240965,0.03761904387284388,0.4929032099246979,0.03114197965774062,0.4903225648403168,0.03127535022025006,0.48516127467155457,0.03395534567276368,0.4877419185638428,0.027973521033147337
relu,0.2710359203079,577,121,6.29544573e-05,3,4,mean,classification_ozone,e524d2c6c22f73333fece659ca071764,72,0.5045161104202271,0.04090546128196339,0.47096772551536564,0.026989027322784284,0.4877419221401215,0.029775438625050377,0.48258063077926633,0.010601085069651038,0.469677404165268,0.026364921781512014,0.48516127467155457,0.033336797365578624,0.48387095093727117,0.03734140413173396,0.4825806295871734,0.027142813955732915,0.4825806283950806,0.02675669326770491,0.4799999833106995,0.026443740506500932,0.4980645000934601,0.02387968472024437,0.5019354653358459,0.024311540458592566,0.4825806260108948,0.010601079809888265,0.476129013299942,0.022991652690661953,0.47096772432327266,0.026206573617285706,0.46967740297317506,0.017311495502631762,0.4658064377307892,0.015403014857113092,0.4658064377307892,0.0195687102401658,0.4619354701042176,0.0117199365052896,0.460645147562027,0.010795614704896718
gelu,0.2375986286363,747,148,0.0003786816133,2,2,mean,classification_ozone,57ad81c7208fff26fffa4a3abf35a6a1,73,0.48774192214012146,0.035513185859228684,0.4954838526248932,0.014711940138496,0.504516110420227,0.022991646585867626,0.5083870780467987,0.014711935564283563,0.5045161128044129,0.026756697435572123,0.4916128838062286,0.031075075917995004,0.49032256722450257,0.015130376144803738,0.48774192214012146,0.022162020662231535,0.469677404165268,0.013986761547583264,0.47612901449203493,0.027899027316841827,0.47870965838432317,0.030738393331698418,0.5019354617595673,0.017902494321785024,0.5058064317703247,0.018586912122960736,0.48903223991394046,0.023439867842803094,0.47354837298393254,0.018018373713035562,0.46967740416526793,0.016064387176495203,0.469677402973175,0.022067910621601173,0.46451611638069157,0.01206986456777228,0.4632257902622223,0.009569286678768935,0.46322579145431525,0.017902497543787484
relu,0.2387624839846,380,176,9.4120403e-05,7,4,max,classification_ozone,121c4758852a9c31300477c1768ec290,74,0.4877419221401215,0.023081992337507726,0.4980645012855529,0.027899028557357358,0.49806450366973876,0.038277153747526625,0.49935482382774354,0.02977543623579787,0.48258063197135925,0.008411872906242693,0.4916128885746002,0.012409922507210756,0.4851612782478332,0.0195687080785488,0.4916128885746002,0.021591226738248356,0.4903225684165954,0.020401793575201325,0.4864516007900238,0.009784352368934254,0.4851612782478332,0.01240992142266666,0.48387095451354983,0.01368593588761859,0.48516127467155457,0.01398676182251836,0.49032256603240965,0.012069864567772738,0.49290321230888373,0.016193423304064973,0.49161288976669315,0.016699589935272367,0.48387095451354983,0.02187848272509279,0.4799999868869781,0.030122882603664813,0.48645159959793094,0.02481985028220746,0.48774192214012146,0.022162018059494307
relu,0.1028331485569,749,218,0.000680138841,4,1,max,classification_ozone,c7d860e22dcf7cbf5fc9fc3878975aba,75,0.507096756696701,0.013378347568032503,0.49290321230888373,0.016193419742006575,0.4890322434902191,0.011540995668953667,0.5058064365386963,0.005770501166478354,0.4735483753681183,0.026834366166229306,0.48516127467155457,0.017311490282497163,0.4941935360431671,0.016823753812553136,0.4903225696086883,0.02848955269476198,0.4748386943340302,0.015537542537651692,0.489032244682312,0.02159122860832925,0.48516127467155457,0.027523520200565713,0.4825806295871735,0.032386838415394116,0.4929032111167907,0.016823749355372456,0.4787096631526947,0.017902498725188603,0.48774192214012146,0.024396995072786778,0.4670967614650726,0.036949215742846,0.4774193406105042,0.018247916390016095,0.4838709485530853,0.015803160376563246,0.48774191617965695,0.020705553139018694,0.48387095093727106,0.02234904373289317
relu,0.0773116193272,1011,245,2.11979908e-05,5,2,mean,classification_ozone,d7733b7f55f0ee67ec615579bb8454ea,76,0.5122580468654634,0.0073559700039050255,0.5083870804309845,0.011540996335354903,0.516129012107849,0.030602686750145807,0.4890322422981262,0.022534514335447717,0.483870952129364,0.017668469614493594,0.483870952129364,0.010200899143681373,0.47741933822631843,0.01290322244167403,0.48387094974517825,0.009123962409694443,0.47096772313117985,0.010200898201249498,0.46709675788879396,0.021687401403739603,0.47225804924964904,0.021103776538033338,0.4670967590808869,0.030466370079068463,0.46709676027297975,0.0180183769143182,0.48516127347946164,0.03574682019615864,0.47612901568412785,0.02299164951282306,0.48129030823707586,0.021687400605829906,0.4722580480575562,0.03238683710930645,0.47870966076850896,0.032706559652102396,0.47612901568412785,0.030053711129430314,0.47612901687622067,0.018474605607809166
relu,0.2862337785099,282,97,0.0005057588645,8,5,mean,classification_ozone,404b14ba2d25e2209b460d9b948c804d,77,0.4916128849983215,0.03515980694565239,0.5096774053573607,0.018247923765715223,0.5109677243232728,0.005397800050231179,0.4864515960216522,0.03245103765216805,0.48129030704498293,0.02168740264493053,0.47741933822631843,0.023704735900924936,0.48645159840583807,0.025644651819247025,0.4851612770557403,0.01240992622564796,0.4941935360431671,0.016823746955352915,0.4954838526248932,0.0028852502500464824,0.4903225612640381,0.009123953980323564,0.48516127467155457,0.03574682525217881,0.48258063197135925,0.0095692862769161,0.4670967590808869,0.019674773705359444,0.47612901687622067,0.024735858952715985,0.45806449890136725,0.022809892958709284,0.4567741775512695,0.027899027730346644,0.46064514398574835,0.036094448214596724,0.46193546891212467,0.03722977077526397,0.46709675788879396,0.03580498961016911
gelu,0.1327613500244,744,171,6.2206373e-05,7,5,max,classification_ozone,9900306921a035ac9bae6852a75a5415,78,0.49677417397499085,0.031275346531599954,0.5058064341545105,0.02070555425334657,0.489032244682312,0.01790250312859347,0.49161288857460017,0.026364924771543532,0.4916128885746002,0.03333679990331856,0.48645159840583807,0.018018374780129832,0.5006451451778411,0.02168740441806198,0.4838709521293641,0.02234904502337138,0.4799999856948853,0.021202165605022916,0.4916128885746002,0.016064386697739533,0.48645159840583807,0.014852731741875553,0.48387095451354983,0.009123962409693273,0.48129030823707575,0.018018376380771143,0.4877419197559357,0.01079561434869286,0.4864515995979309,0.009784358657276037,0.4851612770557404,0.015403014732285161,0.47999998450279235,0.022162016758125177,0.4825806295871735,0.017902498080788098,0.4864515960216522,0.019674773412182527,0.4877419197559357,0.020705556482000616
gelu,0.2108560110309,373,126,1.76305359e-05,2,2,max,classification_ozone,6768b111ab9b9d0f5fc4ddc11dde56e3,79,0.5032257902622223,0.034138723887335694,0.5006451451778412,0.03080602709283313,0.5006451451778412,0.03080602709283313,0.49935482144355775,0.030122881071755033,0.4993548226356507,0.030122881582391497,0.49677417516708366,0.030260744664954823,0.5019354677200317,0.022991651268997357,0.5006451439857483,0.022162017538946907,0.49935482144355775,0.024396993260153724,0.5006451439857483,0.02604726246160732,0.5083870792388916,0.03238683924654148,0.5083870792388916,0.03238683924654148,0.4980645012855529,0.026756699878805103,0.4980645012855529,0.026756699878805103,0.4980645024776459,0.030053715671759157,0.49935482382774354,0.033086145737395586,0.5019354689121247,0.02863527956223659,0.5019354689121247,0.02863527956223659,0.5006451463699341,0.02683436752761345,0.498064501285553,0.02473585825314143
relu,0.2498725826756,438,152,0.0001037493672,3,1,mean,classification_ozone,a0bdc779f07199d5c835b3e83a642e13,80,0.512258048057556,0.023966676463464634,0.5045161139965058,0.019029523061554122,0.48129030585289,0.020196741087868727,0.47225805044174196,0.010601081442227659,0.4696774053573608,0.023439873010579215,0.460645147562027,0.014852727858284957,0.46451611518859864,0.018247916390016074,0.46967740416526793,0.018474605607808697,0.4709677243232727,0.014426241920591441,0.4696774017810822,0.016699582796814515,0.4670967590808869,0.01967477028496119,0.4658064377307892,0.018474603110027205,0.469677402973175,0.022991650767233827,0.46967740297317506,0.018474611227817534,0.4696774053573608,0.01060108416279551,0.46451611161232,0.017668467982154247,0.46709675669670103,0.012576505552432124,0.48387094974517825,0.02413971639153575,0.4735483705997467,0.031141978855109262,0.4774193370342255,0.026989029816225477
relu,0.1265442860418,859,76,4.75109652e-05,7,5,mean,classification_ozone,6a93e438c1ffe37da4eefa9eb2e49881,81,0.48645159721374504,0.02439699507278677,0.4851612722873687,0.03333679949958733,0.48258062720298767,0.028635278689344835,0.5006451463699341,0.027219390203959245,0.5083870792388916,0.020093442018486694,0.4941935300827027,0.03245103468965799,0.5006451439857483,0.04018686509045299,0.47999998092651364,0.03339916674499313,0.4825806272029876,0.027899025249317897,0.49548385262489314,0.033336799441911154,0.4838709485530853,0.03127535175718727,0.4838709497451782,0.026206575451491517,0.47096772432327266,0.024567004590878027,0.48387094736099245,0.029210913334992997,0.4825806260108948,0.03908420383893951,0.47741933465003966,0.029210915967885817,0.4709677219390869,0.028489546283309724,0.4748386907577514,0.018586913571194737,0.476129013299942,0.03632435100714729,0.4658064377307892,0.021591227628762998
gelu,0.1530923626911,311,245,2.04805041e-05,2,4,mean,classification_ozone,1016c0bd4a2f8d637e491ffeeb29edc8,82,0.5199999809265137,0.016823741812450877,0.4967741763591766,0.009123958195009598,0.4735483717918396,0.01337834914894494,0.4696774053573608,0.029353066997838108,0.4812903070449829,0.03046637171992682,0.48258063077926633,0.03270655865271779,0.4890322434902191,0.028635277883598532,0.49161288619041443,0.033336798288392824,0.4825806283950806,0.027523517545970964,0.4825806260108948,0.025563368355207804,0.47741933822631843,0.021878482285681185,0.4658064365386963,0.018474605295585998,0.4606451463699341,0.016193417248564723,0.46193546891212456,0.017431295229454323,0.47483869194984435,0.020705553324739587,0.4812903034687042,0.024819847880716166,0.4890322375297546,0.019568706309951993,0.4941935276985168,0.019138575165882365,0.4929032039642334,0.011719931911711704,0.4851612710952759,0.018474603005953154
relu,0.0564403165101,871,121,0.0002445320153,7,5,max,classification_ozone,2eddca12dd3529c571efa30689b74f4e,83,0.4967741763591767,0.02040179027668889,0.5096774017810821,0.01644845130706078,0.5070967555046082,0.029775431005272256,0.49548385143280027,0.026364923750558066,0.48387094736099245,0.03225805908441568,0.4670967555046081,0.01858691781245502,0.47870966076850896,0.013986757148611249,0.47999998092651364,0.029423877663154914,0.4864515960216522,0.035804994443174254,0.4903225612640381,0.017069359972429976,0.4825806260108948,0.01790249561058571,0.46451610922813413,0.03193384976889255,0.46064514398574835,0.02019674013586839,0.4787096560001373,0.02009342986592099,0.4709677243232727,0.015803157943213922,0.46322578907012935,0.016699583948178824,0.4683870792388916,0.020196737565467648,0.4683870780467988,0.02759902622881167,0.47483869075775154,0.024396989950127627,0.4787096607685089,0.025153011716393444
relu,0.0596451176277,948,182,2.03004611e-05,3,4,mean,classification_ozone,7e8556732cb8ea651d1badcb0c4b48b0,84,0.501935464143753,0.022067910011706264,0.4774193358421326,0.026206573617285296,0.4825806283950806,0.026364922802498744,0.48129030704498293,0.03339916875988031,0.49161288261413577,0.04191065679272682,0.5070967543125153,0.027599026925477367,0.4890322363376617,0.043614040290420444,0.47096772313117985,0.01880951759202528,0.4748386907577514,0.023081984840505873,0.46709675788879396,0.021687396970910714,0.4722580480575561,0.016699585099543054,0.4658064365386963,0.019029524172986534,0.46322579264640806,0.019568710240165807,0.46838708043098454,0.031141980830814504,0.47612901449203493,0.031075079197301268,0.46967740058898927,0.04090545930778468,0.4683870792388916,0.036666505759559716,0.47741933465003966,0.04629902578407756,0.4761290121078491,0.04337479389749267,0.45419353485107417,0.026047261649620273
relu,0.1492443890842,1010,253,0.0002115215324,8,5,max,classification_ozone,5fb0d03b65ca576a33332066feeb1f1b,85,0.5019354677200318,0.03073840083786981,0.5045161139965058,0.013221870834932864,0.49935482382774354,0.016823747641071675,0.5006451463699342,0.009784359050296905,0.47870966196060183,0.018474607377070604,0.47483869194984435,0.027599027413143618,0.4709677255153656,0.018809519125341057,0.476129013299942,0.015403010612954406,0.47096772670745846,0.024567008504114692,0.4825806295871734,0.023439870877846245,0.4774193382263183,0.031606315886427344,0.4748386943340302,0.03401658152839144,0.47096772670745846,0.007901580796619253,0.4554838538169861,0.02352849116825439,0.4567741787433624,0.02714281572667032,0.4554838562011718,0.026047261132901147,0.48387094974517825,0.012069858195768191,0.48516127467155457,0.010601079809887424,0.48258063077926644,0.009569288085259003,0.4709677290916443,0.026989033734490204
gelu,0.1767759312667,363,145,2.46405613e-05,8,5,mean,classification_ozone,71fbcfce25ac99eecf074d5caec034a6,86,0.49290321230888373,0.033709289295666585,0.5006451439857483,0.033399169220426614,0.4877419197559357,0.026834364876496965,0.48387095093727106,3.264680835394506e-09,0.46967740416526793,0.014711939746420362,0.4877419185638428,0.027599028249142496,0.4929032111167908,0.026834367169355153,0.49032256484031683,0.0332117082740337,0.4812903070449829,0.029068075277862128,0.49161288857460017,0.02675669772301144,0.4877419197559357,0.0256446527939333,0.4903225648403168,0.021878482725092786,0.48645159721374504,0.02070555499623093,0.48129030466079714,0.018586912226405274,0.4722580480575561,0.022067908356275978,0.4735483705997467,0.023528490351061963,0.47483869194984435,0.021687397414193604,0.47870966315269464,0.017902499799191195,0.4812903094291687,0.014852728117192427,0.47096772670745846,0.01513037042631501
relu,0.280385293161,820,119,0.000708010755,4,6,max,classification_ozone,6c7317478d898cf0a231da9c85315d55,87,0.5070967602729798,0.014852728764456275,0.49290320873260496,0.01485272967062744,0.48516127467155457,0.01847460685669948,0.4929032099246978,0.028343077052536903,0.49548385500907893,0.012409924676301243,0.47612901568412774,0.012409918323968204,0.4748386931419373,0.010795615773514636,0.4761290192604065,0.011540996668554208,0.47096772551536564,0.011174522726766372,0.4799999856948852,0.021202162884455325,0.46451611518859864,0.01290322542190621,0.4658064377307892,0.01240992483123441,0.4658064353466034,0.016699587402271263,0.4735483705997467,0.017431295339757777,0.47354836940765377,0.018586914502204243,0.47096772432327266,0.01935483763615409,0.4683870816230774,0.016823746841066117,0.4670967614650726,0.03147435061137283,0.4683870828151703,0.032451034452657006,0.4696774053573609,0.03333680019169814
relu,0.0858190569838,608,228,0.0001505009563,6,1,mean,classification_ozone,ad12cadefada6b5ce48b513c4e443fe1,88,0.49548385500907904,0.020093434459016395,0.5135483682155609,0.03609444997248811,0.5174193429946898,0.021591232704698583,0.4941935360431671,0.03580500088718134,0.48774192214012146,0.02070555592483702,0.47225804924964904,0.022991649345568296,0.46967740297317506,0.007067387084039027,0.49548385620117197,0.025563373168923764,0.4825806272029876,0.02299164315714571,0.46967740416526793,0.03364749665358398,0.47999998211860656,0.023528491331693255,0.4916128838062286,0.030397978143153738,0.4864515936374664,0.020196741278269165,0.47999998211860656,0.022626680168671053,0.47096772551536564,0.019885204901650137,0.46709675788879396,0.014852725139771737,0.4658064377307892,0.022991650098214546,0.4606451463699341,0.01079560882750017,0.4774193406105042,0.02040178886304027,0.47096772670745857,0.011174523587085797
relu,0.2467590256975,436,97,0.0001135375812,6,6,max,classification_ozone,affb9b7189fc2581e27353310fdd82fe,89,0.48645159721374515,0.02797352453857754,0.4916128873825073,0.029353065098234588,0.46967740416526793,0.016064383585824824,0.47354837298393254,0.019674774487164596,0.47741933941841125,0.028489549657758368,0.4877419185638428,0.01743129776643151,0.4903225648403168,0.0164484495536459,0.48129030823707586,0.009784355120082909,0.4799999868869782,0.0057704988340776375,0.4812903094291688,0.007355970788053337,0.4748386955261231,0.014852727858284958,0.47354837298393254,0.017431297656127845,0.4774193406105042,0.006451612710952764,0.4799999856948853,0.0073559702652855555,0.4799999833106995,0.003533690549397534,0.47999998211860656,0.007355967912834193,0.4825806283950806,0.011540997834754537,0.48129030585289,0.009784357281700858,0.47870966196060183,0.008411876334844116,0.4812903070449829,0.011719940278586919
relu,0.1000631068191,447,124,4.32539798e-05,5,1,mean,classification_ozone,efe4a32bc9888c6683d5ab3af0d50460,90,0.48516127347946164,0.02515301477404728,0.4774193406105042,0.027371873180129472,0.46838708043098454,0.025235618871109308,0.47096772551536564,0.027371871775234285,0.4812903094291687,0.02977543636494706,0.4825806283950806,0.02789902773034665,0.4567741787433624,0.01606438657805018,0.4606451463699341,0.018586915122875452,0.467096757888794,0.01913857355846427,0.47870966315269464,0.028269553233175225,0.4929032111167908,0.015537545260095622,0.4877419197559357,0.02523562283304825,0.47225804686546324,0.03173773554518553,0.4748386931419373,0.024819847415911516,0.4748386943340302,0.02262668118838753,0.4735483705997467,0.020705553789043533,0.4748386931419373,0.021687399364637802,0.4748386943340301,0.021687399985234102,0.4722580468654633,0.028269545615585888,0.47741933941841125,0.021878480967447204
gelu,0.0242261924381,396,252,0.000118051963,3,2,mean,classification_ozone,897266dff2f75631cddbf4ab54d41f28,91,0.5019354712963104,0.0215912304784099,0.5019354701042176,0.02110377972682605,0.5096774053573607,0.02187848799802831,0.48516127347946164,0.025153014009633757,0.48645159840583807,0.01967477399853673,0.4851612758636475,0.012409924056559893,0.48645159840583807,0.026047267185894868,0.4761290192604065,0.024735858719525942,0.48516127467155457,0.019568709847144608,0.49032256603240965,0.016448450722590522,0.49419353127479554,0.03245103362315566,0.49677418231964116,0.018247920604701734,0.47612901806831365,0.01398676443440812,0.48903224587440486,0.02343987973689179,0.47354837298393254,0.02439699727947025,0.46193546772003174,0.010795617554544262,0.4606451463699341,0.024819857564147434,0.4516128885746002,0.010200897258816666,0.45419353365898135,0.018586918743463736,0.47483869075775154,0.016823751298246092
relu,0.0240489578473,780,223,3.52592535e-05,2,5,max,classification_ozone,96ae9c7456ee2deddbe9f92698c2d17f,92,0.5148386895656586,0.015403012485378759,0.5070967519283295,0.02834306931903298,0.49806449770927425,0.026756698297890225,0.5122580432891846,0.02019674194466963,0.4890322375297547,0.013986761685050898,0.48129030585289,0.02977543436314061,0.48258063077926644,0.02387968383455157,0.46967740416526793,0.021103774078107103,0.46193546891212467,0.020196739850268174,0.4761290168762208,0.02556337271763618,0.4941935300827026,0.016193421048094306,0.49290320873260496,0.03940239992430137,0.48516127467155457,0.020093429387473914,0.4877419197559356,0.015537537587756214,0.4890322411060334,0.014711938962270642,0.4941935300827026,0.00978435099335889,0.48903223991394046,0.012409919718382179,0.4838709497451782,0.01368593237537989,0.48129030585289,0.02308198683970624,0.48129030585288995,0.019674770187235582
relu,0.2869933605615,471,80,0.0007567817671,7,1,mean,classification_ozone,30ac30aed56279295d1c90516660c140,93,0.4941935348510742,0.020705558246351508,0.49548385500907893,0.016699584178451583,0.4864515960216522,0.023081991671107634,0.49032256245613104,0.02187848052803637,0.4838709497451782,0.0362095836143095,0.4877419173717499,0.013378345124797516,0.49935482025146494,0.009784352368934247,0.49290320634841917,0.019674770871315327,0.460645147562027,0.02352849492733928,0.48129030823707575,0.018018372645941184,0.47870966196060183,0.02935306378816326,0.4774193382263183,0.02090561683241774,0.47096772432327266,0.015803157334877083,0.48645159602165233,0.023528491985446782,0.4825806272029876,0.017311490948896568,0.4799999785423279,0.020705555924836996,0.4748386883735657,0.024819847958183993,0.479999977350235,0.027599030199807518,0.4774193358421326,0.02326161795907269,0.46451611042022706,0.03533693433196464
relu,0.1925795693028,435,150,0.0004743259719,3,3,mean,classification_ozone,7680829d67bc500f46891a8a937e6a42,94,0.5148386919498444,0.02110377535362475,0.4967741775512695,0.026989031597254923,0.48129030823707575,0.009784355120082902,0.48129030585289,0.0073559679128329895,0.48903223872184753,0.013986760447840191,0.5019354665279389,0.013986765534151237,0.4877419197559357,0.020705554160485036,0.47870966076850896,0.012409925141103914,0.48387095093727106,0.03734140413173322,0.4812903022766113,0.020705556203418636,0.4683870816230774,0.02942387864334345,0.4606451439857483,0.036381602215864235,0.46709675788879396,0.027973525707054456,0.4916128838062287,0.008411874734829704,0.49032256245613093,0.01442624192059146,0.49032256245613104,0.025400022750609128,0.49290320873260496,0.019138576070054664,0.474838695526123,0.01967477839619126,0.48516127347946164,0.02110377435143233,0.48129030823707575,0.03046637216169616
gelu,0.2121308279904,970,256,2.35712321e-05,6,4,max,classification_ozone,b044a5b56829b22835520b1cc60bffc6,95,0.5032257902622224,0.022809894223114753,0.5096774017810821,0.03504122332877973,0.4761290180683136,0.025563370536421774,0.4619354701042176,0.024819849662467388,0.478709659576416,0.025563371514207563,0.48387095093727106,0.018809522703080495,0.4825806295871734,0.021103775444732614,0.48129030704498293,0.022162016411093517,0.48516127347946175,0.019568708471569767,0.48516127467155457,0.01669958440872443,0.4877419197559357,0.018586914709093943,0.48129030704498293,0.020705554624788087,0.47999998450279235,0.019138574864491248,0.4799999845027923,0.019674773216731105,0.4838709521293641,0.017668467982152648,0.4877419185638427,0.01485272798773833,0.48387095093727106,0.012903226166963978,0.4825806295871734,0.01471193974642038,0.48645159721374504,0.01682374615534486,0.48516127467155457,0.017311491948496842
relu,0.0690156243096,524,172,0.0001642797898,3,6,mean,classification_ozone,98a50ba877f7aad6c484f662eb5204d9,96,0.4967741763591766,0.01644844896917491,0.4877419197559357,0.016823749698232714,0.49032256364822385,0.018809520658658506,0.4851612758636475,0.026364922948353724,0.4916128885746002,0.008411874963403718,0.49290320515632635,0.02797352165175264,0.5032257878780365,0.011174521866446753,0.49419352889060975,0.021202162612399156,0.4670967555046081,0.03609445071825943,0.4748386931419373,0.02070555490337044,0.483870952129364,0.013685939399855239,0.4916128885746002,0.035159810883005564,0.4877419185638428,0.013378346849431942,0.4877419185638427,0.014134774712190419,0.47225804686546324,0.008411873363389718,0.4735483717918396,0.009784356495658944,0.45806450247764585,0.02413972435654105,0.4541935324668884,0.04196028478021534,0.4735483682155609,0.032451030779144255,0.4696774017810822,0.02556336843042214
gelu,0.0362947719937,927,166,4.78468557e-05,7,6,mean,classification_ozone,a2d674934586d22deb277d68f6f29a6f,97,0.4929032123088836,0.02262668543719862,0.49032256722450257,0.013685936590064856,0.4954838573932648,0.01731149083782976,0.47741933941841125,0.02040179169033662,0.48387095093727106,0.02040178980547277,0.47354837298393243,0.014134776616587786,0.4825806260108948,0.017311491948498396,0.4967741692066193,0.027749428242957175,0.4993548202514648,0.014134775392332289,0.4993548178672791,0.02168739484315331,0.5070967531204223,0.009784353154979412,0.4877419197559357,0.024396992393242462,0.4774193358421326,0.012903223931790279,0.47999998092651375,0.010795611677146287,0.47096772670745846,0.009123960302350614,0.46451611518859864,0.02620657471780888,0.46967740297317506,0.027523521038857163,0.46193546891212456,0.01967477673485496,0.4735483717918396,0.02564465384359561,0.4774193394184113,0.027749436904081073
relu,0.2825292764422,646,242,1.54607393e-05,4,1,max,classification_ozone,6ee73e1cff4f5286e1fffdad86dcb690,98,0.4954838526248932,0.015403014482628315,0.49677417397499085,0.01644844896917427,0.4954838526248932,0.015403014482628315,0.4929032075405121,0.014134775392332287,0.49419352889060975,0.016193419029594293,0.4954838502407074,0.015403014232971574,0.49161288261413577,0.02387968383455156,0.4864515948295593,0.029775432425908938,0.4877419185638428,0.030466370647058157,0.4916128861904145,0.030738394144867037,0.4941935300827026,0.03114197792899822,0.4890322411060334,0.02935306097151034,0.4903225648403168,0.0288524865067837,0.49806449770927436,0.028635274727760042,0.5006451427936554,0.026443739779399275,0.4941935265064239,0.02834307135416546,0.5006451392173766,0.023528491903727456,0.499354817867279,0.021202160163888175,0.5006451416015625,0.02019674023106878,0.5045161116123198,0.02387968198265114
relu,0.1265442860418,859,76,4.75109652e-05,7,5,mean,classification_ozone,6a93e438c1ffe37da4eefa9eb2e49881,99,0.48645159721374504,0.02439699507278677,0.4851612722873687,0.03333679949958733,0.48258062720298767,0.028635278689344835,0.5006451463699341,0.027219390203959245,0.5083870792388916,0.020093442018486694,0.4941935300827027,0.03245103468965799,0.5006451439857483,0.04018686509045299,0.47999998092651364,0.03339916674499313,0.4825806272029876,0.027899025249317897,0.49548385262489314,0.033336799441911154,0.4838709485530853,0.03127535175718727,0.4838709497451782,0.026206575451491517,0.47096772432327266,0.024567004590878027,0.48387094736099245,0.029210913334992997,0.4825806260108948,0.03908420383893951,0.47741933465003966,0.029210915967885817,0.4709677219390869,0.028489546283309724,0.4748386907577514,0.018586913571194737,0.476129013299942,0.03632435100714729,0.4658064377307892,0.021591227628762998
