activation,dropout_rate,hidden_units,learning_rate,num_layers,weight_decay,dataset,group_id,repeat_idx,val_acc_1,val_acc_std_1,val_acc_2,val_acc_std_2,val_acc_3,val_acc_std_3,val_acc_4,val_acc_std_4,val_acc_5,val_acc_std_5,val_acc_6,val_acc_std_6,val_acc_7,val_acc_std_7,val_acc_8,val_acc_std_8,val_acc_9,val_acc_std_9,val_acc_10,val_acc_std_10,val_acc_11,val_acc_std_11,val_acc_12,val_acc_std_12,val_acc_13,val_acc_std_13,val_acc_14,val_acc_std_14,val_acc_15,val_acc_std_15,val_acc_16,val_acc_std_16,val_acc_17,val_acc_std_17,val_acc_18,val_acc_std_18,val_acc_19,val_acc_std_19,val_acc_20,val_acc_std_20
tanh,0.3633583992103,50,0.0002010646935,1,6.709385e-05,CBF,ed9aaf43df12cd7f3007f4ca68cafa29,0,0.33875,0.06368409583640172,0.6634408652782441,0.02785341160106735,0.7894623684883119,0.018831027526257853,0.8436559176445007,0.021051661669280845,0.8746236562728882,0.018617991209138596,0.893763439655304,0.014770769922459875,0.9053763437271118,0.016847782731482196,0.9165591382980347,0.0130058598133122,0.9253763389587402,0.012690901763121707,0.9322580599784851,0.015034549680213852,0.9372042965888976,0.012461054308791724,0.9412903213500977,0.012012247007835491,0.9473118233680726,0.01209378179275204,0.9511827898025512,0.011318453616112544,0.9546236515045166,0.013243720506741422,0.9578494572639465,0.009689365128730098,0.9602150487899779,0.011070572222853898,0.9640860199928284,0.009930975600423842,0.9660215115547179,0.009930970566573015,0.9690322589874267,0.010012146396118774
gelu,0.1729053303171,24,1.38845551e-05,3,0.0001357952827,CBF,cfeff12c4fac8655fbd00d05d480f736,1,0.3275,0.01918760179126093,0.34731182694435125,0.034509262722452604,0.37204300522804257,0.03180688100009181,0.38516128838062286,0.031964611795730104,0.3954838699102402,0.03480451316698598,0.40817204356193537,0.03542354275541957,0.41892473340034486,0.03264640856570152,0.4288172030448914,0.03673581659820859,0.4361290311813354,0.0343632084368425,0.45032257676124565,0.03722822038821953,0.4589247310161591,0.03370757836223353,0.4701075255870819,0.034754646254274976,0.4784946238994598,0.033428578906538366,0.48408602595329286,0.036649161269402764,0.49311828136444086,0.03594197454291342,0.5053763413429261,0.03886617144824012,0.5178494584560395,0.032919737200034827,0.5255913996696473,0.033835963017093906,0.5326881694793701,0.03518611382223682,0.542580646276474,0.03318210500215889
gelu,0.4877392393243,65,0.0001168172668,4,0.0002461600762,CBF,15773bcefec29eb8b98b2eefcebe6dc3,2,0.340625,0.01976423537605237,0.37612903475761417,0.011210675545797594,0.4567741942405701,0.026033941548299917,0.500645159482956,0.030730871703731275,0.5507526874542237,0.034218218274986244,0.5929032230377198,0.041370611080383035,0.6202150523662567,0.03759906730613381,0.6507526814937592,0.03998352586025595,0.6679569923877716,0.05461900176706126,0.6913978528976441,0.04432794928840673,0.7070967745780944,0.04639632448110191,0.7309677457809448,0.049236280622379947,0.74322580575943,0.03570636360820921,0.7559139752388001,0.03488414361601195,0.773118281364441,0.029827815839840184,0.784301073551178,0.024982366307409628,0.7913978481292723,0.01959233220177822,0.8094623708724976,0.023041882774345154,0.8245161223411561,0.017059203278682007,0.8335483860969545,0.0147707681434512
gelu,0.5270725066208,83,1.6405107e-05,4,0.0005345189815,CBF,91fa57aea9d43fcc7906bb261c09b20a,3,0.340625,0.016535945694153696,0.3395698922872543,0.0192860183299253,0.34817204177379607,0.026210985516622144,0.3548387098312378,0.023789944248732292,0.36107526779174803,0.03132522453452343,0.37118279576301577,0.023004220319786675,0.38559139788150787,0.028220432371066372,0.39419354677200313,0.031501888001540496,0.4036559128761291,0.028515913149184526,0.4144086039066314,0.024349557522711066,0.4197849440574646,0.027187511543205874,0.4292473137378693,0.03046447600886242,0.4408602142333985,0.030241637255225138,0.45182795763015743,0.03561721314878768,0.4552688157558441,0.033640620337018014,0.4636559176445007,0.03253821567535277,0.4722580659389496,0.037444992334341974,0.46946236848831174,0.03374357048822948,0.483655914068222,0.033793218154106464,0.48709676980972283,0.04019693281099112
relu,0.3619822498371,14,0.0002107947679,3,1.07418377e-05,CBF,2073f64d270ad42d5b9aa11774d78dc8,4,0.338125,0.023840288903450798,0.3815053725242614,0.01798304667715184,0.4675268828868866,0.013862214712662404,0.5210752677917481,0.019378715275434027,0.5610752713680267,0.025574675577589964,0.5991397869586944,0.023928054350583667,0.6425806427001953,0.02816917265401,0.671827952861786,0.02756549109412489,0.698494622707367,0.02923663967695749,0.7208602166175841,0.0241947408741747,0.7445161271095276,0.026202166166754748,0.7649462389945985,0.025497702008969968,0.7791397905349731,0.027112982277875276,0.7974193549156189,0.02367545608447159,0.8086021518707275,0.02272102411654549,0.82236558675766,0.02115849392768854,0.8356989216804503,0.023501444475777327,0.8449462389945983,0.021751276652741028,0.8537634468078613,0.018932063398447517,0.8643010783195495,0.018552664314816822
relu,0.5536549140244,104,1.07099908e-05,3,0.0004753660264,CBF,8c1c6950282f0e85bee0e0da7b5e918d,5,0.31625,0.027722818895271086,0.3421505361795426,0.031371321651308945,0.35677419364452356,0.02738665382851189,0.364086023569107,0.021553708026740257,0.3838709670305252,0.025343064021795824,0.39053763329982755,0.03128828717389499,0.4053763419389725,0.024555238135811074,0.42129032015800477,0.029519993928326396,0.4279569846391678,0.028070488610315924,0.4436559104919433,0.023119528438885126,0.4554838693141937,0.030247370263470918,0.46043010950088503,0.026386842852012062,0.4802150523662568,0.028515919835652388,0.4931182777881622,0.026135891210676596,0.5017204248905183,0.020844684643131887,0.5131182789802551,0.02796112422734781,0.5236559116840362,0.026611545799147176,0.5305376362800598,0.02784925305646439,0.5430107522010803,0.027697310620635403,0.5535483849048616,0.030024848001693222
relu,0.3473123598305,63,2.85415706e-05,1,0.001640519068,CBF,5742450bdf7a0d259b2ffe6c2f067700,6,0.31375000000000003,0.0763101709308792,0.3920430111885071,0.040487832543664753,0.4587096780538559,0.03946104866971834,0.5144086062908173,0.034177655576902964,0.5625806450843811,0.028279775844742745,0.6070967698097228,0.023687662577649364,0.648387098312378,0.020288130125046447,0.6855913984775543,0.02105166893032438,0.7135483813285829,0.016840912843493736,0.7391397833824158,0.011595975289709265,0.7625806498527525,0.007348105390165771,0.7810752701759338,0.006015745994668343,0.7956989240646363,0.007901578363274335,0.8060214972496033,0.004723842308673751,0.8146236515045165,0.0032791334788665858,0.8258064532279967,0.005212558318818117,0.8329032301902771,0.0068260550684299745,0.8404301118850708,0.0038470076637903035,0.84494624376297,0.006334059082829808,0.8503225827217102,0.007542231424911804
relu,0.5511423928914,92,3.56194596e-05,3,0.0030315754747,CBF,4850c66d46ac85e7624f6f8b6300b5ab,7,0.35375000000000006,0.039737910897529566,0.3580645179748535,0.02365591444752461,0.40107526898384094,0.017504107310551173,0.4397849428653717,0.012189010974624598,0.4722580659389496,0.020364919848291144,0.5066666662693022,0.01850587730455388,0.5324731194972993,0.019225973553353228,0.5668817198276519,0.018031202472922263,0.5922580635547637,0.017494195676548634,0.6169892454147339,0.01887701243162736,0.6305376398563385,0.020125060258225743,0.6550537574291229,0.017625886094993427,0.6737634444236755,0.012437849066556437,0.6963440895080566,0.016977669155742278,0.7126881766319275,0.016991286855077954,0.724946241378784,0.024922124407521794,0.7331182765960693,0.020064646829201935,0.7481720495223999,0.023697428838184778,0.7550537633895875,0.022133310067729214,0.7716128969192505,0.01610391996798499
gelu,0.1321503402253,105,9.18214799e-05,4,0.0006132819977,CBF,5c4fe690f856429df3a653b47ed3e66f,8,0.32249999999999995,0.010458250331675934,0.5277419376373291,0.05479335803761578,0.7587096786499024,0.02407498200875368,0.8305376362800597,0.020719508005196664,0.8664516186714174,0.013841345099365075,0.8888172078132628,0.012804280628808597,0.9094623684883117,0.014553912721236774,0.9189247274398804,0.012203234992506813,0.9275268745422363,0.009930965984481403,0.9410752630233764,0.009168200681165157,0.9451612854003907,0.005429837366767422,0.9535483765602113,0.004587249454740717,0.9617204284667968,0.006297448997145896,0.9655913949012757,0.004985811640582755,0.9670967698097229,0.004066165740391027,0.9718279576301574,0.0032614563574536594,0.9748387169837951,0.003533697078766784,0.9765591478347779,0.002677402630369571,0.9800000095367432,0.0041366475495827745,0.9821505475044251,0.0029052171216854598
tanh,0.5158026504679,80,1.54230528e-05,4,0.007542302998,CBF,ee37f1fcbc227d86e3aba907009073ec,9,0.331875,0.015842239819545727,0.337849463224411,0.02530196663466309,0.343440859913826,0.01915367536434617,0.35311827778816224,0.019123470492618585,0.3645161271095276,0.021084595375743878,0.3707526886463165,0.020464033266759024,0.3793548381328583,0.02452461532612671,0.3907526874542236,0.027251225411013262,0.39483871102333074,0.023976321188114973,0.4034408593177795,0.023758327833814097,0.41139784932136536,0.027983858371225998,0.41870967626571653,0.03397407125180398,0.4292473101615905,0.0314541399254733,0.43827956557273867,0.03308614678342709,0.4399999976158142,0.03009216128706575,0.44795698642730714,0.034463996101320345,0.4544085967540741,0.038112172038759065,0.46322580456733703,0.03283885476897503,0.4655913960933685,0.038477494681448815,0.4769892477989197,0.03405055963535512
gelu,0.2832765322529,28,0.0002283784877,1,1.65950009e-05,CBF,0699bcf78b0eff1a2bbb9570712dcf04,10,0.32937500000000003,0.03607988099342901,0.6348387098312378,0.02869779624700432,0.7621505379676818,0.020021376202329275,0.8169892477989198,0.017821589566646638,0.8492473173141478,0.016402696724863643,0.8737634444236756,0.012297608421338035,0.8922580623626709,0.01024049117776256,0.9040860223770142,0.009168207392115225,0.9118279552459718,0.011303117279359065,0.918279571533203,0.01428530253202184,0.9253763484954834,0.01628242351490996,0.9281720447540283,0.014613371811977348,0.9344086003303527,0.013537284592749766,0.9415053749084473,0.014236652562586967,0.9455913972854615,0.011645707207812203,0.9505376315116882,0.010172519825945178,0.9544086003303528,0.011086229161253913,0.956559133529663,0.00824528766490336,0.9604300999641419,0.005503868572280454,0.9610752606391907,0.005710078169331255
tanh,0.5418824269471,53,3.31280424e-05,4,1.88153436e-05,CBF,62da62e8d8a4993b57423746f8836595,11,0.32562499999999994,0.02017985536370367,0.3311827981472016,0.007091883356863174,0.3363440853357315,0.008977045743882806,0.3356989240646362,0.010573778151247111,0.34602150738239285,0.006054059833321018,0.35548387348651883,0.006297440549974303,0.3627956962585449,0.007996126732381502,0.3677419370412826,0.010886266612759774,0.37978494882583613,0.00923104294779859,0.3834408628940582,0.01035836057804126,0.3946236562728882,0.01360119304657771,0.4038709676265717,0.013182460441036018,0.40989247560501096,0.007269009521826232,0.4221505331993104,0.017214377765607927,0.42709677100181587,0.015755530474976378,0.4309677398204804,0.020193878714551517,0.44021505832672114,0.022109786422298085,0.445161291360855,0.02723424529532602,0.4507526862621307,0.02534761994340609,0.462150536775589,0.02853415852354202
gelu,0.5897224995807,84,0.0002998338024,2,0.0003724138885,CBF,4455d1f1b05928aa6cd994d03fef7ecf,12,0.343125,0.023737661268541183,0.6843010807037353,0.056768691955773394,0.824301073551178,0.023281486289558725,0.8711827993392944,0.01801516225844889,0.8920430040359497,0.009695319187759947,0.9073118281364441,0.009719153813286611,0.9234408617019654,0.008649064405112903,0.9296774244308471,0.00984326586296935,0.9372043037414551,0.007511507423520848,0.941075270175934,0.007503803948683722,0.9498924660682679,0.00682605375393946,0.9556989192962646,0.004649841492822506,0.9604301047325133,0.004587262029120279,0.964301073551178,0.00539781156755472,0.9660215044021605,0.005618214236180896,0.9673118257522584,0.006478442270074575,0.970967743396759,0.006223568985827963,0.9737634444236754,0.005967496424661425,0.9739785003662108,0.005123059206317467,0.9772043061256408,0.005234689081767163
gelu,0.139269492333,19,0.0007898021665,3,0.0096102073728,CBF,01cf2bf6868fb88591c2f4c5224e7868,13,0.32687499999999997,0.0335555742388653,0.6787096762657165,0.043174420977230246,0.8494623684883118,0.017052411687654864,0.8954838681221009,0.014212268239504843,0.930107524394989,0.008996345053105313,0.9559139800071718,0.0025217353936567177,0.9627957057952881,0.004066166370867966,0.9718279647827149,0.002331133820909312,0.980215060710907,0.0030978206009079907,0.9836559200286865,0.002783265353813341,0.9858064627647399,0.0031715891808731895,0.9864516210556029,0.00447239437298297,0.9881720519065856,0.002844892296189598,0.9903225898742676,0.0013169287133159796,0.9892473196983337,0.005638756985460743,0.9916129112243652,0.0008996335791751578,0.9892473220825195,0.002944742124495863,0.9907526969909668,0.0016307243467651603,0.9905376434326172,0.004459445500541116,0.9898924827575684,0.0017992671583503155
tanh,0.4507764162907,122,0.000180558342,2,1.7997467e-05,CBF,a220592dc253310ab6ebfebfbfc82a2c,14,0.31625000000000003,0.03317508006772554,0.731182794570923,0.018452693715072577,0.8443010807037353,0.018521492946666208,0.882150537967682,0.014557880303606639,0.9043010759353638,0.01543300942526326,0.918494622707367,0.012316410538056474,0.9292473101615906,0.014711939310781326,0.9389247298240662,0.012754513560310241,0.9466666579246521,0.010822356778510001,0.9511827850341797,0.010386227057299642,0.956774184703827,0.010296786224319242,0.9627956914901734,0.006697809413068225,0.9666666603088379,0.005212563851792148,0.9681720399856568,0.0028039583211504127,0.9733333396911622,0.00651404328732987,0.9765591502189637,0.004523805773384592,0.9759139919281006,0.006204964636353299,0.978924744129181,0.0033661236733164078,0.9815053868293763,0.0058599718072026635,0.980645170211792,0.005689796983013022
tanh,0.4015135203542,33,0.0004842848408,2,0.0001293803392,CBF,706979c72219e4e369d0de6b8329ed12,15,0.334375,0.03528621809573816,0.6918279576301576,0.038646905382521086,0.8378494668006897,0.02217245340853861,0.883225803375244,0.014930372616322877,0.9051612901687622,0.0125719088581282,0.9227957057952881,0.014151126821933896,0.9363440871238708,0.009659486636760552,0.9434408569335938,0.011595963019745735,0.9526881694793701,0.01096563050305401,0.9612903141975403,0.010507969158023722,0.9662365579605103,0.00929969277192478,0.9711827993392944,0.010817019956998878,0.9726881766319275,0.0091745075718149,0.9763440966606141,0.008568489662439909,0.9769892573356629,0.008487134518416055,0.9789247393608094,0.008315109524850893,0.9806451678276062,0.0067579675065800714,0.9795699071884154,0.007565185424953553,0.9804301190376282,0.006732251440224824,0.9817204427719115,0.0060349350716399665
gelu,0.471118959826,104,0.0002537691519,2,2.56708519e-05,CBF,18b4db9b3c60a447e0b548ffe9a56fad,16,0.314375,0.04894392518484803,0.7580645084381104,0.012093780467876077,0.8541935515403749,0.012961338375607282,0.8913978481292725,0.013278598210244356,0.9137634468078613,0.015099771135113231,0.9264516139030456,0.013138533692267133,0.9380645155906677,0.0121795265483985,0.9468817138671876,0.011112270902461951,0.9541935420036316,0.01055189104782525,0.9604300999641419,0.010736550754119807,0.9638709640502932,0.009901821204406528,0.9694623708724974,0.011215839684592529,0.9737634444236754,0.01004672710147391,0.9754838776588439,0.010069715036551574,0.9774193620681763,0.010058226393802105,0.9804301118850708,0.010601090329416026,0.9810752749443055,0.009872588568968202,0.9825806546211243,0.009355455410531104,0.9830107641220092,0.008446164190868308,0.9840860319137572,0.009104927115513518
tanh,0.5654320092304,87,0.0001158055464,3,1.84467359e-05,CBF,e2b542acd954ff02b7771ab371fbb64a,17,0.31625000000000003,0.02736829255726414,0.4361290359497071,0.04951843506326285,0.5509677410125733,0.05001214414567726,0.6264516139030457,0.04185683607080443,0.6815053677558899,0.040486403335524494,0.7126881742477418,0.03638001680159246,0.7473118209838867,0.03305468501274517,0.7705376362800598,0.03208376397979881,0.7939784955978393,0.028485499450386004,0.8062365579605103,0.03370758246922079,0.8303225755691528,0.021443460023636163,0.8466666674613952,0.01739810187029191,0.8606451654434203,0.020139414638619135,0.8681720423698425,0.01570407903985153,0.8778494644165038,0.011595964843658109,0.8898924756050108,0.014930376179234135,0.8950537657737732,0.013485937636926688,0.8993548369407653,0.015630278782077282,0.9055913972854615,0.01210334138000756,0.912473111152649,0.013116513441870373
tanh,0.228598639845,63,0.0002070251449,4,0.0007022902394,CBF,9e41e8f5c4c1a993467aab88ab14cc86,18,0.33687500000000004,0.020775962673243314,0.47204301118850706,0.019724659666231718,0.7055913925170898,0.02078636536203943,0.7980645132064821,0.02136243166944422,0.8453763389587403,0.019730524038450388,0.8772043085098267,0.01887702093657259,0.8989247298240661,0.013707045230148408,0.9172042989730835,0.01440618845538824,0.9294623613357544,0.010330410491177843,0.9423655891418458,0.007626070426824101,0.9479569816589356,0.0075880736211022355,0.9565591382980347,0.007996133304894666,0.9653763389587402,0.006775045056741168,0.9636559081077577,0.0023311296968853215,0.9686021494865418,0.003598540015996155,0.9716129040718078,0.002589597167177803,0.9737634444236756,0.0028039626640366387,0.9778494691848755,0.0024754541684058784,0.9795698976516723,0.0020116450238839285,0.9808602261543273,0.000899635716431606
relu,0.2116593749515,74,0.0003267675617,2,0.0032315068373,CBF,6ca24d8e2b60b10ea75be38fb1a28240,19,0.3825,0.014590771912410936,0.8060215091705322,0.014518118781884507,0.892688171863556,0.01590162472269545,0.9165591382980347,0.01795409527166503,0.9440860223770141,0.016571006405305583,0.9582795619964599,0.01164074792101809,0.967956986427307,0.009719157176382378,0.9718279552459717,0.010628326503145043,0.976989254951477,0.008174875198846373,0.9804301166534424,0.007148717438790358,0.9834408712387084,0.007316568179943114,0.9847311949729919,0.007618487841473856,0.9851612997055053,0.006148806972851114,0.9851612997055053,0.007108168673395575,0.988602156639099,0.006567066800442712,0.9877419447898864,0.007626072107662171,0.9881720495223998,0.006926934207358147,0.9881720519065856,0.0066718659918987965,0.9892473196983337,0.007332353565855709,0.9905376410484313,0.00477254673918851
relu,0.237058174095,45,0.000921830222,2,0.0002078255787,CBF,05d28662cf1ea97ac9974b9688268e4f,20,0.32375,0.04894392518484802,0.8559139776229859,0.017388126180233863,0.928387095928192,0.016960635217651693,0.958064513206482,0.01008691742987151,0.9705376386642456,0.007549896539593992,0.9780645298957825,0.005918863181935066,0.9817204403877259,0.004094504808831996,0.9855914092063903,0.005669429001799428,0.9868817281723021,0.0027832669657231134,0.987956998348236,0.0023311302467373058,0.9890322661399841,0.0038319430628873134,0.9877419424057006,0.004903980351114887,0.9898924803733825,0.004962569961557057,0.9883871030807494,0.0057604719174465645,0.9883871030807494,0.004832735883234903,0.9913978552818298,0.003134922494936169,0.9920430183410645,0.0014426231258188322,0.9905376410484313,0.0027832642024504697,0.9916129088401794,0.003517297562591412,0.9929032325744629,0.0028039553496803232
relu,0.2751696398672,62,0.0007771786562,3,4.05281379e-05,CBF,28afe3c10a407c905dc234cb57b71665,21,0.356875,0.033027568976538385,0.8316129064559936,0.02150000377457513,0.9204301071166991,0.012654413943633813,0.959354829788208,0.010655472488803353,0.9759139847755431,0.008280273041610305,0.9797849559783935,0.008879928606118304,0.9840860319137572,0.006379525725051638,0.986881730556488,0.006101616419599451,0.9890322685241699,0.005008947781736664,0.9905376410484313,0.005343988483023513,0.990752694606781,0.00591886296536278,0.9920430183410645,0.0059188584174917425,0.9909677505493164,0.0049625676368767364,0.9924731230735778,0.003950791006647387,0.9922580718994141,0.003677981734655222,0.992903230190277,0.004136640422579612,0.9939785003662109,0.001953320946261361,0.9935483932495117,0.0038016457356826417,0.9926881790161133,0.002068318894341892,0.9939785003662109,0.004066161799877289
relu,0.3855350201478,36,0.0001148376201,4,1.92851743e-05,CBF,997e5300ec42c17b56c42d60c7090bfb,22,0.3375,0.025194555463432963,0.3636559116840362,0.02362412148121217,0.4135483860969543,0.02577955503410004,0.4599999976158142,0.014672596046599653,0.49849461793899535,0.019937471618118544,0.5344086074829102,0.02173266686093684,0.5774193561077118,0.013999159584514748,0.6135483860969544,0.019864840769880997,0.6410752701759337,0.020379117325184368,0.6670967769622803,0.02497078742606727,0.6907526874542237,0.020268174561556183,0.711612901687622,0.016508089144458445,0.7341935563087464,0.009719151439333263,0.751182792186737,0.018367904709494995,0.7664516139030456,0.016837489143202575,0.7722580647468568,0.016837489105139825,0.7875268793106079,0.01487217746051557,0.7997849464416504,0.014454271450504114,0.8152688193321229,0.011184863151895926,0.8238709688186645,0.015570994726972862
gelu,0.1643375203836,121,0.0001047384386,2,0.0006227351117,CBF,e8c1fc460fc2ef6dad521699954cb2d5,23,0.33375,0.018275239396516804,0.6926881742477417,0.023390497225753842,0.826881718635559,0.012631544085379856,0.8722580623626708,0.012979160852483832,0.8991397857666016,0.015346610711920386,0.9193548440933228,0.011997801453642638,0.9305376291275025,0.009930968824087375,0.9397849440574646,0.010000574635807287,0.9462365579605102,0.00886689548178318,0.9522580623626709,0.009142951203513487,0.9574193549156188,0.007472929249078254,0.9617204308509827,0.009047608004893059,0.9675268816947937,0.009293465733625206,0.9701075267791748,0.007693998500972186,0.970967743396759,0.009123956438892376,0.9748387145996095,0.007237125518572704,0.9765591454505922,0.005710072669468428,0.9787096810340883,0.0062421177834489205,0.97763441324234,0.0071890403509826915,0.9810752749443055,0.007549889323944328
tanh,0.5624341486215,95,0.0003002869756,3,3.2756894e-05,CBF,c64f003ec7ef6c732a1dcc7b5c61d9a0,24,0.2975,0.03693586079273096,0.5066666603088379,0.04370011844665777,0.7215053749084472,0.03496690879488875,0.8002150535583497,0.024156484328896662,0.8397849464416505,0.01723786816436343,0.8653763461112977,0.012799769339293113,0.8907526874542236,0.015759197509803004,0.9064516091346742,0.011630811597001566,0.9159139823913574,0.0073873369239444535,0.9275268816947937,0.009330700374158955,0.936344084739685,0.012889774297528016,0.9415053725242615,0.010075446939304006,0.9481720399856568,0.009778444918980052,0.9537634372711181,0.011354149564269136,0.9595698857307434,0.012690907166785835,0.9617204284667968,0.010795610192957055,0.9668817281723024,0.008238273009892015,0.9713978481292725,0.009268543542218084,0.9711827969551088,0.007229136401839447,0.971397852897644,0.0066109413069945664
tanh,0.3440526606443,54,6.61821282e-05,3,1.48257375e-05,CBF,f4a7444c5228c170864d461a48bb8365,25,0.308125,0.03018497660260811,0.39419354617595675,0.039643746843572324,0.4916129016876221,0.04758838851808479,0.5634408628940583,0.037131817099803295,0.6202150535583495,0.03789006959818344,0.6640860259532928,0.03552132246683771,0.7027956986427306,0.030598913588106288,0.732903220653534,0.030759070718352682,0.7529032254219055,0.023054431785533326,0.7821505403518676,0.021297381770137458,0.7976344084739685,0.019405541716561364,0.8116128993034362,0.017837803128940493,0.8270967745780945,0.009689362681332659,0.8393548369407654,0.016806556708248935,0.851182792186737,0.009605462993822086,0.8600000023841858,0.013799519454068213,0.8662365603446961,0.014458271473829646,0.8765591430664064,0.01564506558597918,0.8840860247611999,0.014353926457276425,0.8886021542549134,0.012226898618276793
gelu,0.3564659077042,84,4.98572845e-05,1,8.34725661e-05,CBF,7bed1e18db871c782ccebea14ec831d4,26,0.33625,0.04606593440385204,0.4492473125457764,0.039736967747365425,0.5701075255870819,0.031646534719797295,0.6479569888114929,0.02073345236608234,0.7027956938743591,0.021486551527406254,0.7455914044380189,0.0174478764383234,0.7808602166175842,0.018645919686864167,0.8019354844093323,0.01636741725103213,0.822150535583496,0.011445422475288729,0.8324731230735779,0.013330729967368804,0.845591402053833,0.014093817073277762,0.8548387122154235,0.013957800376115952,0.8632258033752441,0.012031489485659996,0.8711827969551088,0.013945369567501144,0.8808602142333986,0.015681972413770996,0.8858064532279968,0.01599224753347332,0.8929032278060912,0.014498198189564855,0.8965591430664063,0.017576616562982653,0.9017204356193542,0.014988337158904044,0.9058064556121825,0.01595968174646595
tanh,0.4141413345385,115,0.0004864460896,2,1.55767178e-05,CBF,b46ad5190bbf2127142ddecf3ec5aa73,27,0.33625000000000005,0.03760402239122832,0.8666666650772095,0.011303114727764874,0.9204301047325135,0.014040388743845326,0.9460215020179747,0.011002481855033084,0.9630107498168945,0.010551895967676299,0.9711828017234803,0.009659476617855036,0.9761290407180786,0.006689170550326385,0.9819354891777039,0.008024985102488924,0.9810752749443055,0.007923495544949024,0.9855914092063903,0.008689073285449905,0.9862365674972533,0.005760468023348651,0.9873118352890013,0.006602183343420616,0.9903225874900817,0.0052677191116263875,0.9909677457809447,0.006343177351354531,0.9905376410484313,0.005179178742179642,0.9905376434326172,0.005123061458164968,0.9916129112243652,0.004459445500541116,0.9931182861328125,0.0035336905493950355,0.991827962398529,0.006251371697134642,0.9926881790161133,0.004260557819856494
gelu,0.4526099750305,39,2.42616205e-05,1,0.0099989303323,CBF,583f93513c96b4b1f7e1ae21b66cb614,28,0.32687499999999997,0.049242305871069855,0.3443010747432709,0.053382520997741226,0.3918279582262039,0.057285702743082464,0.4316129046678543,0.0591720347569847,0.4640860217809677,0.0534485370899608,0.49935483813285825,0.051024879361143645,0.5322580587863922,0.04480143529011523,0.5621505391597748,0.04396389629115263,0.5952688121795655,0.04130767752974472,0.6234408605098724,0.0342182243528972,0.6421505403518676,0.033066917578044565,0.6632257986068726,0.029656762554663513,0.6793548488616943,0.027971456191180685,0.6961290264129638,0.027367647823439877,0.7118279528617859,0.021904885786333064,0.7268817210197448,0.02274644019802145,0.7477419376373291,0.021106520692668065,0.757419354915619,0.01832064693578324,0.7636559176445006,0.01801516752371878,0.7759139776229859,0.015500291530804915
gelu,0.2780573070811,48,0.0003252047885,1,0.0009302168281,CBF,31f35c72aa40f033cb8959ea63306676,29,0.32875,0.046634801248638336,0.7477419400215148,0.010046719510108977,0.8509677386283874,0.010496957375055167,0.8870967769622803,0.015263517062645443,0.9070967817306519,0.015236977617837356,0.921505377292633,0.017717476104872093,0.9316129064559938,0.01673762269243359,0.9400000071525575,0.014414219547658189,0.9496774196624755,0.012502752211256149,0.954838707447052,0.011754416723530815,0.9589247274398804,0.01054641037436576,0.9630107474327089,0.007511506911579676,0.9675268840789796,0.009778447868426235,0.9690322518348694,0.00809671764817193,0.9726881766319275,0.007197077716657389,0.9737634444236756,0.008210148368794133,0.9744086027145386,0.00919967545604937,0.975913987159729,0.00810384913942454,0.975913987159729,0.007395160942460943,0.9782795786857605,0.007503808390071229
gelu,0.3069765786903,87,1.41157704e-05,1,3.82145799e-05,CBF,3d5a5bdafd981f22140e2ef3347a23ef,30,0.30625,0.031171777098843757,0.35677419781684877,0.033741861269333664,0.39677419066429137,0.034668040055710315,0.42924731135368344,0.034504237971591474,0.45440860271453853,0.026257267585449974,0.4851612889766693,0.02843267947234149,0.5152688109874726,0.026789083608625332,0.5445161283016204,0.025486369425624825,0.5731182813644409,0.021275658655960518,0.6006451559066772,0.02035356800891805,0.6262365591526031,0.01510360368548266,0.6447311758995056,0.013824628338686884,0.6634408640861512,0.013812080646086189,0.6817204308509828,0.012970258950848149,0.6959139800071716,0.01326552201486682,0.7126881694793701,0.016402699147415416,0.7240860128402711,0.01689233672873329,0.7365591382980347,0.014386118842656663,0.7524731206893922,0.010126954840028922,0.7617204332351685,0.013005865233953922
relu,0.2878640975281,10,0.0005056631383,2,1.21442474e-05,CBF,4ebcf88eebf121d8c2a036d8867cdba0,31,0.32249999999999995,0.04427144607419097,0.5165591382980347,0.038803655735961236,0.6793548369407654,0.03625266546226985,0.7604301047325134,0.03048344709421613,0.7980645084381103,0.034285727825759234,0.8365591406822205,0.030875380443768016,0.8623655939102173,0.03243677853984315,0.885591402053833,0.025835556413555925,0.9032258081436157,0.021970769573348117,0.9152688097953797,0.018190797514203067,0.9240860176086425,0.01793798421413106,0.9329032254219054,0.019893936346891565,0.9389247345924376,0.017344858372750533,0.9455913925170899,0.018664511208551584,0.9488172006607055,0.018146258346470375,0.9516128969192504,0.019023447713380836,0.9582795643806458,0.016082373927134363,0.9625806450843811,0.01545921843247922,0.9610752630233763,0.011715015370996706,0.9683870959281922,0.0129390276149685
gelu,0.3275022767039,17,1.26450106e-05,3,3.97007272e-05,CBF,9c4255c3c8adc989a8172f018bdbab66,32,0.34437500000000004,0.03680342630109323,0.34086021304130554,0.04399413304959786,0.3387096756696701,0.04119135682244465,0.34172042787075046,0.043428084017949134,0.3436559164524078,0.04192583255177363,0.3436559146642685,0.04285994974593618,0.3529032224416732,0.04527252272640046,0.3606451606750488,0.046371395803223345,0.3651612883806229,0.045995871052285434,0.3692473095655441,0.04581326690217426,0.38215053498744966,0.04943080219379046,0.3832258039712906,0.04572484956988503,0.3879569882154465,0.04964552157999801,0.39333333015441896,0.05195006341351812,0.39526881694793703,0.047607818976726037,0.4006451618671417,0.05160506752571664,0.4090322571992874,0.056441884841106724,0.4101075291633606,0.054545922863337815,0.41440859913825995,0.05666677329733169,0.41806451201438904,0.05115952408204535
tanh,0.5878285953449,24,9.31625175e-05,3,0.0003456764945,CBF,e60833b09b1d6fd31a8fbe1bdfcb6725,33,0.315625,0.032973316231967524,0.3435483887791634,0.024290918905497835,0.36290322393178936,0.027209476062074033,0.3798387095332146,0.013808589258818156,0.40053763389587405,0.010841921565160898,0.42096774131059644,0.012181103523954542,0.4435483887791633,0.013444441235416512,0.4572580695152283,0.009869653294162591,0.4782258048653603,0.014139544939364167,0.486290317773819,0.018064839496138914,0.5118279606103897,0.015631515820943694,0.5268817201256752,0.013629503750178172,0.5413978427648545,0.01297767713238893,0.5502688124775886,0.00951172250906916,0.5653225779533386,0.02216505083830971,0.5790322527289391,0.013154664074483511,0.5900537610054015,0.02082017793377709,0.611827951669693,0.020533600530555772,0.6172043070197106,0.022018952949079042,0.625806449353695,0.019846403241121535
tanh,0.1785005305243,33,7.10048516e-05,1,0.000229559909,CBF,56d6614a943e413a66b43296e27a781d,34,0.36374999999999996,0.019838212810129846,0.4647311824560165,0.04532356883242914,0.553333331346512,0.045101089068320596,0.6350537645816804,0.04608376036814465,0.6909677410125733,0.03970203333268938,0.7316128969192504,0.04017968342126868,0.7655913972854614,0.03992999153673101,0.7881720471382142,0.03554897596994445,0.8068817210197448,0.030702648939682144,0.8255913949012756,0.02972491144475899,0.8419354820251463,0.021518806334143995,0.8524731230735778,0.020534539117246994,0.8610752654075624,0.01727806854486066,0.8683870959281921,0.017381489329049163,0.8759139776229858,0.017921870653436252,0.8815053796768189,0.015810475311912695,0.8888172101974486,0.015832395184647425,0.8920430159568786,0.015369195133343404,0.8969892501831055,0.015589544993631112,0.9017204308509827,0.015007609819114238
gelu,0.59338668424,71,0.0007431084002,1,2.57853995e-05,CBF,644b45f635531680a32e747b401775bf,35,0.333125,0.04271087390817471,0.8363440895080567,0.01566353070879233,0.9045161318778991,0.014212272523590568,0.9331182813644409,0.015645067470398615,0.9524731135368347,0.01322187214371645,0.9627956914901734,0.01164572410325135,0.9688172030448914,0.009281011415042782,0.9711827969551088,0.007618497263549295,0.9741935586929321,0.00853468740183681,0.9756989336013794,0.008521129704785264,0.9759139823913575,0.007776211702912718,0.9784946322441102,0.008432469183944944,0.9800000095367432,0.00993097063111301,0.979139792919159,0.007701507490975946,0.9808602213859559,0.007768774836881165,0.9800000095367432,0.008886435980817616,0.9812903356552123,0.008103845026888809,0.98172043800354,0.010029443057789527,0.9832258152961731,0.007355973576146018,0.9840860295295716,0.007805891434494805
relu,0.5637841742458,123,0.000411966636,1,6.64670885e-05,CBF,d40ccef39c3f1268fa191a2e858d761a,36,0.34124999999999994,0.041067303752498785,0.8277419352531433,0.017789130214940767,0.8944086003303526,0.019992480935506044,0.9232258105278015,0.01248423423211964,0.939569890499115,0.011739652168438159,0.9503225755691529,0.011107068823706136,0.9597849440574647,0.008349802739344976,0.9651612901687623,0.011190035365537043,0.9688172078132629,0.009707245268332025,0.9731182813644409,0.00717293440228836,0.9748387193679809,0.008349799054981538,0.9761290383338928,0.00698511506244306,0.9782795739173888,0.007618492384262982,0.9791397905349731,0.00907950146831604,0.9812903261184692,0.008983488102924611,0.9808602237701416,0.00844617079258381,0.9827957081794739,0.009187100760161666,0.9836559224128724,0.008167799209404811,0.984516134262085,0.007813296253331705,0.9845161366462708,0.007237129060910043
gelu,0.4894151529872,10,1.92520411e-05,1,0.0012648926721,CBF,8191ed0a4608f8af4ad376db7d6a4123,37,0.34562499999999996,0.053837138668395054,0.3494623667001724,0.06760952984996227,0.36236559271812435,0.06474868233574689,0.374408603310585,0.06741429725429275,0.3860215049982071,0.06898919602305874,0.39612903475761413,0.06713158154758941,0.41010752439498904,0.06558963622715677,0.42279569506645204,0.07213282529314595,0.43720429956913,0.07033605856836468,0.4479569852352142,0.0686093963126952,0.4612903273105622,0.0674511660499337,0.4694623649120331,0.06649996493445115,0.4789247280359268,0.06320623319783043,0.4875268751382828,0.06168332525747625,0.49870967209339145,0.06464771462383269,0.5107526820898056,0.062481350031046316,0.5176344060897827,0.060605492563780804,0.5288172006607056,0.06297166107955812,0.5352688133716583,0.060149734038860155,0.5419354844093324,0.057989794851639576
gelu,0.3750953901074,25,0.0003505335505,4,0.0076071881758,CBF,f8eeb0d666bb08a0a823ab2b47bb8c9e,38,0.315625,0.020610790559801435,0.39419354796409606,0.02457406728873313,0.5017204225063324,0.04442954877127097,0.5662365591526032,0.04408995713632576,0.6288172030448914,0.03756829184076096,0.6696774196624756,0.03547898458045317,0.7064516186714173,0.03260564806213746,0.7602150559425354,0.02717049531315001,0.7959139752387999,0.02678908902747954,0.8189247298240663,0.025361297947742008,0.8389247298240662,0.025072450721388927,0.849462366104126,0.017879881496495224,0.8720430111885072,0.019739314651389187,0.8832258081436158,0.019689459733942646,0.8873118305206299,0.019963545290352783,0.8999999976158142,0.01863971311996918,0.9144085955619812,0.01775984198326646,0.9191397857666015,0.014633142447880587,0.9260215020179748,0.015865226369382278,0.929247305393219,0.015608075923364016
gelu,0.5020038223739,70,0.0004837533296,4,0.000372702002,CBF,59948e20d17efd63ef65740fbd465997,39,0.31062500000000004,0.015084397982683963,0.44731182932853697,0.01975395162654516,0.6406451535224915,0.03482942027738679,0.7445161247253418,0.030777870819055333,0.800430109500885,0.024325805559131476,0.8410752701759339,0.015681978135461433,0.8754838681221008,0.01707613915531875,0.9002150535583496,0.013986763884539524,0.9167741918563843,0.009872585777484375,0.9294623589515687,0.004066169208035803,0.9410752630233764,0.005008954307341777,0.9526881694793701,0.0056387541439264326,0.9602150535583498,0.005429844448848402,0.9627956986427307,0.0039214159438089365,0.9692473149299621,0.006015748445055935,0.9716129088401795,0.004274109736204607,0.9756989312171938,0.0065229036754031345,0.9769892549514771,0.007075559651864052,0.9791397881507875,0.004341208072734536,0.980215060710907,0.005461684766242173
tanh,0.4343112475221,47,1.57382527e-05,4,0.0098409009701,CBF,029728b75fcb0980ef03c17ecdacaff0,40,0.32687499999999997,0.02281464031055498,0.3477419364452362,0.009268543334771387,0.36774193525314336,0.013707042190894593,0.3724731183052063,0.020551425568060055,0.3834408605098724,0.012344535356315887,0.3892473101615906,0.017001492792550813,0.3939784932136535,0.018971714194200774,0.3997849476337433,0.016577982304698462,0.4068817222118378,0.020607602818439864,0.40881720662117005,0.01657797930852383,0.41419355154037474,0.018411919618156598,0.4234408617019653,0.013841346419027793,0.42666666984558105,0.021090075388907302,0.43333333253860473,0.025873568793332687,0.43827957034111015,0.0209553306290387,0.4440860199928284,0.025067834767295342,0.44860215187072755,0.028177381757121183,0.4494623613357544,0.02483615098544337,0.4591397845745087,0.022323161562211796,0.4619354844093323,0.021780501582090134
relu,0.3207370910633,92,2.448909e-05,2,2.46549457e-05,CBF,f25ebb0f1d5145312ebc5630d8ac4a01,41,0.329375,0.034204120731280305,0.3868817192316055,0.027670160761376336,0.4501075303554535,0.03893007491031923,0.5105376327037812,0.04004130392480018,0.564731183052063,0.032926766467689876,0.6103225791454315,0.029276160938678734,0.6535483860969543,0.03164653747408958,0.6870967721939086,0.03167940719760701,0.710967743396759,0.03115868419557247,0.7376344013214111,0.03226702366175111,0.7537634444236756,0.029837500059118036,0.7713978505134582,0.028045767992602486,0.7836559176445007,0.029046198345822,0.8,0.02816301315265655,0.8094623661041259,0.020883489689526927,0.8210752701759338,0.026036166202653765,0.8290322613716125,0.02592936417206572,0.838494622707367,0.02427584286855983,0.8421505379676819,0.024084575512059912,0.8501075267791748,0.02502859385003928
tanh,0.4549358731843,32,5.29102393e-05,2,1.77243426e-05,CBF,69ebc63de0a80d783083ef7ec2f75a18,42,0.34249999999999997,0.03919353023778288,0.3944085991382599,0.044330554558113376,0.4505376374721527,0.036622337046102044,0.4890322589874268,0.0356415554867284,0.5298924744129181,0.04103246215090695,0.5634408545494081,0.04009614332886974,0.5939784920215606,0.03276130739675173,0.6236559200286865,0.026195542835322837,0.6544085955619812,0.023760767881706505,0.6729032278060914,0.0208141564536963,0.6875268816947937,0.025947199513977004,0.7066666603088378,0.02339048840280858,0.7270967745780945,0.02091115200904996,0.7421505403518676,0.018999122339517074,0.7533333325386048,0.017414710598728626,0.7668817162513732,0.018158995983634078,0.7774193525314332,0.022336101375020196,0.7825806474685668,0.02217244910159034,0.7939784908294678,0.0232814979892715,0.8017204356193541,0.02313203888803495
relu,0.5540916404406,81,2.35267378e-05,4,5.14126446e-05,CBF,f5156fe259f66e5329355c9167a578db,43,0.33125,0.010597390598633235,0.33075269401073454,0.022096708547424848,0.3410752689838409,0.026033944699435912,0.3513978457450867,0.03051187911661824,0.3587096780538559,0.03185773013192751,0.3627956974506378,0.02871792911427728,0.37483871102333066,0.0313915870205342,0.3806451618671417,0.03674053458267122,0.39139785051345827,0.036225548103708975,0.39677418947219845,0.03897756575519742,0.39935483694076535,0.04164915102129028,0.41225806474685667,0.039439066804094154,0.4197849464416503,0.04102682675296656,0.42301075220108036,0.04393891097155556,0.43505376338958734,0.04878925037030785,0.44172043085098267,0.045963184123924444,0.44774193286895747,0.04640877951400025,0.4520430099964141,0.040658812402934244,0.4662365603446961,0.040452120502923204,0.4707526898384094,0.04841934456287195
tanh,0.591733849159,126,1.95685316e-05,2,0.0007410506811,CBF,72b0c2d545ea078ff2b257bbc09251e3,44,0.30125,0.03484059683042183,0.3488172054290771,0.023392965031230586,0.3959139776229858,0.02263690144228951,0.44021505475044254,0.027546614988316728,0.4907526886463166,0.026268266664998572,0.529462364912033,0.016977674421889702,0.5688172018527984,0.01582144603219707,0.6030107498168945,0.016402694497672628,0.6275268769264221,0.013269880520129005,0.6593548417091369,0.007108167591414951,0.6804301071166993,0.00776876592706494,0.7002150583267212,0.009954231366438429,0.7210752654075623,0.007316564062882169,0.7344086050987244,0.011404950975022586,0.7524731254577637,0.007618493309642576,0.761935477256775,0.004066167158977122,0.7756989192962648,0.00530053812147081,0.784301073551178,0.003189768588956922,0.7944086027145386,0.0061956451327255515,0.8019354796409607,0.00726900590684324
gelu,0.2559366523452,10,2.03540342e-05,2,0.0002474843558,CBF,89d1ff6753958c3872b78d8b3c9b41a4,45,0.34750000000000003,0.018141156592124997,0.36193548142910004,0.03773105646773951,0.37096774160861967,0.03272953004172654,0.38731183111667633,0.029539578544779014,0.40301075160503386,0.03191031194753896,0.40946236491203314,0.03228851593776271,0.4182795745134354,0.031560558291139046,0.4339784920215607,0.026432813062212044,0.4430107498168945,0.027529821454956836,0.4561290311813354,0.029744353304983963,0.4636559128761292,0.02916536627798603,0.47161290407180784,0.02209670571220855,0.48451612234115604,0.025224161477105975,0.49204300880432134,0.027070306337098334,0.5027956998348235,0.019966440748315103,0.510967744588852,0.023054429575443836,0.5247311854362489,0.01915971347463414,0.5333333337306976,0.018374207624491434,0.5430107533931732,0.02413972740979352,0.5498924720287321,0.0223826461834441
tanh,0.5541919398612,50,1.28983022e-05,3,1.014646e-05,CBF,f9cad6a47acc6d1229b759a687322e14,46,0.31375,0.018033172557816887,0.32064516067504883,0.01752720835048642,0.3335483866930008,0.017411388132755917,0.3378494602441788,0.009895979619942806,0.34559139907360076,0.009843263307340873,0.35182795763015745,0.008377439613827446,0.36150537490844725,0.009041214152696672,0.36451612591743465,0.010671738334052057,0.37010752856731416,0.008912415701129186,0.3789247316122055,0.01136940955169968,0.3827956992387772,0.009647507048477189,0.3924731183052063,0.013191230195708727,0.39634408831596374,0.013116517106581755,0.40408602058887483,0.015271088068558647,0.4075268787145615,0.01603917751284964,0.42043010711669926,0.018421333248553308,0.42387096643447875,0.01618984597276524,0.42881720542907714,0.017691357936459446,0.4356989252567291,0.018630410779582766,0.4458064496517181,0.02095533128660695
tanh,0.1806455183283,52,0.0009180305894,1,0.0076059717874,CBF,14e63fa9ca2b9beeebebf02b40bbb629,47,0.3125,0.028125000000000018,0.8584946227073669,0.016754886036536094,0.9245161318778992,0.013023630960142493,0.9520430064201355,0.008349793988977706,0.9655913972854615,0.007864909520415419,0.9713978552818296,0.009268554191160266,0.9744086122512817,0.007842838098268046,0.976559145450592,0.01207944833571106,0.9772043108940125,0.008060938124311055,0.9778494668006896,0.0074341597627093255,0.9804301118850708,0.009599455404922257,0.9782795739173888,0.011490806109003417,0.9808602261543274,0.00545109606775184,0.9793548417091369,0.01026868620398466,0.9800000047683716,0.008853855550622949,0.9795699000358582,0.006628407435373982,0.9827957105636596,0.006757957548604844,0.9821505475044251,0.007316573435767132,0.9810752749443055,0.006567070801823277,0.9804301190376282,0.0058599729009101145
tanh,0.265352201604,28,4.14090823e-05,4,0.0054910149603,CBF,c2e45b26d8edba54d059a261b7dfc0fd,48,0.350625,0.034046727999912124,0.3415053778886795,0.04937814553006933,0.37333333551883696,0.0479574749191994,0.39548386991024015,0.04217878118858579,0.41376344084739686,0.04150175624406135,0.4344086027145386,0.046080009239616755,0.44795698761940006,0.04344271922588776,0.4655914008617401,0.0460611846958185,0.48666666746139525,0.044966301415735134,0.5030107510089874,0.046138930235849994,0.5122580564022065,0.05535598374426052,0.5305376327037811,0.049844241292962395,0.5507526910305023,0.04721030619999074,0.5649462413787842,0.04966415832942301,0.5817204332351685,0.04751301746999605,0.5909677398204803,0.04629029848990622,0.606021500825882,0.049460028914166954,0.6133333349227905,0.04586371109642448,0.6225806474685669,0.042923293758126056,0.6363440895080567,0.04360741272595229
relu,0.2880160089524,42,0.0004135991429,3,0.008162385886,CBF,b3fdc13bcf404a482cde848c8ed5ed27,49,0.32500000000000007,0.020131404260508017,0.6243010795116424,0.04765636768564734,0.8027956986427307,0.012060284822195613,0.8636559152603149,0.010682562211750027,0.8980645132064821,0.008781724981970263,0.9161290311813355,0.010172521401048828,0.9305376315116882,0.006015744822741705,0.9451612854003907,0.010000573354063189,0.9556989240646363,0.008096703954029859,0.9602150535583496,0.006800594402821873,0.967311828136444,0.005077728662062817,0.9720430135726928,0.0034003009711422753,0.9765591430664063,0.006242118399504657,0.9784946346282959,0.003400300971146481,0.9797849583625794,0.004950914809424866,0.9832258129119873,0.003921421337272696,0.9821505498886107,0.002589592464778104,0.9834408712387084,0.003533695265048017,0.9853763532638549,0.0028039608354436243,0.9860215163230895,0.002521729039777726
relu,0.4384211751612,75,3.50664464e-05,3,6.02881569e-05,CBF,2da7102637c91fd031f20fd35b9036c4,50,0.330625,0.028589907528706705,0.3522580659389496,0.03809700405779032,0.4030107492208481,0.04638261578185649,0.4404301083087921,0.04468902962827887,0.4843010747432709,0.039643745724025535,0.5326881682872772,0.04360211684879171,0.5640860223770142,0.04256896815916827,0.6058064520359039,0.030815409365536495,0.631182792186737,0.03685835691024622,0.6653763437271119,0.0298026010889497,0.6823655915260314,0.028373659350254137,0.7139784908294677,0.028892535208467202,0.7275268816947937,0.02094153844867071,0.7415053796768187,0.027870008747761573,0.7668817138671875,0.017527220472307495,0.7776344084739685,0.017576617985070098,0.7888172030448913,0.018257416617677498,0.7987096810340881,0.01597416435703019,0.8047311854362487,0.015685664755839712,0.8163440918922424,0.016612813156238818
relu,0.3004777873109,114,0.0005299835702,2,9.92793269e-05,CBF,d403c23dfbb8927fc3f98ac6d7fa4498,51,0.34937500000000005,0.03733034539754489,0.8888172054290772,0.017710952286092686,0.9453763389587403,0.013352388112993937,0.9688172054290772,0.011303126635201208,0.9804301118850708,0.008814587730697878,0.9830107617378234,0.007229131259759749,0.9873118376731872,0.007952624574680335,0.9898924803733825,0.005967498680062487,0.9905376410484313,0.005066330470633128,0.9920430159568786,0.0051903302310808384,0.9907526922225951,0.005354796882492127,0.9926881790161133,0.003906641892522722,0.9933333396911621,0.0035172928249559655,0.991827962398529,0.003450927860162002,0.9933333396911621,0.0035172928249559655,0.9931182861328125,0.0036936661628867475,0.9926881766319274,0.0038319425611239182,0.9937634468078613,0.0027832616694453706,0.9935483908653259,0.0037248411956960444,0.9937634444236755,0.0035172966515089454
relu,0.4326157535199,89,1.81895764e-05,4,0.0035791585303,CBF,7ab4b730362f1f3d89f3d716c63ff932,52,0.333125,0.032295026706909515,0.32172042667865747,0.025244783576045305,0.3488172030448914,0.02841437135001985,0.36838709235191347,0.022537081210322052,0.38365591168403623,0.021443459425866337,0.39870967864990237,0.02249600187747539,0.4139784944057464,0.022809897313884286,0.42709677577018734,0.024689073905620126,0.4468817210197448,0.02619112996807118,0.461075267791748,0.024922125719063857,0.4759139752388001,0.01928902062468493,0.49784945845603945,0.02314951476082277,0.5083870959281922,0.016560535982244776,0.526666659116745,0.024512825085520107,0.5354838705062867,0.020001155359906587,0.5535483920574189,0.027492003011704808,0.561935486793518,0.02679124246066317,0.5754838716983796,0.02206791159452945,0.5840860223770142,0.030559204876247744,0.5918279540538788,0.023821519320534338
tanh,0.1672731797265,43,0.000231379342,4,2.81083575e-05,CBF,a14bae5c27255c26c62748e1aecf556c,53,0.339375,0.01908553935575309,0.4711827957630157,0.025198944460108078,0.6845161271095276,0.025440962034171323,0.7750537657737733,0.02202858311611438,0.8326881742477417,0.018508998301262646,0.8653763461112977,0.01304581034759432,0.8911827945709228,0.016785906434010744,0.9090322542190551,0.009268536765620014,0.925161292552948,0.013464490980445843,0.9348387122154236,0.011318445065701092,0.943870964050293,0.009539029459933998,0.9494623589515687,0.007009892488523441,0.9559139704704286,0.007641222166749632,0.9608602070808411,0.0070345994983858785,0.9668817138671875,0.005607926813788579,0.9713978457450867,0.003614564566006025,0.9739784908294679,0.004192176008729497,0.9765591430664061,0.005397808955379864,0.9787096881866455,0.003677983302960696,0.9795699071884154,0.003314195982372433
gelu,0.445109547612,61,0.0002566094369,4,0.0009099554481,CBF,2fb05a3a875c3519dfd05f84e0457dbe,54,0.33625,0.030184976602608125,0.4174193549156189,0.010491451731012711,0.5793548417091369,0.02125390384031896,0.668602147102356,0.013199994803725074,0.7264516162872315,0.02547502903355551,0.7701075267791748,0.019905547942571166,0.800430109500885,0.010161150888601991,0.8290322637557983,0.016057189708572624,0.8541935515403747,0.017079517793577317,0.8741935539245607,0.013451609356139762,0.8913978528976442,0.01582144593092411,0.8965591406822204,0.011739651294939162,0.9098924732208251,0.009104928452955217,0.9137634420394898,0.011715001365620476,0.9266666698455811,0.010069704852977812,0.9331182813644409,0.005859967104250958,0.940215048789978,0.007395160422464448,0.9445161271095277,0.00739515686915058,0.9496774101257325,0.0086490643310129,0.9593548345565797,0.00500895456325586
relu,0.3964911288382,73,0.0002507454786,1,8.13006293e-05,CBF,0af9cec7ccfd58be1f88eb4e091d459a,55,0.32125,0.035382949636795405,0.7376344060897827,0.015619185750063613,0.8400000047683716,0.015681981159784794,0.8832258009910584,0.016994692657940822,0.9034408664703368,0.013630915296882606,0.9165591430664062,0.01628241879145909,0.9279569816589355,0.013707038450276795,0.9389247274398803,0.011133055658422753,0.9447311782836915,0.011318447727084666,0.9513978433609009,0.010463862908441292,0.9572042942047119,0.010736550216870885,0.9612903189659118,0.010535441873276754,0.9640860176086425,0.008280273583427634,0.9670967721939085,0.007776215329362623,0.969032254219055,0.008377448220560326,0.9729032278060913,0.008581975304315056,0.9737634444236756,0.007886943392442091,0.9746236610412599,0.008315111143485062,0.9741935563087463,0.006926936057848509,0.9774193596839904,0.007009896602845732
gelu,0.1208251128893,17,3.45140225e-05,1,0.0002900142601,CBF,9e21976f488dc0d1a46cd44cd2195ca3,56,0.29875,0.06090143163341895,0.34709677338600164,0.06619412626635304,0.39505375981330876,0.06894141429257925,0.4324731183052063,0.06188356373207956,0.47161290407180784,0.054725799360645117,0.5081720471382141,0.0522728845048277,0.5438709676265716,0.04374640007812932,0.575268815755844,0.043398786656717765,0.6015053772926331,0.044578938037943446,0.6279569840431214,0.037864122734513714,0.6496774172782899,0.03343203780192101,0.6713978576660157,0.030890365104795082,0.6860215044021606,0.028039583897063087,0.7004301071166992,0.02440883658921069,0.7141935443878173,0.02053453889876929,0.7281720423698426,0.01940554617522847,0.7380645155906678,0.018818736182835926,0.7513978505134583,0.018723263535733437,0.760430109500885,0.015403013941706397,0.7722580718994141,0.016682268062867444
tanh,0.3645404339902,12,5.59856902e-05,1,0.0060076435329,CBF,1847c322e5fbb61cc1d6672f3c84e4b1,57,0.3175,0.07090376400445889,0.35806451737880707,0.06661895560508631,0.4032258063554764,0.06608749564456894,0.43978494644165034,0.05660756586935349,0.4804301077127457,0.0490951776201421,0.5172042995691299,0.0438888823461188,0.5477419292926788,0.037423372811313554,0.5769892466068267,0.03892264741944083,0.5974193489551544,0.035667486329016555,0.6283871018886567,0.038721623991425695,0.648172048330307,0.038034735448077915,0.6673118293285369,0.03555385876686094,0.6875268888473511,0.03782287924467414,0.7079569911956788,0.030333253353518125,0.7230107522010802,0.03403357731741582,0.7356989240646362,0.030445491691895567,0.7466666626930236,0.026834358762210984,0.7584946179389954,0.029414059246889553,0.7705376362800598,0.02915744618501979,0.7804301071166992,0.02749200093688232
tanh,0.3598577668179,97,0.0001710513892,2,0.000212288609,CBF,1b692a5ad7eeb0f4e259bf45f5e0ba13,58,0.343125,0.05665651716704796,0.6761290287971496,0.03725926679632026,0.8227957034111023,0.019730525825027097,0.8677419400215148,0.01660586045702072,0.8926881766319275,0.014945845633506998,0.9086021494865417,0.014325707305419329,0.9234408569335937,0.015157097171293142,0.9335483837127686,0.011959192669924562,0.9425806403160095,0.01103395159334855,0.9520430135726929,0.008886435836573944,0.9580645155906679,0.010452808646145144,0.9638709640502929,0.007776209477587145,0.9677419376373291,0.007864918891741601,0.9711827945709228,0.005909090519353125,0.9754838728904724,0.007503810012891143,0.976989254951477,0.005408513000267981,0.9782795786857605,0.006288255553586117,0.9793548464775086,0.008847318924219354,0.9812903285026551,0.006478443556162234,0.9815053868293763,0.006943609862559347
relu,0.1896161786388,61,0.0003504652287,2,6.50137646e-05,CBF,040725996e222067b3dd6cded32a3963,59,0.32437499999999997,0.014724023736737177,0.7901075291633605,0.0248640618190569,0.8901075267791748,0.02217244930392844,0.9180645155906678,0.01264069288701463,0.9412903213500977,0.014872179442866338,0.953978488445282,0.0140897165396363,0.9640860152244567,0.013028074964737735,0.9698924732208252,0.010725775383457252,0.9765591454505922,0.007805893815569381,0.9802150630950928,0.005669428323519922,0.9825806570053099,0.006334053720030992,0.9849462437629699,0.005212558933587053,0.9868817281723021,0.0050089513644216805,0.9881720495223998,0.004808749750331798,0.9898924803733825,0.005300540418829234,0.9896774268150329,0.00490398048180514,0.9905376410484313,0.004260562483142402,0.990752694606781,0.004723845564884,0.9911828017234802,0.005957803428778893,0.9909677481651306,0.005967498680062487
tanh,0.3732282489862,52,3.55376075e-05,1,0.0029814817911,CBF,130c5faa4d3d32b30f1c5d479fc5c67a,60,0.333125,0.05329018436823051,0.41483870983123783,0.0683087717854789,0.4834408557415009,0.05517815779240848,0.5382795691490173,0.045914102877601316,0.5881720340251922,0.03455111905375129,0.6344085979461671,0.030289389818056858,0.6731182789802551,0.026228623951715133,0.7109677386283876,0.02282763259480009,0.7344086050987243,0.01778261833907087,0.7539784932136536,0.013715468328144935,0.7709677410125734,0.00955719354266943,0.7845161247253418,0.007549892634653536,0.7982795691490173,0.01027430560678692,0.8075268840789794,0.010886267863818007,0.8191397905349731,0.012799764983027349,0.8318279623985291,0.014755095807560546,0.8372042989730835,0.01579584112050887,0.8453763437271119,0.01564507250917141,0.8533333325386048,0.013485948092273313,0.8580645179748536,0.013059094961672615
relu,0.222145433479,60,1.47982394e-05,1,0.0001301780752,CBF,62467b0a0c7a87877579df2927ecd9fe,61,0.319375,0.0518411033833193,0.34817204236984256,0.024887303479341497,0.39204301118850704,0.02515531799724721,0.4283870923519135,0.029804540898301403,0.45290322780609127,0.03002485109686187,0.4879569852352142,0.03214496014305096,0.5107526874542236,0.02922081308222131,0.534838707447052,0.025857918351036232,0.5584946203231811,0.024432515953403303,0.585161291360855,0.028012751899117554,0.6096774208545686,0.025536224177066594,0.6270967793464661,0.029676254698190765,0.6443010687828065,0.030005588975465264,0.6612903237342834,0.031117842869498636,0.6767741966247558,0.029978604937251803,0.6920430088043213,0.03046636835406474,0.7079569816589355,0.02692039826824117,0.7206451559066773,0.02548410316432617,0.7307526898384096,0.02301928871323031,0.7415053772926331,0.023736415139917703
tanh,0.403809122103,113,5.02195109e-05,3,1.55817198e-05,CBF,ae8e601d094636c8ffd9bd1597200b1c,62,0.341875,0.023551804601770962,0.4266666686534881,0.02438276886162754,0.5346236503124236,0.03365608208989515,0.6232258057594299,0.025338495481405866,0.6832258009910583,0.022792149638588888,0.7245161271095275,0.018754116663425184,0.7597849488258361,0.011007724859369884,0.7898924660682678,0.009754766532051087,0.8096774196624755,0.01000058328759739,0.8294623684883117,0.01255350821044209,0.8408602237701416,0.013749153867905668,0.8481720471382141,0.01668227278835956,0.8615053772926331,0.018490247781266143,0.8746236538887023,0.01264526792272002,0.8741935467720031,0.016039173317149925,0.8838709664344788,0.013494512236570064,0.8907526898384095,0.013990891706210153,0.8937634420394897,0.012594875298881448,0.9015053772926331,0.01419599165931476,0.9025806403160095,0.014398159916588228
gelu,0.5910472957284,101,0.000873650542,1,0.0045889881914,CBF,205050fe7604db57a0aec0901a5a93cb,63,0.34187500000000004,0.04973562920583191,0.8664516115188599,0.027386651388824554,0.9268817162513734,0.019899732959188104,0.9529032206535339,0.014514138431539708,0.9645161294937135,0.012539691513061828,0.9713978505134582,0.00785020292324484,0.9759139823913573,0.008384348730481096,0.9782795834541321,0.005451097713793725,0.979139792919159,0.006654519227504406,0.9808602213859559,0.006775047516301353,0.9834408712387084,0.0067835778662128305,0.9827957105636596,0.005376348495485522,0.9845161390304564,0.007701510486847229,0.9870967841148376,0.006361374577940111,0.9851612949371338,0.007768775166871034,0.9875268912315368,0.006158200585688519,0.9860215139389037,0.00526772458666346,0.9853763508796692,0.006951929970512783,0.9875268840789795,0.007156806088829625,0.9886021614074707,0.003614563502121542
tanh,0.2351176852506,99,0.0005117392098,1,0.0020747109966,CBF,8806233fc735c5a5fd5ac308a3e2c8cf,64,0.34500000000000003,0.031296839896385716,0.846881718635559,0.020579533899300572,0.9240860199928285,0.013824630749406866,0.952688159942627,0.009155584786541708,0.9627956914901732,0.009174513789156092,0.9701075267791749,0.007731479226310991,0.9729032301902769,0.006689175053541507,0.9774193668365478,0.0074883817835026045,0.9791397953033447,0.00691022471040933,0.9808602237701416,0.007731475247291183,0.9834408688545228,0.008210150866809122,0.983655924797058,0.008096710761520137,0.9851612997055053,0.005397807649286654,0.9858064627647399,0.008273280147947454,0.9862365674972533,0.005659225732175716,0.9860215139389037,0.008189001791175264,0.9866666746139525,0.005566529786530117,0.9868817257881165,0.0083774430947731,0.9847311902046204,0.006379529241279113,0.9875268864631653,0.0054085109857533896
tanh,0.4562104264616,78,1.52439706e-05,1,0.0006697882844,CBF,93dfe94ec8248a1d281f004ed85f1e70,65,0.32875,0.0366038761608658,0.37720430195331567,0.03834505368191883,0.40881720066070554,0.04155047821978934,0.4421505337953568,0.04274380099348711,0.4731182795763015,0.03624947902497433,0.502365585565567,0.03769120394008076,0.5344086027145386,0.02491748232887785,0.5580645096302033,0.020130796606931532,0.5825806427001954,0.01815900470134179,0.6088172030448914,0.01375755738074216,0.631827952861786,0.015007610459698747,0.654838707447052,0.014526076563528086,0.6746236550807952,0.014134780153327463,0.6881720447540284,0.014743344163870171,0.7027956986427306,0.016789350654594623,0.7223655915260314,0.018190800403279653,0.7322580599784851,0.016111100497940345,0.7436559104919434,0.013949518138057717,0.7544086003303528,0.01550029306069239,0.7688172054290772,0.012259945388728247
tanh,0.2539002266266,35,0.0005090194004,3,1.29494704e-05,CBF,48257eabf66ee5b8939c6900ebfb4dcb,66,0.3375,0.025483603797343903,0.6501075232028961,0.060380912053304966,0.8305376362800597,0.0145181181638456,0.8870967793464661,0.008153631166340658,0.9176344037055971,0.011241574623462047,0.9344085955619812,0.008294215255719913,0.9468817162513732,0.006343176644080073,0.9567741870880127,0.010870326867680722,0.9677419304847718,0.009435450843916712,0.9707526850700379,0.008025004030326945,0.9774193596839904,0.007938091950606973,0.9795699000358582,0.006269846012084133,0.9812903356552123,0.0063431743201722585,0.9847311949729919,0.006242116962047547,0.9860215139389037,0.005889489690127557,0.9864516186714172,0.007850201616962404,0.9881720519065856,0.006496259520433187,0.9883871054649352,0.006859841082789311,0.9883871054649352,0.004892177101517703,0.9883871054649352,0.004772546739188511
relu,0.5192528517626,96,3.28752997e-05,3,7.281832e-05,CBF,5a4ecbaf233caba82128340b2e11d7cf,67,0.344375,0.01759461032532405,0.33870967805385593,0.01783131349402145,0.39720430135726936,0.02074739384206969,0.4516129016876221,0.024952258824338006,0.49505375862121587,0.03289338455334513,0.5404301059246063,0.0362383157456699,0.5722580611705779,0.029928419933539015,0.6045161283016205,0.03382741872552623,0.6296774172782899,0.03740019713910037,0.6599999928474427,0.031855916449647116,0.6776344060897828,0.029637257872469305,0.6963440918922424,0.02687741822558617,0.7215053749084472,0.034776258995096614,0.7281720399856567,0.026463411347105018,0.7387096762657166,0.03038466980069677,0.7535483813285827,0.03049292817931462,0.7655913996696473,0.028234765348166116,0.7763440847396851,0.02757178956731763,0.7875268793106078,0.029521957560779293,0.7991397905349731,0.02787830649517758
gelu,0.4332637919435,84,2.73862445e-05,3,0.0028550074334,CBF,e9e90f0beec3fa059498ab602ebb675e,68,0.31437499999999996,0.03199120973017433,0.3331182795763016,0.02198918264328706,0.38731182634830474,0.03538925271037137,0.4316128993034363,0.04347597658179108,0.4619354867935181,0.039731147639341595,0.4976344096660614,0.03817128449416856,0.5279569911956787,0.04507801121184776,0.5670967721939087,0.039395064698121186,0.5967741858959197,0.04351850594062844,0.6204301130771637,0.033107104493519335,0.6410752737522125,0.03652275332795474,0.6653763389587403,0.040264478267321664,0.683655912876129,0.03503627646095861,0.6978494572639465,0.03727167336907217,0.7187096810340882,0.040480693566296,0.7318279576301574,0.033511490408892834,0.7462365579605102,0.038597508865785245,0.7548387169837951,0.037993684325699356,0.769892475605011,0.031247613847516908,0.7778494620323181,0.03394002137658215
relu,0.2180165742874,109,0.0006376616949,2,0.0002519075909,CBF,ac668308078fb6fd0d5ed4f194db635d,69,0.36375,0.038438770304212375,0.8980645179748535,0.004327873079686373,0.9608602094650269,0.006204968458081538,0.9739785027503967,0.006334050178564305,0.9817204403877259,0.006584653299979065,0.987526888847351,0.00540850837874872,0.9888172101974486,0.0055143588432692405,0.9905376410484313,0.003906644517427634,0.9913978576660156,0.0036464104919308377,0.9933333396911621,0.0029837470309284856,0.9933333373069763,0.005179180350894693,0.9948387145996094,0.002677395209642848,0.9933333373069763,0.0025671701622854686,0.9931182837486267,0.004472394946195146,0.9946236610412598,0.002844891169762922,0.9937634468078613,0.0024519878231034813,0.9922580695152282,0.005859967651105151,0.9948387145996094,0.0017668452746975177,0.9952688193321227,0.0031897643694808945,0.9944086050987243,0.0023311288720613624
relu,0.1101956892241,77,0.0001513120523,2,9.78948298e-05,CBF,ffe118d436c5020ea0e20b5d2f4bd40b,70,0.328125,0.022426093897511445,0.6918279576301575,0.04171156246029364,0.8288172054290772,0.02717475498041001,0.8772042965888976,0.018692360545636832,0.9045161342620849,0.017143706347419546,0.9167741918563843,0.013005860749606794,0.9292473125457763,0.013883053046209407,0.9389247298240662,0.011837728746075643,0.947096769809723,0.01115899420917429,0.9556989169120789,0.010436204285187387,0.9612903141975403,0.007488383495250928,0.9651612806320189,0.006826056852368906,0.970967743396759,0.00713252861450418,0.9713978552818296,0.0045998318760405565,0.9752688217163085,0.006082643713804588,0.9776344156265259,0.006602191497758352,0.9789247417449951,0.005077723487049814,0.9797849535942078,0.004459445500541116,0.9823655962944031,0.0032791260516984865,0.9821505427360535,0.004903975646206963
gelu,0.1828064306006,27,0.0001707063446,4,0.0025555869149,CBF,a732f2e3400952aa938bd0c185bf5bd4,71,0.33999999999999997,0.020179855363703675,0.41720430016517634,0.018056836127947562,0.5539784944057464,0.015533822620326933,0.6227956974506379,0.008377449368124583,0.6746236562728882,0.013824622543682564,0.7126881742477418,0.015570991681093735,0.7539784908294678,0.012245801085809202,0.7819354820251465,0.016207695748052208,0.8081720399856568,0.00954508810673622,0.8258064484596253,0.01330034274079379,0.8479569888114928,0.013782750197152388,0.8632258129119872,0.010212222638255945,0.8774193596839905,0.00860215872526507,0.8939785027503966,0.009514762288572544,0.9038709664344788,0.004962569832408338,0.9118279504776,0.004624902339790153,0.9167741942405702,0.004962570090707228,0.9253763437271119,0.006111088444632012,0.9313978505134581,0.00787960282179695,0.9372042965888976,0.006826050937183754
relu,0.2980488070471,118,4.85323195e-05,4,0.0015685687232,CBF,a7ce2c4fd61ef1805a2daaf3b1d7f30c,72,0.33125,0.031868871959954914,0.4068817210197449,0.007156799909699918,0.5529032254219055,0.006558258846471957,0.6427956986427307,0.010817017409239535,0.7055913996696471,0.009355453355335757,0.7410752701759339,0.004950908336775834,0.7737634372711181,0.017530511333453732,0.8008602166175842,0.014414212211140727,0.8182795691490172,0.02304940588816455,0.8324731230735779,0.012844849006121505,0.8445161366462706,0.016049987695252416,0.859354841709137,0.011515928370623634,0.8664516091346741,0.015755535132656276,0.8741935443878173,0.013707046399090688,0.8804301071166993,0.013481660961254036,0.8879569864273071,0.014731575271133612,0.8929032278060912,0.01419598876988791,0.8987096858024597,0.014374050961502204,0.8993548464775085,0.01439816646004416,0.9077419424057005,0.015271088603662301
gelu,0.2553340760765,113,1.68908172e-05,2,1.56947633e-05,CBF,f0d9442c0ff887f2e5891a81336c1d52,73,0.35250000000000004,0.036737030024214,0.40752688109874724,0.03645621296389519,0.46666666507720944,0.039515217662762794,0.5195698893070221,0.0380271340735493,0.5655913996696472,0.03406243961419964,0.6070967721939088,0.031948334531697924,0.6445161271095275,0.027251223952861225,0.6789247274398804,0.019980907157480243,0.7060215044021605,0.0171975748194967,0.7292473125457762,0.01480985872405061,0.7496774172782897,0.014984482441010593,0.7718279576301574,0.015195191609147412,0.7862365579605102,0.016682272788359594,0.8002150559425354,0.012409923901629562,0.8150537681579589,0.01511126073822313,0.8296774220466613,0.01415521155823223,0.8367741942405701,0.01094980914283166,0.8458064460754395,0.01169525335315923,0.8518279600143431,0.009508688228453108,0.8597849559783934,0.011520943445484115
tanh,0.5807337429231,26,1.61248797e-05,4,0.0034546055576,CBF,056b19541ce48fd2954e62af88f192a7,74,0.31999999999999995,0.01691546075340545,0.33075269281864167,0.0254523183666659,0.3292473125457763,0.035519693159844254,0.3305376344919204,0.040829077790810714,0.33225806534290314,0.03834204497454836,0.3324731183052063,0.03481281609032969,0.33698924601078034,0.040537774013053376,0.3348387122154236,0.03805145438429092,0.33892472863197326,0.0371504981593863,0.3367741936445236,0.03814856383185698,0.3393548369407654,0.038005848737148046,0.3458064514398575,0.038339026924528834,0.34064516067504885,0.035184468619129494,0.346236560344696,0.039734058529799464,0.34537634134292594,0.03920236069483776,0.3443010759353638,0.04027883003304981,0.34752688229084017,0.03945958504530407,0.34903225719928743,0.03373500617750151,0.351397848725319,0.033501142445642215,0.35462365627288817,0.036044767474042706
relu,0.2728855301415,38,2.2545987e-05,1,0.0004155501236,CBF,4c0ec0080ff77d264d15376f14011f19,75,0.339375,0.0481392024497706,0.40258064508438113,0.06073888646438676,0.4361290311813354,0.062331285101774124,0.4716129028797149,0.05870121326473904,0.5015053784847259,0.064951932402041,0.532688171863556,0.07209755600022605,0.5608602142333984,0.06309638702836448,0.5890322601795196,0.059652705903730986,0.6135483860969543,0.05389017390972166,0.6341935539245604,0.05224965649502126,0.6524731230735779,0.04477819543348342,0.6709677362442017,0.046105087072036824,0.6918279480934142,0.04350920538638709,0.708387095928192,0.04268966598180792,0.7232258105278015,0.03792971960886113,0.7369892501831055,0.039912611654345204,0.7477419304847718,0.03744653703259149,0.7565591382980348,0.033803480849623604,0.768602147102356,0.034268869005539396,0.7774193525314331,0.03301092739539474
relu,0.3631688626589,119,0.0005602313925,4,0.0027668403552,CBF,06f5c0625a384ec27a56b4588150047a,76,0.35,0.023901653969966186,0.646236560344696,0.04728126625426196,0.8864516186714173,0.013550094606908205,0.9337634372711181,0.014794221300764736,0.9563440847396851,0.01296134861130963,0.972043011188507,0.008082423576687878,0.97763441324234,0.00624212189045391,0.9821505498886107,0.003450931017428827,0.9832258152961731,0.003921421010398356,0.9879569959640502,0.0047115905278493336,0.9883871030807494,0.003979952002613296,0.989677424430847,0.0050777299242599685,0.9903225874900817,0.003801650793304818,0.9922580695152282,0.002331127497384608,0.9916129112243652,0.0035172928249559655,0.992903230190277,0.0031897641685539636,0.9944086050987243,0.0030791033630338735,0.9933333396911621,0.002068318894341892,0.9922580695152282,0.0032614514446832293,0.9922580718994141,0.0019234975010917763
tanh,0.2606245211513,43,2.26726529e-05,3,0.0033090434147,CBF,642e20f048e5b2029242cf2324b0dee1,77,0.340625,0.030378472023786844,0.34408602237701413,0.04757988640958492,0.35741935431957245,0.052006783129091363,0.3761290341615677,0.05057422878606918,0.4109677404165268,0.05399626644453601,0.43053762912750243,0.05083190190432217,0.4565591424703598,0.04596444649659513,0.4763440871238709,0.042476521009916814,0.49548387289047235,0.0472102983668457,0.5206451642513275,0.04506774640775624,0.5443010795116424,0.039642285801430054,0.5621505331993102,0.04518304810947048,0.5870967721939088,0.0410648574781121,0.6032258081436157,0.03421484646253987,0.6195698976516724,0.038405314964883766,0.6365591311454774,0.040397781985611045,0.6569892501831055,0.04259204748376874,0.6655913996696473,0.03781065102740693,0.6780645155906677,0.03753905183217961,0.6894623613357543,0.030925905900759065
tanh,0.3862313498007,10,4.82632498e-05,1,0.0028908500275,CBF,f53e161bfbd2e47a61cfaf1bd8b38b92,78,0.33625,0.0370150940495901,0.3804301059246063,0.055077485877307486,0.43118279635906215,0.05390840404344279,0.4681720411777496,0.05303594122483211,0.496989244222641,0.06216783687454054,0.5148387086391448,0.060842544930501355,0.5460215044021606,0.061654266153023086,0.5679569876194,0.060614077070610894,0.5894623637199402,0.05842876485781295,0.6096774208545686,0.053304495572448936,0.6313978469371795,0.051754957528013165,0.6473118233680725,0.046634938129558136,0.6658064579963685,0.044036160005410975,0.6769892501831054,0.043945490386607264,0.6905376338958741,0.04256081902622238,0.7023655915260315,0.047564089787893095,0.7137634348869325,0.04308058915553003,0.7275268793106078,0.04162138251347449,0.7361290264129638,0.04059478296911586,0.7421505379676818,0.0398459220864043
tanh,0.3280502839488,39,1.06304283e-05,3,0.0001235287703,CBF,de72c52c2b00c1e82203a604b3401c04,79,0.3325,0.015404696929832786,0.33892472803592677,0.02872598152087819,0.35333333492279057,0.04041638158493508,0.357849463224411,0.04645111678571609,0.3705376321077347,0.047162520357278775,0.3759139788150787,0.047033639916689636,0.38279569804668423,0.046851376670443264,0.39247311830520626,0.04493028688523599,0.405591395497322,0.04484270789657874,0.41548387169837947,0.046190274006088196,0.4202150517702103,0.04257439558065854,0.4305376356840133,0.040680135457319154,0.44344085931777955,0.04246018908304074,0.4511827945709229,0.04009325353956944,0.4587096774578095,0.0377616902521844,0.4625806427001953,0.04315433655921193,0.47182795763015745,0.04195202340003193,0.48516128778457634,0.04106767128326578,0.4877419352531433,0.04305508258307355,0.5008602178096772,0.03970057820914477
tanh,0.2775053725553,84,1.31877744e-05,3,0.0049811593345,CBF,ef2da149efd51961343ae573caf0e500,80,0.339375,0.02592055169165965,0.3795698881149292,0.030107523607356367,0.4045161318778992,0.04074261722410241,0.42860215425491327,0.04224178233220967,0.45892472743988044,0.045685640892412255,0.4849462330341339,0.04737897843758145,0.5111827933788299,0.04526741231499923,0.5391397845745087,0.0475835352601235,0.5559139811992645,0.043538425487191425,0.5795698940753936,0.046684503597252805,0.6023655855655671,0.043401453534514856,0.6169892466068267,0.043414767603581386,0.6350537633895874,0.04013648576506217,0.6518279576301576,0.03795866692217533,0.6690322566032408,0.03128828993923861,0.6802150464057922,0.02943370199314517,0.6952688074111939,0.02957087846666317,0.7094623637199401,0.024441974749148682,0.7234408617019652,0.021416480026692337,0.7356989288330078,0.02305443122953647
gelu,0.1761112050822,75,0.0004102638425,3,0.0064120354933,CBF,e68301c8c765e66e21abd874bedb02b8,81,0.321875,0.03637639602132129,0.7759139728546143,0.031086245344128845,0.8980645132064821,0.022991654558339535,0.9363440895080567,0.017918638111783562,0.9574193501472472,0.011939850371607504,0.968602147102356,0.009778453308510165,0.976774206161499,0.007156800267912786,0.981075279712677,0.007511506911579674,0.9832258129119873,0.005077730429144382,0.9858064579963685,0.005760475811548056,0.9881720519065856,0.005790498144274593,0.9877419447898864,0.003921413165351457,0.9907526969909668,0.0032791260516984865,0.9903225898742676,0.0033141979161965948,0.9898924827575684,0.004536559783214461,0.9924731254577637,0.0038016457356826417,0.9918279647827148,0.003003059511060616,0.9918279647827148,0.0029052135919732758,0.9924731254577637,0.0032258033752441406,0.9922580718994141,0.0034341299341319855
relu,0.1714694761745,36,1.72324277e-05,4,4.96180182e-05,CBF,bfb6fa607e69d6bb8eb929c7b61b1402,82,0.32937500000000003,0.021718187942367576,0.35204300940036776,0.02983362346176415,0.3797849440574646,0.03398938247801794,0.3959139811992645,0.03061590851917322,0.40795698881149295,0.03170311599359386,0.4255914008617401,0.030293206155557473,0.4399999964237214,0.03183776230887463,0.4518279564380646,0.03501977634601922,0.4612903213500976,0.03069699504085609,0.47634408235549924,0.030251190482466165,0.490967743396759,0.030418894978111097,0.4959139728546143,0.030822909459513614,0.5133333325386047,0.02411097310493346,0.5232257962226867,0.026058355495821153,0.5356989204883575,0.02693972481222295,0.5483870971202851,0.028265460085460943,0.5606451582908629,0.027880374580812408,0.5694623672962189,0.025224165034306884,0.5817204260826111,0.019856113185581926,0.5963440823554993,0.02240845887620032
relu,0.2256904744589,106,0.0005385544543,2,0.0004359341817,CBF,fc93b18d94b91d340a951af250cc0588,83,0.31062500000000004,0.02456655500879193,0.8843010759353638,0.017645543849142693,0.9475268816947937,0.01820668697126506,0.9739785051345826,0.007269010315360565,0.9812903356552123,0.006433671220313464,0.9866666793823242,0.004723841223266815,0.9881720542907715,0.0051568031716681395,0.990107536315918,0.005008947781736664,0.9903225898742676,0.005212554015385543,0.9918279647827148,0.0035336905493950355,0.9916129112243652,0.004587249175297449,0.9924731254577637,0.0033141979161965948,0.9922580695152282,0.0048327328330026184,0.9939785003662109,0.0033661206269106083,0.9937634468078613,0.0023311250229583118,0.9939785003662109,0.0012259939115517406,0.9933333396911621,0.004122638974294208,0.9954838752746582,0.0014019776748401616,0.9931182861328125,0.00392141185784031,0.9954838752746582,0.002068318894341892
tanh,0.320198220028,28,3.1544737e-05,2,0.0002932147304,CBF,590ac9a9ca82f3de7a8965958e17062a,84,0.325,0.029231698334171413,0.3780645114183426,0.028066370067952377,0.4034408617019653,0.025370420309639877,0.4283870959281921,0.0243732870498026,0.4531182754039764,0.02653104274941069,0.4847311878204345,0.026177886756093435,0.5199999999999999,0.02592490551456655,0.5445161283016204,0.024784885880211046,0.5718279552459717,0.019271026313222854,0.5956989300251008,0.022721017276150973,0.6135483837127685,0.01782482683583979,0.6311827909946442,0.018008744428670145,0.6492473077774048,0.01707613660310742,0.6664516162872314,0.017109949904894325,0.6815053820610046,0.016490574746824332,0.692688171863556,0.015626578561870757,0.706451621055603,0.02008767954433299,0.7197849464416504,0.015814134367948082,0.7286021518707274,0.015537547157558514,0.7412903237342834,0.016175561384716736
gelu,0.16167075014,45,0.0003057526936,4,1.4523849e-05,CBF,0f467db4625f475a16b3332b6488f22d,85,0.33812499999999995,0.02394247663672245,0.5374193561077119,0.04513183964618025,0.7827956986427308,0.01563768048940758,0.8550537657737733,0.01250274693131608,0.8911827945709229,0.010817005796199874,0.9116129040718078,0.014829348906549017,0.929032256603241,0.012903228402138514,0.9464516115188599,0.008411874201494283,0.9539784932136536,0.009778447933964925,0.9645161294937135,0.007641222166749635,0.9694623637199402,0.00785019737155027,0.973548390865326,0.009392463140791486,0.9789247393608094,0.009754775336149619,0.9817204356193543,0.00949652217667134,0.9815053796768188,0.007952635696236695,0.9843010807037353,0.007316576238873015,0.9862365698814392,0.006334052505812937,0.9881720519065856,0.006034928699635055,0.9896774291992188,0.006343168661968645,0.9879569959640502,0.0074263663887516014
relu,0.2507987717781,40,1.66121852e-05,2,1.75586399e-05,CBF,5a74c5137209053dd57026868b3d2b72,86,0.364375,0.04904358711901078,0.3716129022836685,0.047958676846542425,0.398064512014389,0.04638261438624914,0.4227956986427307,0.04777631430752319,0.4406451618671417,0.041945134878679055,0.4617204296588898,0.04470196329596473,0.48344085812568666,0.046234058748770124,0.5002150511741638,0.0412642773922272,0.5210752689838409,0.04520351203319525,0.5372042977809907,0.04294752843801261,0.5563440918922424,0.04143344031673726,0.5722580683231354,0.03865288324429625,0.5911827921867371,0.039838668868945444,0.6088172030448914,0.04360079075413632,0.6210752701759338,0.040949258397551605,0.641720426082611,0.0398966741687523,0.6477419376373291,0.03446400077834264,0.66150536775589,0.0323779121581957,0.6756989240646363,0.033683561712747674,0.6879569888114929,0.033267369071435744
gelu,0.2020421791006,57,3.10929832e-05,2,0.0001976964198,CBF,ec4686dab984493d84c29a65ed89561e,87,0.309375,0.0317921717958997,0.3681720423698425,0.033931503014077574,0.44580645084381104,0.026726429555531627,0.5023655903339386,0.026067231658020096,0.5567741930484772,0.02713216141426658,0.5956989288330078,0.02411576370634783,0.6329032254219056,0.024122957017340584,0.664516122341156,0.02130280399171005,0.6913978528976441,0.024660957903703883,0.7176344060897828,0.019733455717173918,0.7425806498527527,0.022109782045166382,0.7619354796409606,0.015444242779760298,0.7808602142333985,0.018206688449746197,0.7905376362800599,0.012686347074233932,0.8032258057594298,0.012768111649318395,0.8165591430664062,0.014538018338285493,0.8264516091346741,0.0103304268079771,0.833333330154419,0.009647505968944113,0.8419354891777038,0.007292823620335651,0.8513978505134583,0.010012131929102712
relu,0.2560233204274,49,0.0001862909474,3,0.0001527220931,CBF,c8c15b938c745e3fd900aa543dffe60b,88,0.364375,0.027475130800416584,0.5318279564380646,0.03770807478729336,0.7189247298240662,0.015923412842465855,0.7974193572998047,0.013443010871344547,0.8378494668006896,0.01371547458982449,0.8683870911598206,0.011138247326364049,0.8877419376373291,0.008886434826861913,0.9027956986427306,0.007701507241317039,0.9184946203231812,0.0059090853131857175,0.9264516139030456,0.006740823492334701,0.9318279576301574,0.003994444325666409,0.9406451630592347,0.003079101905999067,0.9443010663986205,0.002331128047255407,0.9513978457450867,0.0052346898163762425,0.9567741942405702,0.005859965354324509,0.9621505331993102,0.005451093716256132,0.9634408545494081,0.004868487256250898,0.968387095928192,0.007034589203140012,0.9711827993392944,0.006602189459180553,0.973978500366211,0.006334052606998852
tanh,0.1643837676331,125,0.0004076763875,3,0.003086208113,CBF,958e2cc3f3793a26149e1dafbd3fdbd9,89,0.33999999999999997,0.028760188412108843,0.8810752749443054,0.012599465598137013,0.9563440823554993,0.01052445889606145,0.9759139823913575,0.0066109383016465795,0.9843010854721068,0.003921416597558445,0.988602156639099,0.004844682233640358,0.9890322661399841,0.004327872931592641,0.990107536315918,0.0032614486935303205,0.9918279647827148,0.0034509228456890235,0.9929032325744629,0.002589587762372649,0.9931182861328125,0.0029052135919732758,0.9924731254577637,0.0043677584177146175,0.9939785003662109,0.0033661206269106083,0.9935483932495117,0.0034842658698343576,0.995053768157959,0.0016307243467651603,0.995053768157959,0.002229722750270558,0.9952688217163086,0.00235579369959669,0.9937634468078613,0.003598534316700631,0.9946236610412598,0.004624901646895677,0.9956989288330078,0.0021505355834960938
gelu,0.3917092691184,15,3.17496807e-05,4,0.0093836703851,CBF,85a0428db766420620bbb70ccb9d5e01,90,0.3275,0.01455726837356513,0.3329032242298126,0.015814131976813507,0.3554838705062866,0.017011689159876726,0.36150537490844725,0.019920062740100105,0.36537634372711175,0.021103778542416785,0.36838709592819213,0.021965508578917974,0.3726881730556488,0.021912807374409354,0.37419354915618896,0.022361967924052605,0.38150537490844727,0.030464473053029874,0.3870967721939087,0.02220631978569892,0.39075268983840944,0.01828905600099061,0.39677419424057003,0.022490858856979202,0.40215054154396057,0.020752967019486982,0.4077419328689575,0.027701478544198733,0.4053763449192047,0.016430864718499815,0.4146236562728882,0.02792181729988702,0.42172043085098265,0.02708951721369657,0.4301075279712677,0.03232966803964383,0.4359139776229858,0.028035455208063394,0.4391397845745087,0.025689701854255016
gelu,0.549223755991,89,7.63191177e-05,4,0.0005728874436,CBF,6181245f5d244503fb32ecb24109ba44,91,0.340625,0.020372507516258267,0.33978495001792913,0.012768111523826304,0.374623658657074,0.014949719831111883,0.4053763437271118,0.004927495722864154,0.43419354677200317,0.01502301079416052,0.46774193763732913,0.019885204176463972,0.4929032242298127,0.017824830934826768,0.518064513206482,0.02358738820767614,0.5423655951023101,0.030418901330557396,0.5664516115188599,0.03014973916099454,0.5881720411777497,0.03659864690717967,0.6008602118492127,0.038525544212693295,0.6191397893428803,0.029185179852394813,0.6294623696804047,0.030237817471948137,0.6430107522010803,0.026491795946482318,0.652688171863556,0.025056299730609567,0.6658064508438111,0.019891025968798808,0.6720430183410644,0.023112026472718577,0.6851612925529481,0.009447694996524595,0.6916129016876221,0.01138973589106386
tanh,0.3547375471537,128,7.21597702e-05,1,0.0001664320144,CBF,6020d1de29d3e818417f66fd3c33a487,92,0.335,0.028929467027582804,0.5453763449192047,0.0460323055250371,0.6827957010269164,0.039110819998235236,0.7567741990089417,0.03252043444033391,0.8045161366462708,0.024712477889726803,0.8380645179748536,0.016282418948906873,0.8621505379676819,0.015099767187727778,0.8765591406822205,0.01547789786026724,0.8911827969551087,0.018953420529123712,0.9006451678276062,0.013698600577624549,0.9109677410125732,0.011665550522404896,0.9159139823913574,0.011910763500911735,0.921075267791748,0.012131977798796646,0.9238709688186646,0.008847322546281825,0.9303225779533386,0.011813292801268983,0.9333333325386048,0.010257411607748125,0.9369892477989197,0.009989006601337187,0.9404301071166993,0.008788304051690562,0.9419354796409607,0.009942603095441269,0.9462365579605103,0.008996340066223516
relu,0.4918242319831,101,8.52491309e-05,2,2.99594568e-05,CBF,1d1a3b77f2605baee80115bb749b5a18,93,0.3125,0.0363763960213213,0.5096774220466613,0.060008285728204123,0.6774193549156189,0.027863780836873155,0.7589247345924377,0.020674818906209824,0.8083870935440064,0.017821591544587977,0.8367741942405701,0.01549655340721314,0.8529032230377197,0.015290003399969665,0.8675268864631652,0.011440377319800044,0.8806451606750489,0.012141495752259264,0.8875268840789794,0.012713667720249615,0.8976344060897826,0.010870325275771557,0.9073118281364442,0.011640748086189152,0.9105376338958739,0.013460198491317639,0.9148387145996093,0.012055481462076056,0.9191397857666015,0.011739644689112158,0.9225806498527527,0.009677418073020255,0.9279569888114929,0.010029439223616913,0.930107524394989,0.00909221983123668,0.9326881694793702,0.010441738630077559,0.9365591335296631,0.010617429588406346
relu,0.1932364540069,100,1.16122685e-05,4,0.0004438890014,CBF,9307d18b4e4fb68f82d6f874194118a5,94,0.324375,0.0333219381564158,0.3627956986427307,0.030399882565363915,0.4058064460754395,0.032831811969684946,0.4286021494865417,0.031179086688055066,0.45548386812210084,0.03045687946396702,0.48258064508438114,0.030953923906264797,0.5070967757701873,0.028045764793280286,0.5266666626930236,0.02815685380617386,0.5520430159568787,0.028179427961891428,0.5696774220466614,0.025438688805114393,0.5946236586570739,0.021944442131384835,0.6154838728904723,0.020253906610604226,0.6346236634254455,0.01924100275571232,0.649677414894104,0.017361509693222664,0.6681720447540282,0.02158051719673488,0.6808602166175843,0.017494208792086578,0.695483868122101,0.021470405430611756,0.7051612925529481,0.019992487218786183,0.7200000023841857,0.01766192283155843,0.731182794570923,0.01434587081497032
tanh,0.2051406406703,21,3.57866488e-05,2,0.001086631568,CBF,5c658cb654ba00d6e304d731cdadac40,95,0.3,0.040804890178751864,0.3393548375368118,0.04691056830967826,0.38258064687252047,0.04245201785342527,0.4152688157558441,0.037691202588243974,0.4470967721939087,0.028685705619762563,0.4789247310161591,0.02718750979875201,0.5066666638851166,0.022966493563675014,0.531397852897644,0.02657242192543164,0.5610752654075623,0.02210716778872319,0.5840860211849213,0.02148386198539715,0.6083870959281922,0.018583805952860594,0.6277419328689574,0.01636741936554841,0.6473118233680725,0.019295007619761054,0.6647311830520629,0.01970120245081244,0.6772042989730835,0.01638506564220821,0.6901075267791749,0.015974164557638337,0.7015053820610045,0.016264667256693614,0.7163440823554993,0.017527210928430906,0.7296774220466614,0.011241580951848795,0.7415053772926331,0.014794227495759083
tanh,0.174586034089,116,1.01372344e-05,4,8.1674742e-05,CBF,8c6466f8647b1bfbcc28a2c51565fda5,96,0.346875,0.03556189586481576,0.3531182783842087,0.015518927488482862,0.382150536775589,0.019183836286834715,0.4204301083087921,0.02785340895490406,0.45268816947937013,0.025985041226464934,0.48666666626930233,0.02935503601069514,0.5113978481292725,0.028758162348939468,0.5361290276050568,0.030161247321431935,0.5686021506786346,0.023452203392040002,0.584731183052063,0.025574673660473758,0.6101075255870819,0.03089035969996683,0.6307526850700379,0.031648360335368546,0.6546236491203308,0.03323259839109621,0.6756989288330078,0.03133629308936323,0.6911827993392945,0.035143365978328046,0.7070967698097229,0.03091841793931562,0.7204301047325135,0.03055541747224753,0.7341935443878174,0.02686451212569455,0.7490322613716126,0.02572343495082361,0.7619354867935181,0.022162015832707938
tanh,0.4941428183762,124,2.86835491e-05,4,0.0017030417116,CBF,7ec98125361624ad6771281dada6d05f,97,0.31437499999999996,0.027117366437395804,0.3486021518707275,0.02403652929659358,0.3888172006607056,0.033364539362501736,0.4141935503482819,0.03389570840253611,0.44086021542549136,0.03465136269576921,0.46172043204307556,0.03804385867934362,0.48344085812568666,0.03603835297450141,0.5073118269443512,0.04280460880479737,0.5253763437271118,0.041537955711142986,0.5451612865924835,0.0512757748803282,0.5640860199928283,0.053680582947976334,0.5862365627288819,0.04712450915207651,0.5989247310161592,0.05374192873470332,0.6122580671310425,0.055522827195926196,0.6281720387935639,0.0561790703584699,0.6359139752388001,0.04905512627479224,0.64,0.04690317547635425,0.6535483920574189,0.05020134965295255,0.6623656010627746,0.04349193495688131,0.6739784920215607,0.0517549499740472
tanh,0.3451483553217,48,6.80730499e-05,3,0.0063023144769,CBF,32f8613a301f2383c6dd8c3ce7d8778b,98,0.33875,0.008727650027355587,0.3698924708366394,0.00970724526832545,0.45999999880790715,0.02129466353527067,0.5240860247611999,0.02221413183384238,0.5720430052280426,0.01939958794193521,0.6174193501472472,0.017902497042590552,0.669462366104126,0.017130217933575553,0.7012903213500976,0.01884636660032134,0.7329032278060913,0.016103921400727948,0.7556989336013794,0.019642426561953447,0.7739784955978394,0.020150895945964663,0.790107524394989,0.021631354977073275,0.8064516139030458,0.02174597315191697,0.8159139847755432,0.020449903377727043,0.8303225827217101,0.022572956089031367,0.8404301023483278,0.023368237379723426,0.851612901687622,0.02182557270569407,0.8595698904991149,0.018178088965490016,0.8679569888114929,0.018846366872377097,0.874623658657074,0.018225730450022324
gelu,0.3485651553882,33,0.0001625443466,3,0.0031462114573,CBF,dc399a3461f922dc56545589e3d086a2,99,0.34562499999999996,0.04219328664017535,0.43161290407180786,0.04520351433008367,0.5505376362800598,0.05545719160713996,0.6412903225421905,0.04949508965879208,0.6959139752388002,0.049006785657177594,0.7406451606750488,0.042123920074281104,0.7754838752746582,0.03564154972346407,0.8043010711669922,0.027665978418979324,0.8309677433967589,0.03145413730715492,0.8479569911956787,0.02324422186161923,0.8597849464416504,0.02558823293763175,0.8733333253860472,0.02457171916779541,0.8838709688186646,0.020571099067543546,0.8911828017234802,0.020150888916939096,0.8976344108581543,0.020035809360239847,0.9045161247253418,0.019405548024748892,0.9116128993034363,0.020449907107244553,0.9184946155548095,0.016991290212151983,0.9232258009910584,0.01861798687168366,0.9279569840431213,0.01476293596542013
