activation,dropout_rate,ff_dim,hidden_units,learning_rate,num_heads,num_layers,pooling,dataset,val_acc_1,val_acc_2,val_acc_3,val_acc_4,val_acc_5,val_acc_6,val_acc_7,val_acc_8,val_acc_9,val_acc_10,val_acc_11,val_acc_12,val_acc_13,val_acc_14,val_acc_15,val_acc_16,val_acc_17,val_acc_18,val_acc_19,val_acc_20
relu,0.0068248533265,444,119,0.0001314059377,3,3,mean,RightWhaleCalls,0.5071875,0.5151819145679475,0.5116758501529693,0.5098254275321961,0.5188864350318909,0.5276424133777617,0.5296049237251281,0.5310069799423218,0.5289415645599365,0.5364277863502502,0.5476662969589233,0.5631973481178284,0.5707166492938995,0.5699301719665527,0.5705972075462341,0.567341046333313,0.5758085310459137,0.5747041606903076,0.5772197699546814,0.5791473770141601
gelu,0.0114454616177,720,237,8.7687954e-05,4,5,max,RightWhaleCalls,0.490078125,0.5144891571998597,0.521519660949707,0.5149650835990907,0.5313138508796692,0.5238717365264892,0.5265858113765717,0.5167934572696686,0.5241988253593445,0.5315343630313873,0.5446067655086517,0.5501249527931213,0.5571462678909302,0.5639599370956422,0.5632579922676085,0.5644744539260864,0.5730264568328858,0.5762091147899627,0.5659408318996428,0.5672050666809081
relu,0.2048941544644,1023,171,1.42572062e-05,4,6,max,RightWhaleCalls,0.4921875,0.5028353536128998,0.4997243654727936,0.5056119072437286,0.5016317522525787,0.5008783507347107,0.4998787248134612,0.5072234499454498,0.5145718514919281,0.5191436982154846,0.5225486958026886,0.520626608133316,0.5260308682918549,0.5327673625946046,0.5382873892784119,0.5408397662639618,0.541734652519226,0.5431183362007141,0.5448621785640717,0.5472895956039429
relu,0.049181432978,264,130,8.97283963e-05,4,3,mean,RightWhaleCalls,0.50703125,0.5189378893375396,0.5148199236392974,0.5273539137840271,0.5263487720489503,0.526166855096817,0.5328224945068359,0.5386604166030884,0.5510124921798706,0.5657534039020538,0.5620764398574829,0.5599485492706299,0.5614406514167787,0.5625707519054413,0.5708471143245697,0.5725762581825256,0.5780889391899109,0.5765196633338927,0.5782359445095062,0.5783645749092103
relu,0.2928572457859,489,100,3.81980588e-05,5,6,mean,RightWhaleCalls,0.5188281250000001,0.5155898559093475,0.5140040445327758,0.5136218309402467,0.5105641329288483,0.5110602724552155,0.512826167345047,0.5141583943367004,0.5172234487533569,0.520804853439331,0.5239581084251403,0.5334435892105102,0.5400679886341095,0.5410878360271455,0.5410768079757691,0.541041898727417,0.5412954831123351,0.5403693521022797,0.539048147201538,0.5390205812454223
relu,0.1551038879495,717,111,0.0001224984922,7,5,max,RightWhaleCalls,0.5134375,0.5166703414916992,0.5178647577762604,0.5336696112155914,0.5338147747516633,0.5318706357479096,0.5367328226566315,0.540209481716156,0.5531844925880431,0.5599981594085695,0.5631312000751495,0.5688404941558838,0.5680558586120605,0.5702002930641175,0.5730521869659424,0.5776387381553649,0.5844744563102723,0.5849099564552308,0.582925395965576,0.581036376953125
gelu,0.1256097800855,917,217,1.49723887e-05,2,2,max,RightWhaleCalls,0.5034375,0.4944634354114532,0.4925836133956909,0.4935189306735992,0.4939305436611175,0.4943458318710327,0.500988608598709,0.5084876906871797,0.5139415621757507,0.5147703051567077,0.5231752991676331,0.5255751550197602,0.5286953353881836,0.5297372269630432,0.5371003341674805,0.5439562606811524,0.5490297663211823,0.5553362739086152,0.5592080080509185,0.5597151803970337
relu,0.1941032951829,372,255,0.0001221040988,8,5,max,RightWhaleCalls,0.48921875,0.501267912387848,0.5113156938552856,0.512232631444931,0.5134343993663787,0.5142429220676423,0.5285005545616149,0.5290352809429169,0.5355696427822114,0.5495369350910186,0.5498419725894929,0.5545571434497834,0.563166116476059,0.567330025434494,0.5608103573322297,0.557394335269928,0.5667567121982573,0.5690554976463318,0.5738827681541443,0.5678280019760132
gelu,0.1477026746908,973,118,0.000186039397,2,3,max,RightWhaleCalls,0.4979687499999999,0.4919404625892639,0.4998070585727691,0.5071334075927734,0.5067732453346252,0.505211319923401,0.5120102846622467,0.5212440276145935,0.5437816977500916,0.5553307628631592,0.5552278602123261,0.5503932416439057,0.5535961043834686,0.5671903705596923,0.5724255812168122,0.5768449115753174,0.5808177161216735,0.5788074183464051,0.5768871712684631,0.5760253620147706
gelu,0.1264265481228,582,153,0.0001688410756,2,6,max,RightWhaleCalls,0.48046875,0.4982102143764496,0.5020047771930696,0.5049173104763032,0.5032726895809174,0.5115031230449677,0.5148254287242888,0.5230999660491944,0.5370543909072876,0.5431256890296936,0.5616060256958008,0.5517364966869355,0.55788680434227,0.5600202119350434,0.5631367111206055,0.5760823190212251,0.5769037103652954,0.5752186703681945,0.5724843764305115,0.5796582102775574
gelu,0.0543780487609,310,88,7.01410983e-05,4,1,max,RightWhaleCalls,0.49703125,0.500503488779068,0.4962219762802123,0.4940260934829711,0.4956633567810058,0.4954704141616821,0.500027562379837,0.4923061382770538,0.4923024618625641,0.5031918442249299,0.5066446149349212,0.5157754516601563,0.5264884221553803,0.5299283361434937,0.5381771385669708,0.5457368624210357,0.5494064676761627,0.555630283355713,0.5633204698562622,0.5681165039539338
gelu,0.1710197797838,757,135,1.43929475e-05,4,3,mean,RightWhaleCalls,0.4871875,0.492410877943039,0.4929474449157715,0.4932892310619354,0.4926460850238799,0.4890169036388397,0.4929180455207825,0.4942080163955689,0.4940738701820374,0.5023667788505555,0.5069165682792663,0.5141657447814942,0.5132782113552095,0.5143972754478454,0.5185667037963867,0.5200422668457032,0.5209794187545777,0.5224219036102296,0.5228978347778319,0.5241896343231202
gelu,0.1511643929047,522,70,1.08129435e-05,7,1,max,RightWhaleCalls,0.5292187500000001,0.5158765137195587,0.5159077548980713,0.5134435880184174,0.513537300825119,0.513351708650589,0.5128004407882691,0.5135519993305206,0.5153822112083436,0.5187927198410034,0.5191363418102265,0.5192337357997895,0.5197298789024354,0.5209445011615752,0.5212256515026092,0.5245994126796723,0.523812940120697,0.5234049975872039,0.5239764809608459,0.5241179704666138
gelu,0.1711513867056,704,92,0.0004850255367,6,2,mean,RightWhaleCalls,0.486796875,0.501014335155487,0.4998897469043731,0.5066574800014496,0.5122399830818176,0.5104869556427002,0.5175450253486633,0.5267401719093323,0.5272087454795839,0.5411374473571777,0.5567144405841826,0.5480871033668518,0.5504391765594482,0.5644689464569091,0.5766225671768188,0.5789691257476807,0.5751819229125976,0.5765417170524597,0.578904812335968,0.5827177524566649
relu,0.0600488183567,364,195,0.0001709403636,5,6,mean,RightWhaleCalls,0.5016406250000001,0.5126166868209838,0.5203215754032136,0.5183443605899811,0.5214167606830596,0.5213653075695037,0.5259536921977996,0.5312734282016753,0.5354979789257049,0.5425799369812012,0.5377894163131713,0.5462109529972076,0.5640132308006287,0.5641032719612121,0.5630485117435455,0.5688754129409791,0.5760915064811707,0.5709279632568359,0.5634215342998504,0.5727563428878784
relu,0.2085810941136,939,131,0.0002369924869,7,2,max,RightWhaleCalls,0.5021875,0.5077379655838014,0.5203950762748718,0.5185428166389465,0.5221591353416443,0.5197188544273377,0.5374586546421052,0.5374145555496216,0.5362385118007659,0.5370102941989898,0.5420911431312561,0.5500330770015717,0.5483921337127686,0.5662642443180085,0.5738901162147523,0.5833700799942017,0.5853381061553955,0.5858673238754273,0.5831697940826416,0.5818963623046874
gelu,0.0695949124511,898,95,9.72028661e-05,5,4,mean,RightWhaleCalls,0.49578125,0.5011539900302886,0.5116244065761565,0.5179345798492431,0.5154244756698608,0.5233590555191039,0.5340812182426452,0.5527526640892029,0.5498860704898834,0.554713339805603,0.5524696791172027,0.5571223843097687,0.5576810014247895,0.570336275100708,0.5740977573394774,0.5706247639656066,0.5713450908660889,0.5772914361953736,0.5803546452522277,0.584231903553009
gelu,0.0663847356765,898,228,0.0001775692599,7,5,max,RightWhaleCalls,0.4971093749999999,0.5106431448459625,0.5040518188476563,0.5091859555244446,0.5184196960926056,0.5221113550662995,0.5186696064472198,0.5071738338470458,0.5178721094131469,0.5374715161323548,0.5443991184234619,0.5415527391433717,0.5360933470726013,0.5467861080169678,0.556771411895752,0.5649503827095032,0.5693660426139833,0.5663524413108826,0.5665178203582764,0.5680815887451172
relu,0.216676391731,332,249,0.0006995716573,8,1,max,RightWhaleCalls,0.5053125,0.5022546875476837,0.5021830213069916,0.505933482646942,0.5036291801929473,0.5052443981170653,0.5049595773220064,0.5096563792228699,0.5229603099822999,0.5100018405914307,0.5204759299755096,0.5225211310386657,0.53067622423172,0.540211319923401,0.5416152119636536,0.5307221603393555,0.5388735735416412,0.5402976858615876,0.5431477320194243,0.5583608961105346
relu,0.1560909769131,274,241,0.0001557219316,5,2,max,RightWhaleCalls,0.4943749999999999,0.4992502725124358,0.5001855909824371,0.5085832393169403,0.4999191462993622,0.5040830588340759,0.516725469827652,0.5240169095993041,0.5351488411426544,0.5448970937728882,0.5535979378223419,0.5568559396266937,0.5486365282535552,0.5551598656177521,0.5622951173782348,0.5595589876174927,0.5619055509567261,0.566076809167862,0.5714296174049377,0.5674108791351318
relu,0.2791187546472,739,115,0.0001018215792,5,4,mean,RightWhaleCalls,0.490625,0.4990885722637177,0.499788682460785,0.4989268660545349,0.4996030902862549,0.4992833542823792,0.4968118369579315,0.5102443945407866,0.5128574073314667,0.5139728057384492,0.5252039730548859,0.5325505340099335,0.5381789791584015,0.5391841268539428,0.5453803741931915,0.5496710777282715,0.5491326737403869,0.5494762945175171,0.548397650718689,0.547368619441986
gelu,0.2821248939472,765,127,0.0001986549554,6,1,mean,RightWhaleCalls,0.50484375,0.5017217922210693,0.5000569653511048,0.5032818830013276,0.5020433676242828,0.5008783555030824,0.5016409409046173,0.5225964748859406,0.5330999660491943,0.5467015767097473,0.5484123480319976,0.5518706369400024,0.5589893412590028,0.5583553898334503,0.559770302772522,0.5601249504089355,0.5615049576759338,0.5579750084877014,0.5630650496482849,0.5661264193058014
gelu,0.2469057746766,731,239,9.25126199e-05,4,2,mean,RightWhaleCalls,0.48953125,0.4967989695072174,0.4990389537811279,0.5030007338523865,0.5028610813617707,0.506280779838562,0.5180944502353668,0.5272363126277924,0.528710035085678,0.5308066833019256,0.5431789767742157,0.5545479619503022,0.5566703414916992,0.5587688338756561,0.5650992250442506,0.5670378541946411,0.5688184475898742,0.5674145555496215,0.5633443617820739,0.5648585069179535
gelu,0.2810294444341,660,177,5.53915362e-05,3,5,max,RightWhaleCalls,0.490546875,0.5143201017379762,0.5149614095687867,0.5186787927150727,0.5177140748500825,0.5167750799655915,0.5151543533802033,0.5220525538921356,0.5248842334747315,0.5222583627700806,0.5223428893089295,0.5229033458232879,0.5271628081798554,0.530240716934204,0.5345626604557037,0.5375872826576232,0.5376479220390319,0.5388533592224121,0.5422510135173797,0.5441381871700287
relu,0.01629347829,820,143,1.30602073e-05,3,2,mean,RightWhaleCalls,0.486484375,0.4937081944942474,0.5047225296497345,0.5067640590667725,0.5106468236446381,0.5108710050582885,0.5135832440853119,0.5147537684440613,0.5165674388408661,0.5176093363761902,0.5198548328876494,0.5203748607635499,0.5224972426891327,0.5303234100341797,0.5340169060230255,0.5423098087310791,0.5470176422595978,0.5525964760780335,0.5565527391433717,0.5575946426391601
relu,0.0883744259711,696,123,0.0009418321746,5,5,mean,RightWhaleCalls,0.49953125,0.5036806344985962,0.5006413114070892,0.5067934608459473,0.5038092648983002,0.5060345482826233,0.5037284123897552,0.5124935698509216,0.5199871397018433,0.5162899696826935,0.5211870634555817,0.5265270102024078,0.5324274110794067,0.5317328214645386,0.5439066565036773,0.5338643908500671,0.5335869193077087,0.539742740392685,0.5588294744491578,0.5569570004940033
relu,0.2471604032575,770,210,1.08598258e-05,2,3,max,RightWhaleCalls,0.501875,0.4954373395442962,0.4949375236034393,0.4946692395210266,0.4946086001396179,0.4945148873329162,0.5039470767974854,0.5073741269111633,0.509461600780487,0.5113395845890045,0.512199559211731,0.5144707834720611,0.518404997587204,0.5151800858974458,0.5164774012565612,0.5202756357192992,0.5267952954769135,0.5265913248062134,0.5271444332599641,0.52929621219635
relu,0.218455612977,383,174,6.90463035e-05,3,1,max,RightWhaleCalls,0.495390625,0.5033112812042237,0.5033314990997314,0.4953234100341797,0.4980870997905731,0.502592797279358,0.5155696439743043,0.5254924619197846,0.5310584354400636,0.5361889040470124,0.5397537696361543,0.5483700835704803,0.5514700496196747,0.5531624388694762,0.5561135578155518,0.5579713308811188,0.5588331460952759,0.5667640566825867,0.5687118673324585,0.5706982767581941
gelu,0.1985790501163,501,178,0.0002216687657,8,3,mean,RightWhaleCalls,0.496875,0.4983278250694274,0.5066703462600708,0.5049963307380676,0.5033149611949921,0.5033333373069764,0.5280282998085022,0.5382322669029236,0.5381587636470794,0.5514994478225708,0.5564296245574951,0.5536843085289002,0.5569680261611938,0.5633774304389954,0.5701525151729584,0.5670654106140137,0.5678831315040588,0.5753638350963592,0.5728041195869447,0.5745718526840211
gelu,0.0998662240108,714,109,0.0008133397068,2,5,mean,RightWhaleCalls,0.49453125,0.5006008803844452,0.4996582102775573,0.501707090139389,0.5004116117954254,0.5056762182712554,0.4996545374393463,0.4980466747283936,0.5226074957847595,0.5204832744598389,0.5247997045516969,0.5303840494155884,0.5437320876121522,0.5425339925289154,0.5470102918148041,0.5507552361488343,0.5530264639854431,0.558533625602722,0.5566299092769622,0.5624219036102295
relu,0.0288195050343,717,159,0.0009508459255,5,3,max,RightWhaleCalls,0.500703125,0.5008728408813476,0.5030540251731873,0.5056045579910278,0.5016446161270142,0.5084821772575379,0.5077159118652343,0.5024807035923005,0.5080981242656708,0.521795300245285,0.5279915452003479,0.5247280406951905,0.5299981582164764,0.5242980504035949,0.5421113538742065,0.5578335213661194,0.5507754528522492,0.5441179668903351,0.5369349527359009,0.5486861455440522
gelu,0.1422084147717,374,185,0.0007661119515,6,6,max,RightWhaleCalls,0.51109375,0.5038919508457184,0.5028059542179107,0.5081606042385102,0.5055549418926238,0.5122822499275207,0.5095681762695312,0.507589122056961,0.5087798595428467,0.5316115367412567,0.5334950387477875,0.5302682816982269,0.5338662266731262,0.5329088592529297,0.5365214967727662,0.5443439912796021,0.547083797454834,0.547276737689972,0.556653802394867,0.5392723262310029
relu,0.2408394742834,618,79,1.72629043e-05,6,6,mean,RightWhaleCalls,0.497265625,0.4959132671356201,0.4951690566539765,0.4972914361953736,0.4981900036334991,0.4989838266372681,0.4996802628040314,0.5012164628505708,0.5016501271724702,0.5022510063648224,0.5040775465965271,0.5111962509155273,0.5156027197837829,0.518329656124115,0.5209794223308564,0.5212385141849517,0.5242576241493225,0.5265637648105621,0.5283443582057954,0.5304557180404663
gelu,0.2279863057212,261,231,0.0005195449614,6,1,mean,RightWhaleCalls,0.5246875,0.5101984548568727,0.5098162424564361,0.5167732429504395,0.511523334980011,0.5129952216148377,0.5196839404106139,0.5140812170505523,0.5122307968139648,0.5229492902755737,0.5319937503337859,0.5310896706581115,0.5352131557464601,0.5375284814834596,0.5326093375682831,0.5357092940807343,0.5480797529220581,0.558476665019989,0.5561944186687469,0.5577195882797241
relu,0.0867665765873,868,79,0.000485376769,2,4,mean,RightWhaleCalls,0.497421875,0.51939728140831,0.5161907410621643,0.5177306163311004,0.5203142261505127,0.5382708585262298,0.5210510849952698,0.526712610721588,0.5367328178882599,0.5343531775474548,0.5427195870876311,0.5573061370849609,0.561495772600174,0.562884964942932,0.5675468528270722,0.5615380382537841,0.562877618074417,0.5695847082138062,0.5658654880523682,0.5666244053840638
relu,0.2165657278236,975,222,4.32170085e-05,3,3,mean,RightWhaleCalls,0.5146875000000001,0.5040169036388397,0.4979437696933747,0.5065784645080565,0.5129345834255219,0.5154391765594483,0.5161870586872102,0.5278059518337249,0.5279198825359346,0.5328923201560973,0.5375009191036224,0.5438037455081941,0.5439158368110656,0.5496269714832306,0.5469735407829285,0.5546122741699219,0.5558967304229736,0.5507497251033783,0.5516593205928803,0.558241456747055
gelu,0.017797414583,988,137,6.87175579e-05,4,6,mean,RightWhaleCalls,0.4846875,0.5083076083660126,0.5145736885070802,0.5202480721473695,0.5233847832679748,0.5275082671642304,0.5284031617641449,0.5248438096046447,0.544551635980606,0.5536530673503876,0.5524678432941436,0.5598144078254699,0.5603013610839843,0.5657515692710877,0.5732377743721008,0.5772785830497742,0.5791730952262879,0.581675853729248,0.5805641305446625,0.5854998159408569
relu,0.2935491750439,838,172,0.0001871490328,4,3,mean,RightWhaleCalls,0.4943749999999999,0.5082083797454834,0.5178059577941895,0.5258746814727783,0.518531790971756,0.5209040808677672,0.5202499055862427,0.5305659675598144,0.5392429232597351,0.5494597589969634,0.5531734704971314,0.5607625877857207,0.5590628457069398,0.5584968769550323,0.5580595350265503,0.5616078662872315,0.565251748561859,0.5714222741127015,0.5686512303352356,0.5688496899604797
relu,0.1678761032453,985,134,9.45663597e-05,3,2,max,RightWhaleCalls,0.498203125,0.491161333322525,0.4907809615135193,0.493875412940979,0.5050183761119842,0.5044707834720612,0.5065968382358551,0.5151286256313324,0.5271444308757782,0.547280411720276,0.5469000387191774,0.5525174522399903,0.5590793859958648,0.5628518915176391,0.568491358757019,0.5720305049419403,0.5773483979701997,0.5761227464675903,0.5786677706241606,0.581179711818695
relu,0.2601062428346,323,117,0.0007214058005,2,4,max,RightWhaleCalls,0.51171875,0.5138515257835389,0.5137816953659058,0.517306137084961,0.5202223443984986,0.5190444660186767,0.5131201767921448,0.5318467473983766,0.532155454158783,0.5330540263652801,0.5486990082263945,0.5416244053840638,0.54015251994133,0.5460143303871154,0.552199559211731,0.546387357711792,0.551313853263855,0.5495810317993163,0.554237414598465,0.5485207653045654
gelu,0.2270322438362,589,180,2.21838782e-05,3,2,mean,RightWhaleCalls,0.5003125,0.5043917679786681,0.507353913784027,0.5075744223594665,0.5121628093719482,0.5141198086738586,0.5168302118778229,0.5225248110294342,0.5194781339168548,0.5192539525032044,0.515652335882187,0.5213983833789826,0.5200202143192291,0.5137872135639191,0.5119239246845245,0.5112587261199951,0.5109316396713257,0.5162789368629456,0.5191455340385438,0.5213965451717376
gelu,0.2763714460799,284,70,0.0006756749313,2,6,max,RightWhaleCalls,0.4956250000000001,0.5026405704021454,0.505942667722702,0.5016887164115905,0.501447993516922,0.5071628057956695,0.5133645701408385,0.5160492432117463,0.5232267546653747,0.5392668104171753,0.5472510075569152,0.5508048498630524,0.5491712582111358,0.5469018781185151,0.5416832041740418,0.5458838653564453,0.5491087830066681,0.5503840494155884,0.550604555606842,0.546157659292221
relu,0.2666487657163,813,64,0.0002500397123,7,5,mean,RightWhaleCalls,0.50453125,0.5118835008144378,0.5152517461776733,0.5174788713455201,0.5179639840126038,0.5169937527179718,0.5214479923248291,0.5262238121032714,0.5281532490253449,0.5317346560955049,0.5294854748249054,0.5310143315792083,0.5336163198947906,0.5413450980186463,0.5506063950061798,0.5499908137321472,0.5498934221267701,0.5518449056148529,0.5543292903900147,0.5565711116790772
relu,0.1825525030934,346,169,1.3095435e-05,8,1,mean,RightWhaleCalls,0.51234375,0.5184766650199891,0.5190885710716249,0.5197427439689637,0.5199669253826141,0.5194119811058046,0.5205494284629821,0.521543550491333,0.5222013938426971,0.5188735735416412,0.5181808161735535,0.5192998921871186,0.5151470077037811,0.5151580286026001,0.5144193303585053,0.514209851026535,0.5159242928028107,0.5185189282894135,0.5201800811290742,0.5211098861694337
gelu,0.073093449445,742,87,0.0003170147913,7,1,mean,RightWhaleCalls,0.5129687500000001,0.5108158802986145,0.5132488095760346,0.5079290723800659,0.513972806930542,0.5221481120586395,0.5295608258247375,0.5232800447940826,0.5249779498577118,0.5255384004116058,0.5348346185684203,0.5404869556427002,0.563408670425415,0.5592539525032043,0.5656119012832641,0.5677875757217407,0.5757129693031311,0.5698915815353394,0.5713947105407714,0.5771591305732727
gelu,0.0906717415542,703,229,1.99445607e-05,3,2,mean,RightWhaleCalls,0.518359375,0.507798603773117,0.5109059190750121,0.5116740202903747,0.5143054020404815,0.5179952251911164,0.5208085298538208,0.5293917667865753,0.5406192576885224,0.5395626604557038,0.5404851138591766,0.5431697893142701,0.5498401308059692,0.5556321227550507,0.5576681339740753,0.5593256115913391,0.5629952216148377,0.5675376665592193,0.5698989355564117,0.5714902579784393
gelu,0.1119384449412,949,255,0.0005837814636,5,3,mean,RightWhaleCalls,0.48859375,0.4911172354221343,0.4954943037033081,0.4973373746871948,0.4922877621650696,0.4916868817806244,0.5088919496536255,0.515788313150406,0.5183039319515228,0.5099540615081788,0.5168081569671631,0.5146894514560699,0.5277673661708832,0.5350937116146087,0.5377398025989532,0.5289672935009002,0.5355475974082947,0.5467677330970764,0.5512954831123353,0.5471628081798554
gelu,0.2582641544238,482,239,0.000272326385,8,3,max,RightWhaleCalls,0.5180468749999999,0.5042576241493226,0.495106576681137,0.5042539489269257,0.5119992637634277,0.5031073141098023,0.5162238109111786,0.5232230782508851,0.5230448389053345,0.5345020246505736,0.5333314979076386,0.5374751937389374,0.5401984584331513,0.5363450944423677,0.5428427028656005,0.5493550145626068,0.5462348437309266,0.5546949648857117,0.5477636921405793,0.5534601247310638
gelu,0.2373004870185,657,171,3.55385655e-05,5,1,mean,RightWhaleCalls,0.52859375,0.5057644259929657,0.5123851549625397,0.5135924291610718,0.5054465305805206,0.5035464930534364,0.5043733930587768,0.5152425587177276,0.5262697517871857,0.5276001501083375,0.5262403583526611,0.5338717448711395,0.5399797892570495,0.540876511335373,0.5410602760314941,0.5418871736526489,0.5447151803970336,0.5455420792102814,0.5465766274929047,0.5474163949489594
gelu,0.2975857881754,872,177,3.52218171e-05,2,6,mean,RightWhaleCalls,0.506484375,0.5036530685424805,0.5079290664196014,0.5152995228767395,0.5137633228302002,0.5137908864021302,0.5153215742111207,0.5151855897903441,0.5128702688217163,0.5114222705364228,0.5125009179115295,0.5157239997386933,0.5143660366535187,0.5183994853496552,0.5244046330451966,0.525836091041565,0.5264535069465637,0.5263083374500275,0.5279621517658233,0.5278427076339722
gelu,0.0204348749439,843,241,1.14215585e-05,4,6,max,RightWhaleCalls,0.502421875,0.5110345458984376,0.5101212799549103,0.5099816262722016,0.512355751991272,0.5100790143013001,0.5170690941810608,0.5185887551307679,0.5233131194114684,0.5303601586818695,0.5425119447708131,0.5482120513916016,0.5541859614849091,0.5633388471603393,0.5698566770553588,0.5779235601425171,0.5811686873435974,0.5842392516136169,0.5883572268486023,0.5903546524047851
gelu,0.1888990002448,673,246,2.89411556e-05,2,4,max,RightWhaleCalls,0.49921875,0.5148235917091369,0.5127949249744415,0.512102165222168,0.5135372972488403,0.5109353137016297,0.5109959590435029,0.5167456829547883,0.5153785419464112,0.5235942685604096,0.531626238822937,0.5366611540317536,0.537725100517273,0.5402756345272064,0.5424310874938965,0.5435758960247039,0.5499981653690338,0.5545314240455628,0.5566280806064606,0.5598401308059693
gelu,0.2381603983123,359,230,0.0001955109691,5,5,max,RightWhaleCalls,0.48125,0.4977967655658721,0.5054924666881562,0.5113634717464447,0.5071021676063536,0.5118945264816284,0.5308324122428894,0.5236971712112426,0.5283186316490174,0.537774716615677,0.5495755255222321,0.5542337393760681,0.5546196234226227,0.5548235905170442,0.5664645338058472,0.5612403535842896,0.5607129764556885,0.5542300653457641,0.55486585855484,0.5607350206375121
gelu,0.0762623422119,332,153,0.0001565619963,4,4,mean,RightWhaleCalls,0.4951562500000001,0.5015435516834259,0.5039783179759979,0.5080374896526336,0.5041179740428925,0.5097445821762085,0.516832047700882,0.5311337721347809,0.5401635396480561,0.5379162085056305,0.5483314955234527,0.5489158403873443,0.5443715524673461,0.5539066505432129,0.5590904068946838,0.5714957690238952,0.5762605690956116,0.5780338144302368,0.5794762897491454,0.5873796391487123
gelu,0.1167777682399,614,207,0.0002496531155,5,6,mean,RightWhaleCalls,0.4875,0.5083370101451873,0.5116905546188354,0.5106872498989106,0.5115600883960724,0.5081697928905486,0.5195148813724517,0.5227581763267517,0.5269386291503907,0.5216482865810395,0.5412274885177613,0.5431017994880676,0.5409628808498382,0.5542061758041382,0.5480595362186432,0.5528224968910218,0.5552443933486938,0.5643715524673463,0.5806854057312012,0.5800073432922364
relu,0.1100588957729,745,89,0.000509396563,7,5,mean,RightWhaleCalls,0.4921093749999999,0.4940499806404114,0.5040573310852051,0.4915582501888275,0.4957827985286712,0.5160106563568115,0.5237320816516877,0.5299173164367675,0.5234840095043182,0.5308765232563019,0.5357736170291901,0.5439158391952514,0.5562789356708527,0.5644946622848511,0.5730834293365479,0.5815821385383606,0.5723796391487121,0.5705622982978821,0.5687633168697357,0.5730944502353668
relu,0.2489223464998,879,222,0.0002107211545,4,3,mean,RightWhaleCalls,0.50046875,0.4995534753799438,0.4949228239059448,0.5062164676189422,0.5120819556713104,0.5073208391666413,0.5053197348117828,0.5196214592456817,0.5206504964828491,0.5262201356887818,0.5461319363117217,0.5444156587123871,0.5481900036334991,0.5533811056613922,0.5567640590667725,0.5602186727523804,0.5607037854194641,0.5564535093307494,0.5529603064060211,0.554582872390747
gelu,0.1574007173498,337,84,4.10026848e-05,6,6,mean,RightWhaleCalls,0.5181250000000001,0.507550529241562,0.5082873916625976,0.5117622172832489,0.5148199141025543,0.5157589089870454,0.5185942649841309,0.5211833894252778,0.5269514846801758,0.5364296197891235,0.5386071312427521,0.5398879086971282,0.5386549031734467,0.5379970610141754,0.5388313126564026,0.5390463030338287,0.5442171990871429,0.5455549383163452,0.5453638398647309,0.5438588750362396
gelu,0.2786831042873,658,225,0.0002142577568,6,2,max,RightWhaleCalls,0.503125,0.5111135613918305,0.5160547614097595,0.5167015826702117,0.5210492444038393,0.5294009566307067,0.5289599406719208,0.5276901888847352,0.5291749346256256,0.5392116868495942,0.5502903354167937,0.5487412691116333,0.5467309784889222,0.5490426290035249,0.5594652688503265,0.5603583228588104,0.5601543462276459,0.5606651997566223,0.5698070549964905,0.5739121627807616
gelu,0.1476594690708,307,249,0.0002086043768,7,2,mean,RightWhaleCalls,0.496484375,0.5023134863376618,0.5040922403335573,0.5035152471065522,0.5027912521362305,0.5088956236839295,0.5186181533336639,0.5271315729618072,0.5322510099411011,0.5330025696754456,0.5481955170631408,0.5382561528682709,0.5365362012386322,0.5471793437004089,0.5638790893554688,0.5780613732337951,0.5610731410980225,0.5688864374160767,0.5707313466072083,0.5725303220748902
relu,0.2899704113024,610,69,0.0002268096377,6,2,mean,RightWhaleCalls,0.5171875,0.5061558294296264,0.5049503862857818,0.5055843472480774,0.507221611738205,0.5079933834075928,0.512355751991272,0.5197409045696259,0.5208066880702972,0.5284821808338165,0.5356449818611144,0.5397170221805572,0.5476883518695831,0.5429897034168244,0.5458563041687012,0.5485961008071899,0.552401694059372,0.5547978627681732,0.5559812557697297,0.5572859156131745
gelu,0.0261630859126,397,197,3.1546118e-05,4,4,max,RightWhaleCalls,0.487421875,0.4994707834720612,0.5168706369400023,0.5123686134815216,0.5220286703109742,0.5321572923660278,0.5419974291324616,0.5442006623744965,0.5443127501010896,0.5444891595840454,0.549498348236084,0.561747522354126,0.5545424461364746,0.555391401052475,0.5653068697452545,0.5675413477420806,0.569094090461731,0.5743623650074005,0.5799338507652283,0.579603087902069
relu,0.0854456696133,328,93,0.0002453346069,8,3,max,RightWhaleCalls,0.5133593750000001,0.5081550884246827,0.5127269351482392,0.5280521845817565,0.5233351683616638,0.5333553838729859,0.540501651763916,0.5325670683383942,0.548790888786316,0.5485648679733276,0.5576019823551178,0.5637210595607758,0.5652131628990172,0.5693789064884186,0.5776460874080659,0.5776038193702697,0.5850404286384583,0.5823189997673035,0.5820139646530151,0.5789176702499389
gelu,0.2049635940842,972,207,0.000121375906,4,4,max,RightWhaleCalls,0.5075000000000001,0.4967861092090606,0.5029272353649139,0.5003546512126922,0.5003748655319213,0.5055237090587615,0.505086362361908,0.5243366372585296,0.527989708185196,0.5300294041633606,0.5403179013729096,0.5513653111457825,0.5576019883155823,0.5666170477867126,0.5740463089942931,0.5787118697166443,0.5794377136230469,0.5770948195457459,0.571664834022522,0.5768449139595031
gelu,0.0148808466491,667,244,0.0005364942692,7,5,mean,RightWhaleCalls,0.51078125,0.5010602700710297,0.5068779838085176,0.5039011371135713,0.5014884233474732,0.4965453851222992,0.5013120126724242,0.5023777997493744,0.5060143315792084,0.5142778408527373,0.5221922051906586,0.52266446352005,0.5188570380210876,0.520330765247345,0.5284435892105103,0.5284564566612243,0.5365839743614196,0.5381753063201904,0.5348364591598511,0.539051821231842
relu,0.1768094338293,678,123,1.37711583e-05,7,4,mean,RightWhaleCalls,0.4875,0.5000532913208009,0.5010327112674714,0.5040959227085114,0.5068210232257844,0.5078298437595368,0.5084656357765198,0.5104373383522034,0.5137559711933135,0.524970600605011,0.5313579547405242,0.534055494070053,0.5375817739963532,0.5389562666416168,0.5383866202831269,0.5354796040058136,0.5357791209220886,0.535926125049591,0.5365821349620818,0.5374696791172028
relu,0.2506223133949,426,159,0.0002628313605,2,6,max,RightWhaleCalls,0.5065625,0.508340688943863,0.5116409420967102,0.5040940868854523,0.5117530345916748,0.5109500241279601,0.5157662630081177,0.5309059214591981,0.5440573370456696,0.542012128829956,0.5390848898887635,0.5343311262130737,0.5401249527931213,0.5489691281318664,0.554814406633377,0.5545920634269714,0.5627802264690398,0.5613965463638306,0.5604649078845977,0.5585299539566041
gelu,0.0513255546147,946,94,1.46855594e-05,5,1,mean,RightWhaleCalls,0.5078125,0.4945736861228942,0.4950091874599456,0.4964902627468109,0.4977655291557312,0.499185962677002,0.4995902228355408,0.5003197360038757,0.5045406115055083,0.5051433277130126,0.505560451745987,0.5080870997905731,0.5118522608280182,0.5135501682758331,0.5132396185398103,0.5161117255687714,0.5193384814262391,0.5226865136623383,0.5269790482521056,0.5293127477169037
gelu,0.1586781352847,457,210,5.76522485e-05,3,6,mean,RightWhaleCalls,0.484375,0.5068541002273559,0.5113377475738525,0.5114185965061188,0.5217750859260559,0.518943407535553,0.5219404625892639,0.5173153257369995,0.5224347686767578,0.5269110655784607,0.5364185929298401,0.5449963235855103,0.5581973516941071,0.56422638297081,0.5659959554672241,0.5649117970466613,0.5678224909305574,0.5700882041454316,0.5708544635772705,0.5749999988079071
relu,0.2055588359432,311,224,0.0001627920135,6,4,mean,RightWhaleCalls,0.5022656249999999,0.509035279750824,0.5092172002792358,0.5151414918899537,0.5168283700942993,0.5222528517246247,0.5252021324634553,0.5279253959655762,0.5326681387424469,0.5453656756877899,0.5448291099071503,0.5505365693569184,0.5502021312713622,0.5533443546295166,0.5571572983264923,0.5719478142261506,0.5765196633338928,0.5750973892211915,0.5719588375091553,0.5719110596179962
relu,0.1984979372186,314,77,0.0002679890406,6,4,max,RightWhaleCalls,0.470703125,0.5014075684547424,0.5090169036388397,0.5151819157600402,0.5171958827972413,0.5174182236194611,0.5228702676296233,0.5262146282196045,0.5325321590900421,0.5409647154808044,0.5499044466018678,0.552818821668625,0.5499485516548157,0.5524274170398712,0.5583480370044708,0.56054208278656,0.561600512266159,0.5693678772449493,0.5713616287708282,0.5729915499687195
relu,0.1441803855188,866,158,3.44571043e-05,2,6,mean,RightWhaleCalls,0.50234375,0.5180999648571014,0.5116078686714173,0.518348033428192,0.5163340711593628,0.5229823589324951,0.5233167934417724,0.5368228602409363,0.5395975732803344,0.5388092625141143,0.5386843109130859,0.5452535796165466,0.5574549734592438,0.5668743073940277,0.5697059929370879,0.5689764761924743,0.5680870985984802,0.569739065170288,0.5725597214698792,0.5728886401653289
relu,0.217416321105,909,76,0.0001186530451,4,4,mean,RightWhaleCalls,0.516640625,0.5085336256027222,0.5264388084411621,0.5338313174247742,0.5339819931983947,0.5291565585136414,0.5255843389034272,0.5348052155971528,0.5454005837440491,0.5471664834022522,0.5494726240634918,0.5512679171562194,0.5619974303245545,0.5654906332492828,0.5667842674255371,0.5679786837100983,0.5674384450912475,0.5676865148544311,0.5716813659667969,0.5752462315559387
gelu,0.26171541697,741,150,0.0005497224199,3,2,max,RightWhaleCalls,0.5164843749999999,0.5084803402423859,0.5128500580787658,0.5182341051101684,0.5124402797222138,0.5204832780361175,0.5052737927436829,0.5192374122142791,0.5264957773685455,0.5457221639156342,0.5317328226566314,0.5386420452594757,0.5500624775886535,0.5455126810073853,0.550775454044342,0.5515674412250519,0.5561447942256927,0.5522473287582398,0.5525780975818633,0.5638643884658814
gelu,0.2273213587652,987,151,1.74803462e-05,8,6,max,RightWhaleCalls,0.5060156250000001,0.5083370077610015,0.5133572196960449,0.5163708221912383,0.5181863296031952,0.5179988992214203,0.5158489453792573,0.5190757036209107,0.5192649769783021,0.5229658162593841,0.5290683603286743,0.5323337030410766,0.5333149564266205,0.5338496899604797,0.5343586933612824,0.5354832756519318,0.5382120561599731,0.5400918781757355,0.5433388411998749,0.543827636241913
gelu,0.1494336771702,478,104,0.0008919048598,8,5,max,RightWhaleCalls,0.483984375,0.5054446899890899,0.5036144804954529,0.5104134500026702,0.5085556817054748,0.5137872123718261,0.5131753063201904,0.5198107290267944,0.5065674400329591,0.5150643146038055,0.5273447275161743,0.5336843085289003,0.5457828056812286,0.5395773577690124,0.5296214616298676,0.5402719593048095,0.5470268261432649,0.5596527016162872,0.5642906999588012,0.5630430006980897
relu,0.1996545132108,444,115,7.18966726e-05,5,5,max,RightWhaleCalls,0.48453125,0.5128224909305572,0.510970231294632,0.5134729897975921,0.5106523370742797,0.5174751913547515,0.521841242313385,0.5360216879844665,0.533581405878067,0.5359959542751312,0.5464682054519654,0.5481716275215149,0.5487486267089845,0.5446141111850739,0.5462072789669037,0.5488441717624665,0.5522069120407105,0.5503693521022796,0.5514829075336456,0.5585740530490876
relu,0.1627047884794,472,217,1.70551411e-05,8,3,max,RightWhaleCalls,0.4964062499999999,0.4937063574790954,0.5052296936511993,0.5119147396087647,0.5157166481018066,0.5132377779483794,0.5149981606006622,0.5197427439689637,0.5270617377758026,0.5273778021335602,0.528318636417389,0.5331771373748779,0.5349007761478424,0.5393237769603729,0.537807788848877,0.5414038991928101,0.5443256115913391,0.5466758573055268,0.5471977245807648,0.5497923552989958
gelu,0.0950554178313,432,239,0.0001616887961,4,4,mean,RightWhaleCalls,0.49671875,0.4938993000984192,0.5078463816642762,0.5025927948951722,0.506894519329071,0.511971698999405,0.5164755594730377,0.5235758888721467,0.5290922451019286,0.5502076435089112,0.5558324193954467,0.5420305061340331,0.5490536653995515,0.5489489161968231,0.5572491693496704,0.5608783555030823,0.5738110971450805,0.568384782075882,0.5650220489501953,0.5690352809429169
relu,0.2673403698303,818,155,3.95255827e-05,2,3,mean,RightWhaleCalls,0.5034375,0.5054024267196655,0.5025744211673737,0.5086769580841064,0.5091198086738586,0.5104226362705231,0.5143366444110871,0.5174531400203705,0.5243145978450775,0.5189103293418885,0.5199650847911835,0.5193605327606201,0.5220911419391632,0.5243072414398193,0.5333627355098723,0.5440058839321137,0.5443531775474548,0.5464002251625061,0.5492576277256012,0.5502940142154694
relu,0.0457912707985,695,232,5.59599359e-05,4,2,max,RightWhaleCalls,0.49546875,0.49970782995224,0.5023061394691468,0.502091144323349,0.5009996354579926,0.5091510498523713,0.5103822124004365,0.533375597000122,0.5344634318351746,0.5554391765594483,0.5587173867225647,0.563906660079956,0.5679915475845337,0.5673189997673035,0.5702590918540954,0.5707387065887451,0.574924659729004,0.5771168732643128,0.5831973481178283,0.5886475539207459
relu,0.0233848960415,499,219,2.74068541e-05,8,6,max,RightWhaleCalls,0.48953125,0.5034748244285584,0.5064682114124299,0.5143072378635407,0.5146968042850494,0.5115123105049133,0.5133498752117157,0.5340316104888916,0.539658215045929,0.5520599019527435,0.550523705482483,0.5514847493171692,0.5630411553382874,0.5631550943851471,0.5611264216899872,0.5634417462348938,0.5689084935188293,0.5715453863143921,0.572611174583435,0.5791822862625121
relu,0.28274568248,748,177,9.01792118e-05,3,5,mean,RightWhaleCalls,0.5125,0.5020984947681427,0.5042466020584107,0.505341786146164,0.5031109917163848,0.506233001947403,0.5117714107036591,0.5152590954303742,0.5105733180046081,0.5164002180099487,0.5190554964542388,0.5303785312175752,0.533454612493515,0.5394671094417572,0.5365435528755188,0.5375762546062469,0.5400055146217346,0.543943407535553,0.5530191147327423,0.5556082355976104
gelu,0.0544426668531,917,86,0.0004040368793,3,6,mean,RightWhaleCalls,0.4954687499999999,0.5069459736347197,0.5090867316722869,0.5066629898548125,0.5082690179347991,0.5148529922962188,0.5151451647281646,0.5222087454795837,0.5123778021335601,0.5456927633285523,0.5465123128890991,0.545979415178299,0.5619625186920165,0.5612183034420013,0.555656007528305,0.5590224146842957,0.5658287382125854,0.569081220626831,0.5727140712738036,0.5769588375091552
gelu,0.0458246796584,909,129,0.0009550579099,3,4,mean,RightWhaleCalls,0.4862499999999999,0.5015582501888275,0.5032561564445496,0.5031771421432495,0.5043899285793305,0.5037192237377168,0.5086971759796143,0.5067714083194732,0.5156707060337066,0.510608230829239,0.5260804891586304,0.5325229704380036,0.5288404965400696,0.5394321930408477,0.5524604940414428,0.5417934536933899,0.5416060292720795,0.5460124957561493,0.5503711807727815,0.5576607823371887
gelu,0.1192155726128,606,133,3.63848662e-05,4,5,max,RightWhaleCalls,0.4809374999999999,0.4816446197032927,0.4827728784084319,0.486846752166748,0.4879106974601745,0.490170897245407,0.4901102566719054,0.4977067255973815,0.517851893901825,0.5295608210563659,0.5371977174282075,0.5475101029872894,0.5510363841056825,0.5541969835758209,0.5512679195404052,0.5572914338111878,0.5594524049758911,0.561442483663559,0.5666868722438811,0.5715656006336212
relu,0.2550515914395,1009,241,0.0001840308261,2,4,max,RightWhaleCalls,0.499375,0.5036549031734466,0.5151322996616364,0.5212164616584778,0.5048144030570985,0.50905916929245,0.5167107713222503,0.5347813296318054,0.5467144417762757,0.547126054763794,0.5542686510086059,0.5503564894199371,0.5480687248706817,0.5540022063255311,0.5571279001235961,0.5641069447994231,0.5689176714420319,0.5662109470367431,0.5645626568794251,0.5639525890350343
gelu,0.2818823830847,863,195,0.0001128054233,8,3,mean,RightWhaleCalls,0.5221875,0.5023924994468689,0.5025413429737091,0.5083002555370331,0.5074035263061524,0.5128077912330627,0.5245332551002503,0.5317126035690307,0.5360566043853761,0.539007717370987,0.5431348752975464,0.5406578493118286,0.5484472644329071,0.5595130467414856,0.5563193666934967,0.5560823202133178,0.5604465246200562,0.5699485540390015,0.5714296185970306,0.5710418939590454
gelu,0.0908204980203,680,231,1.07556186e-05,3,2,mean,RightWhaleCalls,0.4887499999999999,0.4986549079418182,0.5068357241153717,0.5105549454689026,0.5114369714260101,0.5129198837280273,0.5106486570835113,0.5084693109989166,0.5113212072849274,0.5194303596019745,0.5218853366374969,0.5203675067424773,0.5248621845245361,0.5277471566200257,0.5260382187366485,0.5278004419803619,0.5299191451072692,0.5305310583114624,0.5273337042331696,0.5285648632049561
gelu,0.0561451052377,577,163,0.0005559781079,3,5,mean,RightWhaleCalls,0.486875,0.5014718806743621,0.5016629874706269,0.5042300581932068,0.5071168637275696,0.5079805195331574,0.5064038932323456,0.5123061347007751,0.5130797493457794,0.5274163854122161,0.5359757483005524,0.5343292915821075,0.5335152542591095,0.5455273759365081,0.5579088580608369,0.5372087478637695,0.5456394672393798,0.5640352749824524,0.5594671034812928,0.5670084524154664
gelu,0.2692827997196,379,122,0.0002006709445,7,5,mean,RightWhaleCalls,0.4846093749999999,0.4990058839321136,0.5046729135513306,0.5078059554100036,0.5095920586585999,0.5036420464515686,0.520670713186264,0.5366887140274048,0.5345185589790346,0.5325248038768768,0.5400055098533632,0.5430724012851715,0.5492447626590728,0.5531036365032196,0.5503656721115113,0.5532635045051576,0.5563855230808258,0.5555016481876373,0.5543513369560242,0.5569790565967561
gelu,0.0350529072731,378,138,2.72972047e-05,6,2,max,RightWhaleCalls,0.509296875,0.5082010293006897,0.5130981254577637,0.516876151561737,0.5185814046859741,0.524637999534607,0.5269900751113891,0.5330503499507905,0.5336934912204743,0.5394634294509888,0.5442576217651368,0.5522032296657562,0.5575964701175691,0.556865119934082,0.5614185953140258,0.5613248825073243,0.5646784257888795,0.5653307700157166,0.5630393290519715,0.5644762980937958
gelu,0.1017387175277,370,230,6.03457451e-05,8,6,max,RightWhaleCalls,0.495,0.506567440032959,0.5198970973491669,0.5177214300632477,0.5240701985359191,0.5241620755195617,0.5237945604324341,0.5368779814243317,0.5466685044765472,0.5536071264743805,0.5573888313770294,0.5674660050868988,0.5674972438812256,0.5662219738960267,0.567594633102417,0.5720470404624939,0.5701929450035095,0.5735722148418426,0.577511944770813,0.5801727271080017
gelu,0.0140123910441,424,88,1.20807902e-05,2,6,max,RightWhaleCalls,0.479609375,0.495821394920349,0.4965031290054321,0.4968191874027252,0.4981826591491699,0.4984950411319732,0.5008985722064973,0.5048015475273132,0.5106247723102569,0.5154961395263672,0.5202866601943971,0.5263597989082337,0.5304336643218994,0.5351102447509766,0.5404005885124206,0.5433149576187134,0.5408544623851776,0.5403509771823882,0.5454005873203277,0.5477361261844635
gelu,0.0648500918702,365,167,0.0002753105577,7,6,max,RightWhaleCalls,0.5064062500000001,0.4862807774543762,0.4960841572284698,0.5044946706295013,0.502697536945343,0.5105181872844696,0.5265288519859314,0.5304869568347932,0.5377306139469147,0.5326552712917328,0.5354079377651215,0.5455475962162019,0.5608287370204925,0.5570507133007049,0.5614718818664551,0.5641639065742492,0.5760474085807801,0.5768155121803284,0.5757001066207886,0.574432189464569
gelu,0.2331767007662,476,190,4.97223626e-05,8,6,mean,RightWhaleCalls,0.50859375,0.5218026447296144,0.5202315294742584,0.5212238132953644,0.5224237394332886,0.5224898934364319,0.5258654892444611,0.5324310934543609,0.5328096210956573,0.532636901140213,0.5359886002540588,0.5407901537418366,0.5440040421485902,0.5455200266838075,0.5482396161556243,0.5525119459629059,0.5581146645545959,0.5619698655605316,0.5636402070522308,0.5638533604145051
relu,0.1669805042456,1009,115,4.06222221e-05,7,2,max,RightWhaleCalls,0.50328125,0.4998199200630188,0.4987725138664246,0.5037890505790712,0.5050661528110505,0.5067695736885071,0.5202737951278686,0.5331697928905487,0.5394303488731385,0.5357864749431609,0.5304263126850128,0.5312936401367188,0.5355898535251618,0.5352590978145599,0.5427030515670777,0.548221241235733,0.5510418939590455,0.5524972474575043,0.5552076411247253,0.557785736322403
relu,0.1257393925008,703,226,1.63094549e-05,7,3,max,RightWhaleCalls,0.5090625000000001,0.500211319923401,0.4983627331256867,0.494604924917221,0.4961944127082825,0.5007625865936279,0.5041639089584351,0.5124494671821593,0.5235005497932435,0.533035649061203,0.5361797189712524,0.5292723274230957,0.5283149552345277,0.5392851865291595,0.5437780225276947,0.5482929050922394,0.5539378893375397,0.5568026423454284,0.5600588071346283,0.5619753754138948
relu,0.1536449718643,447,172,0.0008875204396,4,2,max,RightWhaleCalls,0.506875,0.5050367474555968,0.5038570356369018,0.5069496476650237,0.5047905135154724,0.5062954783439636,0.4986328542232513,0.5083296561241151,0.5096784269809722,0.510033073425293,0.521470046043396,0.5277544975280761,0.5305733168125153,0.5512219786643981,0.5444468927383422,0.5481918430328369,0.548031975030899,0.5537559711933137,0.544735392332077,0.5555678057670592
gelu,0.262253044618,479,118,0.0001067735664,6,4,max,RightWhaleCalls,0.50515625,0.494766628742218,0.49485483169555666,0.497515617609024,0.49680080890655515,0.49569092154502864,0.5057846379280091,0.5126258754730225,0.5331973528862,0.5302701187133788,0.5286199951171875,0.531569277048111,0.5352756357192993,0.5423575866222382,0.5493366396427155,0.5499816238880157,0.5518540978431702,0.5520801186561585,0.55339581489563,0.5583480262756348
