activation,dropout_rate,kernel_size,learning_rate,num_filters,num_layers,pooling,pooling_size,dataset,epoch_1,epoch_2,epoch_3,epoch_4,epoch_5,epoch_6,epoch_7,epoch_8,epoch_9,epoch_10,epoch_11,epoch_12,epoch_13,epoch_14,epoch_15,epoch_16,epoch_17,epoch_18,epoch_19,epoch_20
tanh,0.010687980544,7,0.0072781949692,245,3,average,1,Beef,0.0833333358168602,0.1666666716337204,0.25,0.3333333432674408,0.25,0.25,0.1666666716337204,0.4166666567325592,0.5,0.4166666567325592,0.25,0.25,0.1666666716337204,0.25,0.3333333432674408,0.3333333432674408,0.3333333432674408,0.25,0.25,0.25
gelu,0.2242635311773,3,0.0030470988448,108,1,average,2,Beef,0.3333333432674408,0.0833333358168602,0.0833333358168602,0.1666666716337204,0.1666666716337204,0.25,0.25,0.1666666716337204,0.1666666716337204,0.1666666716337204,0.1666666716337204,0.25,0.25,0.25,0.25,0.25,0.25,0.25,0.1666666716337204,0.1666666716337204
elu,0.0301538034645,6,0.0046390064916,168,3,average,1,Beef,0.1666666716337204,0.3333333432674408,0.3333333432674408,0.3333333432674408,0.25,0.3333333432674408,0.3333333432674408,0.3333333432674408,0.3333333432674408,0.3333333432674408,0.3333333432674408,0.3333333432674408,0.4166666567325592,0.25,0.3333333432674408,0.25,0.4166666567325592,0.3333333432674408,0.25,0.3333333432674408
relu,0.3487547477708,3,0.0003022979891,80,1,max,1,Beef,0.0833333358168602,0.1666666716337204,0.0833333358168602,0.1666666716337204,0.1666666716337204,0.1666666716337204,0.1666666716337204,0.1666666716337204,0.1666666716337204,0.25,0.25,0.25,0.25,0.3333333432674408,0.4166666567325592,0.4166666567325592,0.4166666567325592,0.4166666567325592,0.4166666567325592,0.5833333134651184
gelu,0.459129294566,3,0.0008869574424,111,3,average,2,Beef,0.1666666716337204,0.1666666716337204,0.1666666716337204,0.1666666716337204,0.1666666716337204,0.1666666716337204,0.1666666716337204,0.25,0.25,0.25,0.3333333432674408,0.4166666567325592,0.4166666567325592,0.4166666567325592,0.4166666567325592,0.5,0.4166666567325592,0.4166666567325592,0.4166666567325592,0.3333333432674408
elu,0.0359281692525,4,0.0004649504909,126,5,average,1,Beef,0.3333333432674408,0.3333333432674408,0.4166666567325592,0.3333333432674408,0.3333333432674408,0.5,0.5,0.4166666567325592,0.4166666567325592,0.4166666567325592,0.5833333134651184,0.4166666567325592,0.3333333432674408,0.3333333432674408,0.4166666567325592,0.5833333134651184,0.4166666567325592,0.3333333432674408,0.25,0.3333333432674408
gelu,0.2134054200141,4,0.0002157263461,149,4,max,2,Beef,0.3333333432674408,0.3333333432674408,0.3333333432674408,0.1666666716337204,0.0833333358168602,0.1666666716337204,0.1666666716337204,0.1666666716337204,0.1666666716337204,0.25,0.25,0.25,0.3333333432674408,0.3333333432674408,0.3333333432674408,0.4166666567325592,0.5,0.5,0.4166666567325592,0.3333333432674408
sigmoid,0.4583573059789,6,0.0021609979008,70,5,max,2,Beef,0.3333333432674408,0.3333333432674408,0.3333333432674408,0.3333333432674408,0.3333333432674408,0.3333333432674408,0.3333333432674408,0.3333333432674408,0.3333333432674408,0.25,0.25,0.25,0.25,0.3333333432674408,0.3333333432674408,0.25,0.3333333432674408,0.25,0.25,0.25
relu,0.3344386254343,7,0.0020122345501,73,5,average,2,Beef,0.3333333432674408,0.0833333358168602,0.0833333358168602,0.0833333358168602,0.0833333358168602,0.0833333358168602,0.0833333358168602,0.0833333358168602,0.0833333358168602,0.0833333358168602,0.0833333358168602,0.0833333358168602,0.0833333358168602,0.1666666716337204,0.1666666716337204,0.1666666716337204,0.1666666716337204,0.25,0.3333333432674408,0.3333333432674408
gelu,0.1956085507927,5,0.0002408123338,154,5,average,2,Beef,0.0833333358168602,0.0833333358168602,0.0833333358168602,0.0833333358168602,0.0833333358168602,0.0833333358168602,0.1666666716337204,0.1666666716337204,0.1666666716337204,0.1666666716337204,0.1666666716337204,0.1666666716337204,0.1666666716337204,0.1666666716337204,0.1666666716337204,0.1666666716337204,0.25,0.25,0.25,0.25
elu,0.2292754054513,5,0.000965713038,194,5,average,2,Beef,0.3333333432674408,0.3333333432674408,0.4166666567325592,0.4166666567325592,0.3333333432674408,0.3333333432674408,0.25,0.25,0.25,0.3333333432674408,0.25,0.4166666567325592,0.4166666567325592,0.3333333432674408,0.3333333432674408,0.3333333432674408,0.3333333432674408,0.3333333432674408,0.3333333432674408,0.25
gelu,0.2557281736062,5,0.0006328683785,154,2,average,1,Beef,0.3333333432674408,0.3333333432674408,0.3333333432674408,0.4166666567325592,0.4166666567325592,0.3333333432674408,0.1666666716337204,0.1666666716337204,0.25,0.3333333432674408,0.3333333432674408,0.25,0.25,0.3333333432674408,0.4166666567325592,0.4166666567325592,0.3333333432674408,0.3333333432674408,0.3333333432674408,0.5
relu,0.3265782858224,5,0.0022060244245,74,2,average,2,Beef,0.0833333358168602,0.1666666716337204,0.25,0.4166666567325592,0.4166666567325592,0.4166666567325592,0.4166666567325592,0.4166666567325592,0.3333333432674408,0.3333333432674408,0.3333333432674408,0.3333333432674408,0.3333333432674408,0.3333333432674408,0.3333333432674408,0.3333333432674408,0.4166666567325592,0.4166666567325592,0.3333333432674408,0.3333333432674408
tanh,0.2466750135662,3,0.0003021828483,153,2,average,1,Beef,0.3333333432674408,0.25,0.3333333432674408,0.3333333432674408,0.3333333432674408,0.4166666567325592,0.3333333432674408,0.3333333432674408,0.3333333432674408,0.3333333432674408,0.3333333432674408,0.3333333432674408,0.3333333432674408,0.3333333432674408,0.4166666567325592,0.4166666567325592,0.5,0.5,0.4166666567325592,0.5
elu,0.1606214836084,5,0.0006432356293,126,5,average,1,Beef,0.1666666716337204,0.1666666716337204,0.1666666716337204,0.1666666716337204,0.1666666716337204,0.0833333358168602,0.25,0.25,0.3333333432674408,0.4166666567325592,0.3333333432674408,0.3333333432674408,0.3333333432674408,0.4166666567325592,0.4166666567325592,0.4166666567325592,0.25,0.25,0.4166666567325592,0.5833333134651184
relu,0.2610583810687,4,0.0008117377402,217,4,average,2,Beef,0.1666666716337204,0.1666666716337204,0.1666666716337204,0.1666666716337204,0.1666666716337204,0.25,0.25,0.1666666716337204,0.25,0.3333333432674408,0.3333333432674408,0.25,0.25,0.3333333432674408,0.5,0.3333333432674408,0.4166666567325592,0.25,0.4166666567325592,0.5
gelu,0.201484885408,4,0.0041609407421,110,3,max,1,Beef,0.3333333432674408,0.0833333358168602,0.25,0.1666666716337204,0.4166666567325592,0.3333333432674408,0.3333333432674408,0.3333333432674408,0.25,0.4166666567325592,0.4166666567325592,0.5,0.5,0.5,0.6666666865348816,0.5,0.5,0.3333333432674408,0.4166666567325592,0.3333333432674408
sigmoid,0.149555692019,4,0.0068165610177,120,2,max,2,Beef,0.3333333432674408,0.25,0.1666666716337204,0.3333333432674408,0.3333333432674408,0.25,0.1666666716337204,0.4166666567325592,0.25,0.3333333432674408,0.3333333432674408,0.3333333432674408,0.4166666567325592,0.3333333432674408,0.1666666716337204,0.1666666716337204,0.3333333432674408,0.5,0.4166666567325592,0.3333333432674408
gelu,0.3706258676659,6,0.0004134511572,213,1,average,2,Beef,0.1666666716337204,0.4166666567325592,0.5,0.3333333432674408,0.3333333432674408,0.3333333432674408,0.25,0.25,0.25,0.25,0.25,0.25,0.25,0.3333333432674408,0.25,0.3333333432674408,0.3333333432674408,0.3333333432674408,0.3333333432674408,0.25
relu,0.4221112624768,7,0.0026374600237,154,5,average,2,Beef,0.1666666716337204,0.1666666716337204,0.1666666716337204,0.1666666716337204,0.1666666716337204,0.1666666716337204,0.1666666716337204,0.25,0.3333333432674408,0.3333333432674408,0.3333333432674408,0.3333333432674408,0.3333333432674408,0.3333333432674408,0.25,0.25,0.25,0.25,0.25,0.25
gelu,0.1630504700718,3,0.0019638118283,124,1,max,2,Beef,0.1666666716337204,0.3333333432674408,0.3333333432674408,0.4166666567325592,0.4166666567325592,0.4166666567325592,0.4166666567325592,0.3333333432674408,0.25,0.25,0.25,0.25,0.3333333432674408,0.4166666567325592,0.4166666567325592,0.4166666567325592,0.5,0.5,0.5,0.5
elu,0.2884956160774,7,0.000732026569,220,2,max,2,Beef,0.1666666716337204,0.3333333432674408,0.25,0.25,0.3333333432674408,0.3333333432674408,0.3333333432674408,0.3333333432674408,0.4166666567325592,0.4166666567325592,0.3333333432674408,0.3333333432674408,0.3333333432674408,0.3333333432674408,0.3333333432674408,0.3333333432674408,0.5,0.6666666865348816,0.5833333134651184,0.5
gelu,0.3773859612229,4,0.00072527343,94,2,average,2,Beef,0.1666666716337204,0.1666666716337204,0.25,0.25,0.3333333432674408,0.25,0.25,0.25,0.3333333432674408,0.3333333432674408,0.4166666567325592,0.5,0.4166666567325592,0.3333333432674408,0.25,0.25,0.25,0.25,0.3333333432674408,0.4166666567325592
relu,0.2101839010437,5,0.0009933958471,112,2,max,2,Beef,0.1666666716337204,0.1666666716337204,0.25,0.25,0.3333333432674408,0.3333333432674408,0.3333333432674408,0.3333333432674408,0.3333333432674408,0.25,0.25,0.25,0.25,0.25,0.25,0.25,0.3333333432674408,0.4166666567325592,0.4166666567325592,0.25
elu,0.4995202576621,4,0.0002563920173,139,2,max,1,Beef,0.1666666716337204,0.1666666716337204,0.25,0.3333333432674408,0.4166666567325592,0.5,0.5,0.5,0.4166666567325592,0.4166666567325592,0.4166666567325592,0.4166666567325592,0.4166666567325592,0.4166666567325592,0.5,0.5,0.5,0.5833333134651184,0.5833333134651184,0.5833333134651184
gelu,0.3172593581459,3,0.00016592867,164,4,max,2,Beef,0.1666666716337204,0.0833333358168602,0.0833333358168602,0.0833333358168602,0.25,0.0833333358168602,0.0833333358168602,0.0833333358168602,0.1666666716337204,0.1666666716337204,0.1666666716337204,0.1666666716337204,0.25,0.3333333432674408,0.25,0.25,0.25,0.3333333432674408,0.3333333432674408,0.4166666567325592
gelu,0.35364540572,7,0.0031703569764,78,4,average,1,Beef,0.3333333432674408,0.3333333432674408,0.3333333432674408,0.25,0.3333333432674408,0.25,0.3333333432674408,0.4166666567325592,0.3333333432674408,0.3333333432674408,0.4166666567325592,0.4166666567325592,0.4166666567325592,0.4166666567325592,0.4166666567325592,0.4166666567325592,0.3333333432674408,0.25,0.25,0.4166666567325592
tanh,0.3076272867321,7,0.0001837314561,89,5,average,1,Beef,0.3333333432674408,0.3333333432674408,0.3333333432674408,0.3333333432674408,0.25,0.3333333432674408,0.3333333432674408,0.3333333432674408,0.3333333432674408,0.25,0.25,0.3333333432674408,0.3333333432674408,0.4166666567325592,0.3333333432674408,0.3333333432674408,0.3333333432674408,0.3333333432674408,0.3333333432674408,0.3333333432674408
sigmoid,0.3796743974782,3,0.0001959140091,76,1,max,2,Beef,0.25,0.25,0.25,0.25,0.25,0.25,0.3333333432674408,0.3333333432674408,0.3333333432674408,0.3333333432674408,0.3333333432674408,0.3333333432674408,0.4166666567325592,0.4166666567325592,0.3333333432674408,0.4166666567325592,0.3333333432674408,0.3333333432674408,0.3333333432674408,0.3333333432674408
elu,0.2301274933078,7,0.0016732801913,224,3,max,2,Beef,0.25,0.3333333432674408,0.3333333432674408,0.25,0.3333333432674408,0.3333333432674408,0.25,0.1666666716337204,0.1666666716337204,0.3333333432674408,0.5,0.25,0.25,0.25,0.25,0.5,0.25,0.3333333432674408,0.4166666567325592,0.4166666567325592
elu,0.002755411971,7,0.0001937376358,186,2,max,2,Beef,0.1666666716337204,0.3333333432674408,0.4166666567325592,0.3333333432674408,0.5,0.4166666567325592,0.4166666567325592,0.4166666567325592,0.5,0.5833333134651184,0.5833333134651184,0.5833333134651184,0.5833333134651184,0.5,0.5833333134651184,0.5833333134651184,0.6666666865348816,0.5,0.5,0.5
relu,0.4828634018447,7,0.004118329187,191,4,average,1,Beef,0.3333333432674408,0.0833333358168602,0.1666666716337204,0.4166666567325592,0.4166666567325592,0.3333333432674408,0.3333333432674408,0.3333333432674408,0.5,0.4166666567325592,0.4166666567325592,0.4166666567325592,0.4166666567325592,0.4166666567325592,0.4166666567325592,0.4166666567325592,0.3333333432674408,0.25,0.25,0.25
relu,0.3565036467735,6,0.000577544121,167,3,max,1,Beef,0.1666666716337204,0.1666666716337204,0.1666666716337204,0.0833333358168602,0.0833333358168602,0.0833333358168602,0.25,0.3333333432674408,0.5,0.5,0.4166666567325592,0.4166666567325592,0.4166666567325592,0.5,0.5,0.5,0.5,0.5,0.4166666567325592,0.4166666567325592
sigmoid,0.2615569377045,3,0.0002716729906,166,3,average,2,Beef,0.25,0.25,0.25,0.25,0.25,0.25,0.25,0.25,0.25,0.25,0.4166666567325592,0.4166666567325592,0.5,0.5,0.4166666567325592,0.4166666567325592,0.4166666567325592,0.5,0.5,0.5
relu,0.0710889316389,6,0.0033113379368,83,5,average,1,Beef,0.0833333358168602,0.0833333358168602,0.1666666716337204,0.1666666716337204,0.1666666716337204,0.25,0.1666666716337204,0.3333333432674408,0.25,0.3333333432674408,0.4166666567325592,0.5,0.5,0.5833333134651184,0.5,0.5,0.5,0.5833333134651184,0.4166666567325592,0.3333333432674408
relu,0.3903705989319,3,0.0006187131564,231,5,average,2,Beef,0.25,0.25,0.25,0.25,0.25,0.25,0.25,0.25,0.25,0.25,0.25,0.25,0.25,0.25,0.25,0.3333333432674408,0.25,0.25,0.3333333432674408,0.4166666567325592
sigmoid,0.4339636180395,6,0.0009659648154,127,3,max,1,Beef,0.0833333358168602,0.0833333358168602,0.0833333358168602,0.0833333358168602,0.0833333358168602,0.0833333358168602,0.0833333358168602,0.0833333358168602,0.25,0.25,0.3333333432674408,0.3333333432674408,0.4166666567325592,0.5,0.5,0.3333333432674408,0.4166666567325592,0.4166666567325592,0.4166666567325592,0.4166666567325592
relu,0.0876662958857,6,0.0083678269036,66,4,average,2,Beef,0.3333333432674408,0.25,0.25,0.25,0.4166666567325592,0.4166666567325592,0.4166666567325592,0.3333333432674408,0.4166666567325592,0.4166666567325592,0.4166666567325592,0.3333333432674408,0.5,0.4166666567325592,0.3333333432674408,0.25,0.25,0.25,0.25,0.4166666567325592
relu,0.1087630851693,5,0.0008452722745,104,1,average,2,Beef,0.0833333358168602,0.0833333358168602,0.25,0.4166666567325592,0.4166666567325592,0.4166666567325592,0.4166666567325592,0.4166666567325592,0.4166666567325592,0.4166666567325592,0.5,0.5,0.5,0.5,0.4166666567325592,0.5,0.5,0.5,0.5833333134651184,0.6666666865348816
sigmoid,0.036587193467,3,0.0001685409702,246,4,average,2,Beef,0.1666666716337204,0.1666666716337204,0.1666666716337204,0.1666666716337204,0.1666666716337204,0.1666666716337204,0.1666666716337204,0.1666666716337204,0.1666666716337204,0.1666666716337204,0.0833333358168602,0.0833333358168602,0.1666666716337204,0.25,0.25,0.25,0.25,0.4166666567325592,0.4166666567325592,0.4166666567325592
sigmoid,0.4184796374274,5,0.0061156784865,167,5,average,1,Beef,0.1666666716337204,0.25,0.25,0.25,0.25,0.25,0.25,0.0833333358168602,0.25,0.25,0.25,0.3333333432674408,0.3333333432674408,0.3333333432674408,0.3333333432674408,0.3333333432674408,0.3333333432674408,0.4166666567325592,0.4166666567325592,0.5
elu,0.0220137146631,7,0.0002164407605,75,3,average,1,Beef,0.25,0.25,0.25,0.25,0.25,0.25,0.25,0.25,0.1666666716337204,0.3333333432674408,0.3333333432674408,0.3333333432674408,0.3333333432674408,0.3333333432674408,0.3333333432674408,0.3333333432674408,0.25,0.3333333432674408,0.4166666567325592,0.3333333432674408
sigmoid,0.2974700092268,6,0.0054645919637,87,2,max,2,Beef,0.0833333358168602,0.0833333358168602,0.1666666716337204,0.0833333358168602,0.0833333358168602,0.1666666716337204,0.3333333432674408,0.5,0.4166666567325592,0.3333333432674408,0.4166666567325592,0.4166666567325592,0.5,0.4166666567325592,0.4166666567325592,0.3333333432674408,0.4166666567325592,0.5,0.4166666567325592,0.5
sigmoid,0.1706858036124,7,0.0010746682468,157,3,max,1,Beef,0.0833333358168602,0.0833333358168602,0.0833333358168602,0.0833333358168602,0.0833333358168602,0.0833333358168602,0.0833333358168602,0.0833333358168602,0.0833333358168602,0.0833333358168602,0.0833333358168602,0.0833333358168602,0.3333333432674408,0.3333333432674408,0.3333333432674408,0.3333333432674408,0.5,0.5833333134651184,0.5,0.5
tanh,0.2963794065923,5,0.0002106707671,74,3,max,2,Beef,0.1666666716337204,0.25,0.3333333432674408,0.3333333432674408,0.3333333432674408,0.3333333432674408,0.3333333432674408,0.25,0.25,0.25,0.25,0.25,0.25,0.25,0.25,0.25,0.3333333432674408,0.3333333432674408,0.3333333432674408,0.3333333432674408
sigmoid,0.0039700005231,3,0.0061642329174,88,2,average,2,Beef,0.3333333432674408,0.5,0.3333333432674408,0.25,0.4166666567325592,0.4166666567325592,0.5,0.5,0.5,0.4166666567325592,0.3333333432674408,0.3333333432674408,0.3333333432674408,0.3333333432674408,0.3333333432674408,0.3333333432674408,0.4166666567325592,0.25,0.25,0.3333333432674408
sigmoid,0.076326684549,5,0.0001598866998,145,3,max,2,Beef,0.1666666716337204,0.1666666716337204,0.1666666716337204,0.1666666716337204,0.1666666716337204,0.1666666716337204,0.1666666716337204,0.1666666716337204,0.1666666716337204,0.1666666716337204,0.1666666716337204,0.1666666716337204,0.1666666716337204,0.1666666716337204,0.1666666716337204,0.1666666716337204,0.1666666716337204,0.3333333432674408,0.25,0.5
sigmoid,0.0889861677351,3,0.001607666035,87,2,average,2,Beef,0.1666666716337204,0.1666666716337204,0.1666666716337204,0.1666666716337204,0.1666666716337204,0.3333333432674408,0.3333333432674408,0.4166666567325592,0.4166666567325592,0.3333333432674408,0.3333333432674408,0.3333333432674408,0.3333333432674408,0.3333333432674408,0.4166666567325592,0.25,0.3333333432674408,0.3333333432674408,0.5833333134651184,0.5
relu,0.3773415319481,5,0.000664612025,90,1,average,1,Beef,0.3333333432674408,0.3333333432674408,0.4166666567325592,0.4166666567325592,0.4166666567325592,0.4166666567325592,0.5,0.6666666865348816,0.5833333134651184,0.5,0.5,0.5,0.5,0.5833333134651184,0.5833333134651184,0.4166666567325592,0.3333333432674408,0.3333333432674408,0.25,0.3333333432674408
tanh,0.3506040459593,3,0.0017373662782,125,4,average,1,Beef,0.25,0.3333333432674408,0.3333333432674408,0.25,0.4166666567325592,0.3333333432674408,0.25,0.25,0.4166666567325592,0.25,0.3333333432674408,0.3333333432674408,0.4166666567325592,0.3333333432674408,0.3333333432674408,0.4166666567325592,0.4166666567325592,0.4166666567325592,0.3333333432674408,0.5833333134651184
elu,0.0179904838293,5,0.0001699441542,67,3,average,2,Beef,0.1666666716337204,0.1666666716337204,0.1666666716337204,0.1666666716337204,0.1666666716337204,0.1666666716337204,0.1666666716337204,0.1666666716337204,0.1666666716337204,0.1666666716337204,0.1666666716337204,0.3333333432674408,0.5,0.5,0.5,0.4166666567325592,0.5,0.5,0.5,0.5833333134651184
tanh,0.3930431480863,7,0.0047861968829,78,5,average,2,Beef,0.1666666716337204,0.1666666716337204,0.1666666716337204,0.1666666716337204,0.1666666716337204,0.4166666567325592,0.4166666567325592,0.3333333432674408,0.25,0.25,0.0833333358168602,0.1666666716337204,0.25,0.4166666567325592,0.4166666567325592,0.3333333432674408,0.3333333432674408,0.4166666567325592,0.4166666567325592,0.3333333432674408
sigmoid,0.2924977205317,7,0.0010179838759,133,2,average,2,Beef,0.0833333358168602,0.0833333358168602,0.25,0.25,0.25,0.25,0.25,0.3333333432674408,0.3333333432674408,0.3333333432674408,0.3333333432674408,0.3333333432674408,0.3333333432674408,0.4166666567325592,0.5,0.5,0.5,0.5,0.5,0.5833333134651184
gelu,0.3999372311347,7,0.0001918562823,206,2,max,2,Beef,0.25,0.25,0.25,0.25,0.25,0.4166666567325592,0.4166666567325592,0.4166666567325592,0.4166666567325592,0.3333333432674408,0.3333333432674408,0.3333333432674408,0.4166666567325592,0.4166666567325592,0.3333333432674408,0.3333333432674408,0.4166666567325592,0.3333333432674408,0.3333333432674408,0.25
gelu,0.3663849266307,3,0.0043888822554,229,1,average,2,Beef,0.0833333358168602,0.4166666567325592,0.5,0.5,0.5,0.5833333134651184,0.5833333134651184,0.5,0.4166666567325592,0.4166666567325592,0.4166666567325592,0.5,0.5,0.4166666567325592,0.5,0.5,0.4166666567325592,0.4166666567325592,0.5,0.5
gelu,0.0871893430547,3,0.0027378274638,76,5,average,1,Beef,0.25,0.25,0.25,0.25,0.25,0.1666666716337204,0.1666666716337204,0.3333333432674408,0.1666666716337204,0.3333333432674408,0.5,0.4166666567325592,0.5,0.5,0.5,0.5,0.5,0.3333333432674408,0.3333333432674408,0.4166666567325592
tanh,0.2597246251973,5,0.0020031756303,249,2,average,1,Beef,0.25,0.5,0.3333333432674408,0.25,0.3333333432674408,0.4166666567325592,0.4166666567325592,0.5,0.5,0.4166666567325592,0.5833333134651184,0.5,0.4166666567325592,0.25,0.3333333432674408,0.3333333432674408,0.4166666567325592,0.5,0.5833333134651184,0.5
elu,0.2395499542143,4,0.0056554274155,163,4,average,2,Beef,0.25,0.3333333432674408,0.1666666716337204,0.25,0.25,0.1666666716337204,0.0833333358168602,0.1666666716337204,0.1666666716337204,0.25,0.25,0.25,0.3333333432674408,0.3333333432674408,0.0833333358168602,0.0833333358168602,0.1666666716337204,0.1666666716337204,0.25,0.3333333432674408
elu,0.1002628684719,7,0.0041580176313,79,1,max,2,Beef,0.1666666716337204,0.25,0.3333333432674408,0.3333333432674408,0.3333333432674408,0.1666666716337204,0.1666666716337204,0.25,0.3333333432674408,0.4166666567325592,0.4166666567325592,0.4166666567325592,0.3333333432674408,0.3333333432674408,0.4166666567325592,0.5,0.5,0.5,0.5,0.5
sigmoid,0.4398610717507,4,0.0014047716638,131,4,average,1,Beef,0.1666666716337204,0.1666666716337204,0.1666666716337204,0.1666666716337204,0.1666666716337204,0.1666666716337204,0.1666666716337204,0.1666666716337204,0.1666666716337204,0.25,0.3333333432674408,0.3333333432674408,0.3333333432674408,0.3333333432674408,0.3333333432674408,0.3333333432674408,0.3333333432674408,0.3333333432674408,0.4166666567325592,0.4166666567325592
gelu,0.1196285147947,7,0.0007367180247,74,4,max,2,Beef,0.1666666716337204,0.1666666716337204,0.1666666716337204,0.1666666716337204,0.1666666716337204,0.1666666716337204,0.1666666716337204,0.1666666716337204,0.1666666716337204,0.1666666716337204,0.1666666716337204,0.1666666716337204,0.1666666716337204,0.3333333432674408,0.4166666567325592,0.4166666567325592,0.4166666567325592,0.5833333134651184,0.4166666567325592,0.3333333432674408
tanh,0.4730523147835,3,0.0012784622208,78,3,average,1,Beef,0.0833333358168602,0.5,0.25,0.25,0.25,0.3333333432674408,0.5,0.5,0.4166666567325592,0.4166666567325592,0.3333333432674408,0.3333333432674408,0.3333333432674408,0.3333333432674408,0.3333333432674408,0.4166666567325592,0.4166666567325592,0.4166666567325592,0.4166666567325592,0.4166666567325592
gelu,0.4234208880767,4,0.0013849659455,149,5,max,2,Beef,0.1666666716337204,0.1666666716337204,0.0833333358168602,0.0833333358168602,0.0833333358168602,0.0833333358168602,0.0833333358168602,0.1666666716337204,0.25,0.25,0.25,0.3333333432674408,0.4166666567325592,0.5,0.3333333432674408,0.25,0.25,0.25,0.4166666567325592,0.4166666567325592
relu,0.0668866210245,7,0.0048811259055,136,2,max,1,Beef,0.1666666716337204,0.1666666716337204,0.25,0.3333333432674408,0.3333333432674408,0.4166666567325592,0.4166666567325592,0.3333333432674408,0.3333333432674408,0.3333333432674408,0.3333333432674408,0.4166666567325592,0.3333333432674408,0.3333333432674408,0.3333333432674408,0.3333333432674408,0.3333333432674408,0.3333333432674408,0.3333333432674408,0.5
sigmoid,0.372660755112,6,0.0049611226613,194,4,max,1,Beef,0.1666666716337204,0.1666666716337204,0.25,0.1666666716337204,0.1666666716337204,0.25,0.1666666716337204,0.1666666716337204,0.0833333358168602,0.1666666716337204,0.25,0.25,0.1666666716337204,0.0833333358168602,0.25,0.1666666716337204,0.1666666716337204,0.1666666716337204,0.0833333358168602,0.0833333358168602
elu,0.4701987750923,5,0.0002041131727,117,2,max,2,Beef,0.1666666716337204,0.25,0.3333333432674408,0.3333333432674408,0.4166666567325592,0.4166666567325592,0.4166666567325592,0.4166666567325592,0.5833333134651184,0.5833333134651184,0.5833333134651184,0.5833333134651184,0.5833333134651184,0.75,0.6666666865348816,0.5833333134651184,0.5,0.5,0.5,0.5
gelu,0.3161516587151,6,0.0012825204594,160,1,max,2,Beef,0.1666666716337204,0.25,0.4166666567325592,0.25,0.1666666716337204,0.1666666716337204,0.1666666716337204,0.1666666716337204,0.25,0.3333333432674408,0.25,0.3333333432674408,0.3333333432674408,0.3333333432674408,0.3333333432674408,0.3333333432674408,0.3333333432674408,0.25,0.1666666716337204,0.25
tanh,0.0672133799116,5,0.0037290286929,224,5,max,1,Beef,0.1666666716337204,0.0833333358168602,0.1666666716337204,0.1666666716337204,0.0833333358168602,0.3333333432674408,0.25,0.25,0.25,0.1666666716337204,0.1666666716337204,0.1666666716337204,0.3333333432674408,0.3333333432674408,0.25,0.3333333432674408,0.3333333432674408,0.1666666716337204,0.25,0.4166666567325592
tanh,0.4703344789324,4,0.0005265172292,71,2,max,1,Beef,0.1666666716337204,0.0833333358168602,0.25,0.25,0.3333333432674408,0.3333333432674408,0.3333333432674408,0.4166666567325592,0.4166666567325592,0.3333333432674408,0.3333333432674408,0.4166666567325592,0.4166666567325592,0.4166666567325592,0.4166666567325592,0.4166666567325592,0.4166666567325592,0.5,0.5,0.5833333134651184
tanh,0.3096670955022,7,0.0052372528529,101,2,max,2,Beef,0.1666666716337204,0.25,0.3333333432674408,0.4166666567325592,0.5,0.5,0.3333333432674408,0.5,0.4166666567325592,0.4166666567325592,0.25,0.25,0.25,0.3333333432674408,0.5833333134651184,0.6666666865348816,0.6666666865348816,0.6666666865348816,0.6666666865348816,0.5833333134651184
gelu,0.0491883044631,7,0.0066780293242,117,3,average,2,Beef,0.3333333432674408,0.4166666567325592,0.3333333432674408,0.25,0.1666666716337204,0.25,0.25,0.25,0.25,0.25,0.25,0.3333333432674408,0.4166666567325592,0.3333333432674408,0.1666666716337204,0.4166666567325592,0.25,0.1666666716337204,0.1666666716337204,0.3333333432674408
elu,0.1566618065061,6,0.007944442522,252,4,average,2,Beef,0.3333333432674408,0.25,0.3333333432674408,0.1666666716337204,0.25,0.25,0.1666666716337204,0.1666666716337204,0.1666666716337204,0.25,0.25,0.25,0.25,0.3333333432674408,0.3333333432674408,0.3333333432674408,0.3333333432674408,0.3333333432674408,0.3333333432674408,0.25
elu,0.2496015182267,4,0.0003936855102,180,3,max,2,Beef,0.25,0.25,0.3333333432674408,0.1666666716337204,0.25,0.3333333432674408,0.3333333432674408,0.25,0.4166666567325592,0.3333333432674408,0.3333333432674408,0.5,0.3333333432674408,0.25,0.4166666567325592,0.3333333432674408,0.5,0.25,0.25,0.4166666567325592
gelu,0.4284407176331,7,0.0006612904867,132,2,average,1,Beef,0.1666666716337204,0.1666666716337204,0.1666666716337204,0.1666666716337204,0.1666666716337204,0.1666666716337204,0.25,0.25,0.3333333432674408,0.3333333432674408,0.4166666567325592,0.3333333432674408,0.3333333432674408,0.4166666567325592,0.4166666567325592,0.5,0.5,0.4166666567325592,0.4166666567325592,0.5
sigmoid,0.0666035568756,4,0.0006389916847,111,1,max,1,Beef,0.25,0.25,0.4166666567325592,0.3333333432674408,0.3333333432674408,0.25,0.25,0.1666666716337204,0.25,0.25,0.25,0.25,0.25,0.25,0.25,0.3333333432674408,0.3333333432674408,0.3333333432674408,0.3333333432674408,0.25
gelu,0.3301098845969,3,0.0004624034946,74,4,average,2,Beef,0.1666666716337204,0.1666666716337204,0.1666666716337204,0.1666666716337204,0.1666666716337204,0.1666666716337204,0.1666666716337204,0.1666666716337204,0.1666666716337204,0.25,0.3333333432674408,0.3333333432674408,0.3333333432674408,0.4166666567325592,0.4166666567325592,0.4166666567325592,0.3333333432674408,0.3333333432674408,0.3333333432674408,0.3333333432674408
relu,0.4890716569931,6,0.0026115694706,191,4,max,2,Beef,0.3333333432674408,0.25,0.1666666716337204,0.1666666716337204,0.1666666716337204,0.3333333432674408,0.25,0.25,0.25,0.1666666716337204,0.3333333432674408,0.25,0.3333333432674408,0.25,0.25,0.3333333432674408,0.1666666716337204,0.1666666716337204,0.3333333432674408,0.25
relu,0.4284419504195,6,0.0005122883173,76,4,average,2,Beef,0.25,0.1666666716337204,0.1666666716337204,0.1666666716337204,0.1666666716337204,0.1666666716337204,0.1666666716337204,0.1666666716337204,0.1666666716337204,0.1666666716337204,0.1666666716337204,0.1666666716337204,0.25,0.25,0.3333333432674408,0.3333333432674408,0.3333333432674408,0.3333333432674408,0.3333333432674408,0.3333333432674408
elu,0.3520153477682,3,0.005825381532,210,1,max,2,Beef,0.1666666716337204,0.0833333358168602,0.1666666716337204,0.1666666716337204,0.1666666716337204,0.1666666716337204,0.1666666716337204,0.1666666716337204,0.25,0.25,0.1666666716337204,0.1666666716337204,0.25,0.25,0.25,0.1666666716337204,0.25,0.25,0.25,0.25
relu,0.0048175112517,4,0.0006026189688,72,3,max,2,Beef,0.1666666716337204,0.25,0.3333333432674408,0.25,0.3333333432674408,0.3333333432674408,0.3333333432674408,0.3333333432674408,0.25,0.25,0.25,0.3333333432674408,0.25,0.3333333432674408,0.3333333432674408,0.5,0.4166666567325592,0.25,0.25,0.3333333432674408
tanh,0.1635214826352,6,0.0085477651579,72,1,max,1,Beef,0.25,0.0833333358168602,0.1666666716337204,0.25,0.4166666567325592,0.3333333432674408,0.3333333432674408,0.4166666567325592,0.25,0.25,0.4166666567325592,0.4166666567325592,0.3333333432674408,0.3333333432674408,0.25,0.4166666567325592,0.4166666567325592,0.3333333432674408,0.4166666567325592,0.25
relu,0.3791936432688,5,0.0019169244138,64,3,average,2,Beef,0.1666666716337204,0.1666666716337204,0.1666666716337204,0.1666666716337204,0.1666666716337204,0.25,0.25,0.25,0.1666666716337204,0.1666666716337204,0.25,0.25,0.3333333432674408,0.3333333432674408,0.4166666567325592,0.3333333432674408,0.4166666567325592,0.3333333432674408,0.3333333432674408,0.5
sigmoid,0.175402147022,5,0.001346917207,95,5,max,2,Beef,0.0833333358168602,0.0833333358168602,0.0833333358168602,0.0833333358168602,0.0833333358168602,0.0833333358168602,0.0833333358168602,0.0833333358168602,0.0833333358168602,0.0833333358168602,0.0833333358168602,0.0833333358168602,0.0833333358168602,0.0833333358168602,0.1666666716337204,0.25,0.25,0.25,0.25,0.25
elu,0.1632330199072,6,0.0015296552008,208,1,average,1,Beef,0.25,0.25,0.3333333432674408,0.25,0.3333333432674408,0.25,0.1666666716337204,0.3333333432674408,0.3333333432674408,0.25,0.3333333432674408,0.4166666567325592,0.4166666567325592,0.3333333432674408,0.3333333432674408,0.3333333432674408,0.3333333432674408,0.3333333432674408,0.25,0.5
tanh,0.2867077276335,3,0.0001430397104,67,2,max,1,Beef,0.0833333358168602,0.0833333358168602,0.0833333358168602,0.25,0.3333333432674408,0.3333333432674408,0.3333333432674408,0.3333333432674408,0.3333333432674408,0.3333333432674408,0.5,0.5,0.5,0.5,0.5833333134651184,0.6666666865348816,0.5833333134651184,0.5,0.5,0.5833333134651184
sigmoid,0.1363161405363,6,0.0001009083932,132,4,average,2,Beef,0.0833333358168602,0.0833333358168602,0.0833333358168602,0.0833333358168602,0.0833333358168602,0.0833333358168602,0.0833333358168602,0.0833333358168602,0.0833333358168602,0.0833333358168602,0.0833333358168602,0.0833333358168602,0.25,0.25,0.25,0.25,0.25,0.3333333432674408,0.3333333432674408,0.3333333432674408
relu,0.4031724806232,7,0.0024525674552,88,4,max,2,Beef,0.1666666716337204,0.1666666716337204,0.1666666716337204,0.25,0.3333333432674408,0.25,0.0833333358168602,0.0833333358168602,0.1666666716337204,0.25,0.25,0.25,0.25,0.25,0.25,0.25,0.3333333432674408,0.3333333432674408,0.3333333432674408,0.4166666567325592
relu,0.2470582356593,4,0.0070681474902,190,4,max,2,Beef,0.1666666716337204,0.1666666716337204,0.25,0.1666666716337204,0.25,0.25,0.3333333432674408,0.3333333432674408,0.3333333432674408,0.3333333432674408,0.25,0.25,0.3333333432674408,0.25,0.25,0.25,0.25,0.25,0.4166666567325592,0.25
relu,0.4535545276102,7,0.0017894055959,124,1,average,1,Beef,0.1666666716337204,0.3333333432674408,0.3333333432674408,0.3333333432674408,0.4166666567325592,0.4166666567325592,0.3333333432674408,0.4166666567325592,0.5,0.4166666567325592,0.4166666567325592,0.3333333432674408,0.3333333432674408,0.4166666567325592,0.4166666567325592,0.4166666567325592,0.4166666567325592,0.5,0.5,0.5
elu,0.4157204051192,4,0.0024809387277,75,4,average,1,Beef,0.25,0.4166666567325592,0.3333333432674408,0.4166666567325592,0.1666666716337204,0.1666666716337204,0.25,0.4166666567325592,0.3333333432674408,0.3333333432674408,0.25,0.25,0.25,0.25,0.1666666716337204,0.4166666567325592,0.5,0.5,0.3333333432674408,0.25
tanh,0.2030976451496,3,0.0002265500425,74,3,max,2,Beef,0.4166666567325592,0.25,0.1666666716337204,0.25,0.25,0.25,0.25,0.25,0.25,0.25,0.3333333432674408,0.3333333432674408,0.3333333432674408,0.4166666567325592,0.4166666567325592,0.4166666567325592,0.3333333432674408,0.3333333432674408,0.3333333432674408,0.3333333432674408
sigmoid,0.0316357380817,7,0.008921639794,210,1,max,2,Beef,0.25,0.4166666567325592,0.3333333432674408,0.3333333432674408,0.4166666567325592,0.3333333432674408,0.3333333432674408,0.25,0.4166666567325592,0.5,0.5,0.5,0.4166666567325592,0.5,0.25,0.25,0.4166666567325592,0.5,0.5,0.5
relu,0.3422406650763,6,0.0007498207982,88,3,max,2,Beef,0.1666666716337204,0.1666666716337204,0.1666666716337204,0.1666666716337204,0.1666666716337204,0.25,0.4166666567325592,0.3333333432674408,0.25,0.3333333432674408,0.25,0.3333333432674408,0.25,0.25,0.4166666567325592,0.3333333432674408,0.4166666567325592,0.3333333432674408,0.4166666567325592,0.4166666567325592
elu,0.2985082744356,6,0.0002758057463,130,3,average,1,Beef,0.0833333358168602,0.3333333432674408,0.3333333432674408,0.3333333432674408,0.25,0.3333333432674408,0.1666666716337204,0.1666666716337204,0.25,0.3333333432674408,0.3333333432674408,0.25,0.25,0.25,0.25,0.25,0.25,0.25,0.3333333432674408,0.5
relu,0.1002373772,5,0.000578138975,195,4,average,1,Beef,0.0833333358168602,0.0833333358168602,0.0833333358168602,0.0833333358168602,0.1666666716337204,0.1666666716337204,0.1666666716337204,0.1666666716337204,0.1666666716337204,0.1666666716337204,0.1666666716337204,0.25,0.25,0.3333333432674408,0.4166666567325592,0.4166666567325592,0.4166666567325592,0.5,0.5,0.5
tanh,0.4792570332978,6,0.0002564982839,150,1,max,1,Beef,0.0833333358168602,0.3333333432674408,0.3333333432674408,0.3333333432674408,0.4166666567325592,0.4166666567325592,0.5833333134651184,0.5,0.5833333134651184,0.5,0.4166666567325592,0.3333333432674408,0.4166666567325592,0.3333333432674408,0.3333333432674408,0.25,0.3333333432674408,0.3333333432674408,0.3333333432674408,0.3333333432674408
elu,0.0056401571014,3,0.0031180063205,195,5,average,2,Beef,0.3333333432674408,0.3333333432674408,0.25,0.25,0.3333333432674408,0.4166666567325592,0.5,0.25,0.4166666567325592,0.3333333432674408,0.4166666567325592,0.4166666567325592,0.3333333432674408,0.3333333432674408,0.3333333432674408,0.25,0.25,0.4166666567325592,0.4166666567325592,0.25
elu,0.2288534992569,7,0.0001444700611,156,3,max,1,Beef,0.1666666716337204,0.1666666716337204,0.1666666716337204,0.0833333358168602,0.0833333358168602,0.1666666716337204,0.3333333432674408,0.3333333432674408,0.3333333432674408,0.4166666567325592,0.4166666567325592,0.5833333134651184,0.5,0.5833333134651184,0.5833333134651184,0.5,0.5,0.5,0.5833333134651184,0.5833333134651184
tanh,0.3400891675248,7,0.0002394279243,112,5,max,2,Beef,0.0833333358168602,0.0833333358168602,0.0833333358168602,0.0833333358168602,0.0833333358168602,0.0833333358168602,0.0833333358168602,0.0833333358168602,0.0833333358168602,0.1666666716337204,0.1666666716337204,0.25,0.25,0.3333333432674408,0.4166666567325592,0.4166666567325592,0.3333333432674408,0.3333333432674408,0.3333333432674408,0.4166666567325592
gelu,0.3922859701505,6,0.0001139922547,76,2,average,2,Beef,0.4166666567325592,0.5,0.3333333432674408,0.3333333432674408,0.4166666567325592,0.6666666865348816,0.5,0.4166666567325592,0.4166666567325592,0.4166666567325592,0.4166666567325592,0.4166666567325592,0.4166666567325592,0.5,0.5,0.5,0.5,0.5,0.4166666567325592,0.4166666567325592
elu,0.0437363810925,4,0.0003864861313,66,3,average,1,Beef,0.25,0.4166666567325592,0.3333333432674408,0.3333333432674408,0.4166666567325592,0.4166666567325592,0.3333333432674408,0.4166666567325592,0.3333333432674408,0.5,0.3333333432674408,0.4166666567325592,0.5,0.4166666567325592,0.4166666567325592,0.3333333432674408,0.3333333432674408,0.4166666567325592,0.4166666567325592,0.5
sigmoid,0.2956907769535,7,0.000669968492,140,2,average,1,Beef,0.3333333432674408,0.4166666567325592,0.4166666567325592,0.4166666567325592,0.4166666567325592,0.4166666567325592,0.4166666567325592,0.3333333432674408,0.3333333432674408,0.3333333432674408,0.25,0.25,0.5,0.3333333432674408,0.3333333432674408,0.3333333432674408,0.4166666567325592,0.5,0.4166666567325592,0.5
sigmoid,0.4590141595431,3,0.0001423807595,240,1,average,2,Beef,0.1666666716337204,0.1666666716337204,0.1666666716337204,0.1666666716337204,0.3333333432674408,0.25,0.25,0.4166666567325592,0.4166666567325592,0.3333333432674408,0.3333333432674408,0.3333333432674408,0.3333333432674408,0.3333333432674408,0.4166666567325592,0.4166666567325592,0.4166666567325592,0.4166666567325592,0.3333333432674408,0.3333333432674408
tanh,0.4108851442206,4,0.0012635817786,216,3,max,2,Beef,0.3333333432674408,0.3333333432674408,0.4166666567325592,0.3333333432674408,0.25,0.3333333432674408,0.25,0.25,0.1666666716337204,0.25,0.3333333432674408,0.1666666716337204,0.1666666716337204,0.25,0.3333333432674408,0.4166666567325592,0.4166666567325592,0.1666666716337204,0.25,0.25
elu,0.2341002351941,6,0.0002020401238,159,5,average,2,Beef,0.25,0.25,0.0833333358168602,0.25,0.3333333432674408,0.4166666567325592,0.3333333432674408,0.5,0.4166666567325592,0.4166666567325592,0.3333333432674408,0.3333333432674408,0.4166666567325592,0.3333333432674408,0.5,0.4166666567325592,0.3333333432674408,0.4166666567325592,0.4166666567325592,0.5
elu,0.3966937690346,3,0.0002155330362,156,2,max,1,Beef,0.25,0.25,0.25,0.25,0.3333333432674408,0.3333333432674408,0.3333333432674408,0.25,0.25,0.3333333432674408,0.3333333432674408,0.3333333432674408,0.25,0.25,0.25,0.25,0.25,0.4166666567325592,0.4166666567325592,0.4166666567325592
relu,0.3605328622166,5,0.0059486585564,168,4,max,2,Beef,0.1666666716337204,0.1666666716337204,0.25,0.25,0.3333333432674408,0.4166666567325592,0.4166666567325592,0.4166666567325592,0.4166666567325592,0.3333333432674408,0.3333333432674408,0.3333333432674408,0.5,0.25,0.25,0.4166666567325592,0.3333333432674408,0.4166666567325592,0.5,0.4166666567325592
tanh,0.2652935704802,5,0.0001983210615,99,1,average,2,Beef,0.1666666716337204,0.0833333358168602,0.1666666716337204,0.1666666716337204,0.3333333432674408,0.3333333432674408,0.3333333432674408,0.3333333432674408,0.25,0.3333333432674408,0.3333333432674408,0.3333333432674408,0.3333333432674408,0.4166666567325592,0.4166666567325592,0.4166666567325592,0.5,0.5,0.5,0.5
gelu,0.4745363577222,4,0.00244087166,70,2,max,2,Beef,0.25,0.25,0.25,0.25,0.25,0.4166666567325592,0.4166666567325592,0.4166666567325592,0.4166666567325592,0.4166666567325592,0.5,0.5,0.3333333432674408,0.25,0.5,0.5833333134651184,0.4166666567325592,0.3333333432674408,0.25,0.3333333432674408
relu,0.0553001682346,3,0.0025844121267,65,2,average,2,Beef,0.1666666716337204,0.1666666716337204,0.3333333432674408,0.25,0.25,0.25,0.25,0.25,0.4166666567325592,0.5,0.3333333432674408,0.3333333432674408,0.3333333432674408,0.3333333432674408,0.4166666567325592,0.4166666567325592,0.5833333134651184,0.5,0.4166666567325592,0.25
gelu,0.0212628766936,6,0.000223862674,82,5,max,2,Beef,0.3333333432674408,0.0833333358168602,0.0833333358168602,0.0833333358168602,0.0833333358168602,0.0833333358168602,0.0833333358168602,0.1666666716337204,0.1666666716337204,0.1666666716337204,0.1666666716337204,0.1666666716337204,0.1666666716337204,0.1666666716337204,0.1666666716337204,0.3333333432674408,0.25,0.25,0.3333333432674408,0.3333333432674408
tanh,0.2701386130325,3,0.0019141552194,66,2,max,2,Beef,0.1666666716337204,0.1666666716337204,0.3333333432674408,0.5,0.5,0.4166666567325592,0.3333333432674408,0.3333333432674408,0.4166666567325592,0.5,0.4166666567325592,0.4166666567325592,0.4166666567325592,0.4166666567325592,0.4166666567325592,0.4166666567325592,0.4166666567325592,0.5,0.4166666567325592,0.4166666567325592
relu,0.0670815099045,3,0.0009620891684,148,4,max,2,Beef,0.0833333358168602,0.0833333358168602,0.0833333358168602,0.0833333358168602,0.0833333358168602,0.0833333358168602,0.0833333358168602,0.0833333358168602,0.1666666716337204,0.1666666716337204,0.25,0.3333333432674408,0.3333333432674408,0.4166666567325592,0.4166666567325592,0.4166666567325592,0.3333333432674408,0.25,0.25,0.25
elu,0.3475866995443,6,0.0041187920922,168,2,average,1,Beef,0.1666666716337204,0.3333333432674408,0.3333333432674408,0.3333333432674408,0.3333333432674408,0.4166666567325592,0.25,0.3333333432674408,0.5,0.5,0.5,0.5,0.5,0.3333333432674408,0.1666666716337204,0.6666666865348816,0.6666666865348816,0.4166666567325592,0.5,0.5
relu,0.2444002349967,6,0.0001159821621,138,5,average,1,Beef,0.3333333432674408,0.1666666716337204,0.1666666716337204,0.1666666716337204,0.1666666716337204,0.1666666716337204,0.1666666716337204,0.1666666716337204,0.1666666716337204,0.1666666716337204,0.1666666716337204,0.1666666716337204,0.1666666716337204,0.1666666716337204,0.1666666716337204,0.1666666716337204,0.1666666716337204,0.1666666716337204,0.25,0.25
sigmoid,0.0591896037614,6,0.0071494148712,214,1,average,2,Beef,0.0833333358168602,0.0833333358168602,0.25,0.25,0.3333333432674408,0.3333333432674408,0.25,0.25,0.25,0.1666666716337204,0.1666666716337204,0.25,0.25,0.1666666716337204,0.25,0.25,0.25,0.25,0.1666666716337204,0.1666666716337204
sigmoid,0.4236197382293,3,0.0038542687994,117,1,max,1,Beef,0.0833333358168602,0.0833333358168602,0.4166666567325592,0.3333333432674408,0.3333333432674408,0.3333333432674408,0.3333333432674408,0.3333333432674408,0.3333333432674408,0.3333333432674408,0.3333333432674408,0.3333333432674408,0.3333333432674408,0.3333333432674408,0.4166666567325592,0.3333333432674408,0.3333333432674408,0.3333333432674408,0.3333333432674408,0.4166666567325592
elu,0.0228394826227,5,0.0001061780325,160,3,max,2,Beef,0.25,0.25,0.25,0.1666666716337204,0.1666666716337204,0.0833333358168602,0.3333333432674408,0.3333333432674408,0.3333333432674408,0.25,0.25,0.25,0.3333333432674408,0.4166666567325592,0.25,0.3333333432674408,0.3333333432674408,0.4166666567325592,0.3333333432674408,0.25
elu,0.4722973779954,7,0.0013868105038,104,1,max,1,Beef,0.1666666716337204,0.25,0.25,0.25,0.25,0.25,0.25,0.25,0.25,0.25,0.25,0.25,0.3333333432674408,0.3333333432674408,0.5,0.3333333432674408,0.3333333432674408,0.4166666567325592,0.4166666567325592,0.4166666567325592
relu,0.4841452865973,6,0.0015281611528,135,2,average,1,Beef,0.0833333358168602,0.3333333432674408,0.3333333432674408,0.3333333432674408,0.4166666567325592,0.5,0.4166666567325592,0.3333333432674408,0.3333333432674408,0.4166666567325592,0.3333333432674408,0.3333333432674408,0.25,0.3333333432674408,0.25,0.3333333432674408,0.3333333432674408,0.4166666567325592,0.4166666567325592,0.3333333432674408
gelu,0.2893169653679,5,0.0002211469819,183,5,average,2,Beef,0.0833333358168602,0.0833333358168602,0.0833333358168602,0.0833333358168602,0.0833333358168602,0.0833333358168602,0.0833333358168602,0.0833333358168602,0.0833333358168602,0.0833333358168602,0.0833333358168602,0.0833333358168602,0.0833333358168602,0.0833333358168602,0.1666666716337204,0.1666666716337204,0.1666666716337204,0.25,0.25,0.25
gelu,0.1623443441763,5,0.0016431502638,113,3,max,1,Beef,0.1666666716337204,0.3333333432674408,0.3333333432674408,0.3333333432674408,0.3333333432674408,0.3333333432674408,0.3333333432674408,0.3333333432674408,0.3333333432674408,0.3333333432674408,0.25,0.25,0.3333333432674408,0.4166666567325592,0.4166666567325592,0.3333333432674408,0.3333333432674408,0.4166666567325592,0.5833333134651184,0.5
tanh,0.3858592412077,5,0.0003061217952,74,3,max,1,Beef,0.3333333432674408,0.3333333432674408,0.3333333432674408,0.3333333432674408,0.3333333432674408,0.4166666567325592,0.3333333432674408,0.3333333432674408,0.3333333432674408,0.3333333432674408,0.3333333432674408,0.3333333432674408,0.3333333432674408,0.3333333432674408,0.25,0.25,0.3333333432674408,0.3333333432674408,0.3333333432674408,0.25
relu,0.0355779231258,3,0.0011108973091,212,4,max,2,Beef,0.0833333358168602,0.0833333358168602,0.0833333358168602,0.0833333358168602,0.1666666716337204,0.1666666716337204,0.25,0.25,0.3333333432674408,0.3333333432674408,0.3333333432674408,0.3333333432674408,0.4166666567325592,0.4166666567325592,0.4166666567325592,0.5,0.5833333134651184,0.5,0.3333333432674408,0.3333333432674408
relu,0.0078882678643,5,0.0045123278898,195,3,max,2,Beef,0.1666666716337204,0.4166666567325592,0.1666666716337204,0.0833333358168602,0.25,0.25,0.3333333432674408,0.3333333432674408,0.3333333432674408,0.3333333432674408,0.3333333432674408,0.3333333432674408,0.3333333432674408,0.3333333432674408,0.3333333432674408,0.3333333432674408,0.5,0.5833333134651184,0.5,0.4166666567325592
relu,0.0108427022631,5,0.0001405522414,71,1,average,2,Beef,0.25,0.25,0.25,0.25,0.4166666567325592,0.4166666567325592,0.4166666567325592,0.4166666567325592,0.3333333432674408,0.3333333432674408,0.3333333432674408,0.3333333432674408,0.3333333432674408,0.3333333432674408,0.3333333432674408,0.3333333432674408,0.3333333432674408,0.4166666567325592,0.4166666567325592,0.4166666567325592
sigmoid,0.1982367173841,6,0.0044606677923,74,1,average,1,Beef,0.1666666716337204,0.3333333432674408,0.3333333432674408,0.4166666567325592,0.25,0.25,0.25,0.25,0.3333333432674408,0.3333333432674408,0.3333333432674408,0.3333333432674408,0.5,0.4166666567325592,0.4166666567325592,0.4166666567325592,0.4166666567325592,0.4166666567325592,0.3333333432674408,0.3333333432674408
gelu,0.0202157471885,5,0.0004122656761,117,5,max,2,Beef,0.0833333358168602,0.0833333358168602,0.0833333358168602,0.0833333358168602,0.0833333358168602,0.0833333358168602,0.0833333358168602,0.0833333358168602,0.0833333358168602,0.0833333358168602,0.0833333358168602,0.0833333358168602,0.0833333358168602,0.0833333358168602,0.25,0.25,0.1666666716337204,0.1666666716337204,0.25,0.3333333432674408
elu,0.2909712717417,6,0.004271475559,249,3,max,1,Beef,0.3333333432674408,0.25,0.1666666716337204,0.3333333432674408,0.5,0.3333333432674408,0.5,0.4166666567325592,0.4166666567325592,0.4166666567325592,0.5,0.5833333134651184,0.4166666567325592,0.5,0.5,0.5,0.5,0.3333333432674408,0.3333333432674408,0.4166666567325592
elu,0.2620640065182,6,0.000258039335,88,2,max,1,Beef,0.3333333432674408,0.3333333432674408,0.4166666567325592,0.5,0.3333333432674408,0.3333333432674408,0.3333333432674408,0.4166666567325592,0.5,0.4166666567325592,0.5,0.4166666567325592,0.5,0.3333333432674408,0.5,0.4166666567325592,0.3333333432674408,0.4166666567325592,0.3333333432674408,0.3333333432674408
tanh,0.1548834018516,7,0.0014487286361,83,4,max,1,Beef,0.0833333358168602,0.0833333358168602,0.0833333358168602,0.0833333358168602,0.0833333358168602,0.0833333358168602,0.0833333358168602,0.1666666716337204,0.0833333358168602,0.4166666567325592,0.4166666567325592,0.4166666567325592,0.4166666567325592,0.3333333432674408,0.5,0.5,0.5833333134651184,0.6666666865348816,0.5833333134651184,0.6666666865348816
tanh,0.1194962398135,7,0.000941673812,110,3,average,1,Beef,0.1666666716337204,0.1666666716337204,0.3333333432674408,0.4166666567325592,0.4166666567325592,0.4166666567325592,0.4166666567325592,0.4166666567325592,0.3333333432674408,0.3333333432674408,0.3333333432674408,0.25,0.25,0.5,0.1666666716337204,0.4166666567325592,0.4166666567325592,0.3333333432674408,0.4166666567325592,0.3333333432674408
tanh,0.4291744234153,7,0.002050589829,107,1,max,1,Beef,0.0833333358168602,0.3333333432674408,0.3333333432674408,0.4166666567325592,0.4166666567325592,0.4166666567325592,0.5,0.4166666567325592,0.5,0.5,0.4166666567325592,0.4166666567325592,0.4166666567325592,0.4166666567325592,0.3333333432674408,0.3333333432674408,0.4166666567325592,0.5,0.5,0.5
tanh,0.1699128935091,6,0.0002131079126,65,2,average,1,Beef,0.0833333358168602,0.25,0.4166666567325592,0.4166666567325592,0.5833333134651184,0.3333333432674408,0.3333333432674408,0.4166666567325592,0.3333333432674408,0.3333333432674408,0.3333333432674408,0.4166666567325592,0.5,0.3333333432674408,0.3333333432674408,0.3333333432674408,0.4166666567325592,0.4166666567325592,0.4166666567325592,0.5833333134651184
relu,0.3935368938609,6,0.0011635470489,164,2,max,1,Beef,0.3333333432674408,0.3333333432674408,0.3333333432674408,0.3333333432674408,0.25,0.25,0.25,0.25,0.1666666716337204,0.1666666716337204,0.25,0.3333333432674408,0.3333333432674408,0.1666666716337204,0.1666666716337204,0.3333333432674408,0.5,0.4166666567325592,0.3333333432674408,0.4166666567325592
gelu,0.1821827399285,4,0.0006759569922,205,4,average,2,Beef,0.0833333358168602,0.0833333358168602,0.1666666716337204,0.25,0.3333333432674408,0.4166666567325592,0.3333333432674408,0.3333333432674408,0.25,0.3333333432674408,0.5,0.4166666567325592,0.25,0.25,0.3333333432674408,0.25,0.3333333432674408,0.3333333432674408,0.4166666567325592,0.4166666567325592
relu,0.4920915744963,4,0.0037816397364,180,2,average,2,Beef,0.25,0.25,0.4166666567325592,0.3333333432674408,0.4166666567325592,0.4166666567325592,0.3333333432674408,0.3333333432674408,0.3333333432674408,0.3333333432674408,0.3333333432674408,0.3333333432674408,0.25,0.25,0.5,0.5,0.5,0.4166666567325592,0.4166666567325592,0.4166666567325592
elu,0.1448800013698,7,0.0001227732513,65,4,max,1,Beef,0.25,0.25,0.25,0.25,0.25,0.25,0.3333333432674408,0.3333333432674408,0.4166666567325592,0.4166666567325592,0.5,0.5,0.5,0.5,0.5,0.5,0.5,0.5,0.5,0.5
relu,0.1418779037326,7,0.0019347410864,158,2,max,1,Beef,0.25,0.25,0.25,0.3333333432674408,0.3333333432674408,0.3333333432674408,0.3333333432674408,0.3333333432674408,0.3333333432674408,0.3333333432674408,0.25,0.3333333432674408,0.25,0.25,0.25,0.25,0.25,0.3333333432674408,0.25,0.25
elu,0.1448148202729,5,0.0037892970949,95,3,max,2,Beef,0.1666666716337204,0.1666666716337204,0.1666666716337204,0.1666666716337204,0.3333333432674408,0.25,0.25,0.25,0.25,0.25,0.25,0.4166666567325592,0.4166666567325592,0.5,0.4166666567325592,0.25,0.3333333432674408,0.4166666567325592,0.5,0.4166666567325592
gelu,0.3065148472549,6,0.0004271643125,93,2,max,2,Beef,0.0833333358168602,0.0833333358168602,0.0833333358168602,0.0833333358168602,0.1666666716337204,0.25,0.3333333432674408,0.3333333432674408,0.3333333432674408,0.3333333432674408,0.3333333432674408,0.4166666567325592,0.3333333432674408,0.3333333432674408,0.3333333432674408,0.4166666567325592,0.5,0.5833333134651184,0.5,0.5
relu,0.3506901473167,3,0.0003137483554,222,2,average,1,Beef,0.3333333432674408,0.3333333432674408,0.3333333432674408,0.4166666567325592,0.4166666567325592,0.3333333432674408,0.3333333432674408,0.3333333432674408,0.4166666567325592,0.5,0.5,0.5,0.4166666567325592,0.3333333432674408,0.3333333432674408,0.3333333432674408,0.5,0.5,0.4166666567325592,0.4166666567325592
gelu,0.230129225971,7,0.0001915861458,167,3,average,1,Beef,0.3333333432674408,0.3333333432674408,0.25,0.25,0.25,0.1666666716337204,0.25,0.3333333432674408,0.4166666567325592,0.25,0.3333333432674408,0.4166666567325592,0.5,0.5,0.5833333134651184,0.5833333134651184,0.6666666865348816,0.5833333134651184,0.5,0.5833333134651184
elu,0.4238502341187,3,0.0001345280342,244,5,max,1,Beef,0.1666666716337204,0.1666666716337204,0.1666666716337204,0.1666666716337204,0.1666666716337204,0.1666666716337204,0.25,0.25,0.3333333432674408,0.3333333432674408,0.4166666567325592,0.4166666567325592,0.3333333432674408,0.3333333432674408,0.25,0.25,0.25,0.3333333432674408,0.3333333432674408,0.3333333432674408
gelu,0.3540643199853,5,0.0047917865458,119,1,max,2,Beef,0.1666666716337204,0.1666666716337204,0.1666666716337204,0.1666666716337204,0.1666666716337204,0.25,0.25,0.25,0.3333333432674408,0.3333333432674408,0.3333333432674408,0.4166666567325592,0.4166666567325592,0.3333333432674408,0.4166666567325592,0.3333333432674408,0.3333333432674408,0.3333333432674408,0.3333333432674408,0.3333333432674408
relu,0.3744825168352,4,0.0069516560049,198,3,max,1,Beef,0.1666666716337204,0.4166666567325592,0.3333333432674408,0.3333333432674408,0.3333333432674408,0.25,0.25,0.25,0.25,0.25,0.25,0.25,0.3333333432674408,0.25,0.25,0.25,0.3333333432674408,0.4166666567325592,0.25,0.25
relu,0.1168330696196,7,0.0010488707495,173,5,max,1,Beef,0.1666666716337204,0.1666666716337204,0.1666666716337204,0.0833333358168602,0.0833333358168602,0.0833333358168602,0.0833333358168602,0.0833333358168602,0.0833333358168602,0.0833333358168602,0.1666666716337204,0.1666666716337204,0.1666666716337204,0.1666666716337204,0.1666666716337204,0.1666666716337204,0.1666666716337204,0.1666666716337204,0.1666666716337204,0.25
tanh,0.3287131744694,7,0.0005661274339,72,2,average,2,Beef,0.1666666716337204,0.1666666716337204,0.1666666716337204,0.1666666716337204,0.4166666567325592,0.25,0.3333333432674408,0.25,0.3333333432674408,0.3333333432674408,0.3333333432674408,0.3333333432674408,0.5,0.5,0.5,0.5,0.5,0.5,0.5833333134651184,0.3333333432674408
elu,0.4604736078126,6,0.0001308354078,153,3,average,2,Beef,0.3333333432674408,0.3333333432674408,0.4166666567325592,0.4166666567325592,0.4166666567325592,0.4166666567325592,0.4166666567325592,0.5,0.5,0.5,0.5,0.4166666567325592,0.4166666567325592,0.5,0.5,0.5,0.5,0.5,0.5833333134651184,0.5
gelu,0.4567477452066,4,0.0004815660814,110,1,max,1,Beef,0.4166666567325592,0.3333333432674408,0.3333333432674408,0.5833333134651184,0.5833333134651184,0.5833333134651184,0.5833333134651184,0.5,0.3333333432674408,0.4166666567325592,0.4166666567325592,0.4166666567325592,0.4166666567325592,0.4166666567325592,0.5,0.4166666567325592,0.5,0.5,0.4166666567325592,0.4166666567325592
tanh,0.1667196303954,5,0.0001314916431,76,3,average,1,Beef,0.25,0.25,0.3333333432674408,0.5,0.5,0.4166666567325592,0.4166666567325592,0.4166666567325592,0.4166666567325592,0.4166666567325592,0.5,0.5833333134651184,0.5,0.5,0.5,0.5833333134651184,0.5,0.5,0.5,0.5
gelu,0.2155908775802,3,0.008326361104,71,4,max,1,Beef,0.25,0.25,0.3333333432674408,0.3333333432674408,0.3333333432674408,0.3333333432674408,0.3333333432674408,0.3333333432674408,0.3333333432674408,0.3333333432674408,0.4166666567325592,0.4166666567325592,0.3333333432674408,0.4166666567325592,0.5,0.5833333134651184,0.4166666567325592,0.4166666567325592,0.4166666567325592,0.5
elu,0.0607992550167,4,0.0044896340442,67,3,average,2,Beef,0.3333333432674408,0.3333333432674408,0.25,0.25,0.25,0.25,0.1666666716337204,0.4166666567325592,0.25,0.1666666716337204,0.3333333432674408,0.3333333432674408,0.4166666567325592,0.3333333432674408,0.5,0.3333333432674408,0.3333333432674408,0.4166666567325592,0.4166666567325592,0.25
relu,0.3177585807588,4,0.0001111297309,166,5,max,1,Beef,0.3333333432674408,0.3333333432674408,0.3333333432674408,0.3333333432674408,0.3333333432674408,0.3333333432674408,0.3333333432674408,0.3333333432674408,0.3333333432674408,0.4166666567325592,0.4166666567325592,0.3333333432674408,0.4166666567325592,0.5,0.4166666567325592,0.4166666567325592,0.4166666567325592,0.5,0.5,0.5
sigmoid,0.0436278076031,6,0.0056343352755,88,4,average,1,Beef,0.25,0.25,0.0833333358168602,0.0833333358168602,0.0833333358168602,0.0833333358168602,0.0833333358168602,0.0,0.0833333358168602,0.3333333432674408,0.1666666716337204,0.0833333358168602,0.3333333432674408,0.3333333432674408,0.3333333432674408,0.25,0.3333333432674408,0.25,0.3333333432674408,0.25
elu,0.0747233994694,4,0.0045285089367,64,3,average,2,Beef,0.3333333432674408,0.4166666567325592,0.4166666567325592,0.3333333432674408,0.4166666567325592,0.4166666567325592,0.4166666567325592,0.4166666567325592,0.4166666567325592,0.5833333134651184,0.3333333432674408,0.3333333432674408,0.5833333134651184,0.5833333134651184,0.3333333432674408,0.3333333432674408,0.5833333134651184,0.6666666865348816,0.6666666865348816,0.4166666567325592
elu,0.3948370167327,3,0.0004879441698,152,2,average,1,Beef,0.25,0.25,0.3333333432674408,0.3333333432674408,0.4166666567325592,0.4166666567325592,0.3333333432674408,0.4166666567325592,0.4166666567325592,0.5,0.4166666567325592,0.4166666567325592,0.4166666567325592,0.4166666567325592,0.4166666567325592,0.4166666567325592,0.4166666567325592,0.5,0.5,0.4166666567325592
sigmoid,0.2373686898765,5,0.0020581680959,68,5,average,2,Beef,0.1666666716337204,0.1666666716337204,0.1666666716337204,0.1666666716337204,0.1666666716337204,0.1666666716337204,0.1666666716337204,0.1666666716337204,0.1666666716337204,0.1666666716337204,0.1666666716337204,0.1666666716337204,0.1666666716337204,0.1666666716337204,0.1666666716337204,0.25,0.1666666716337204,0.1666666716337204,0.25,0.3333333432674408
sigmoid,0.2937422396752,3,0.0013487527048,248,3,average,1,Beef,0.3333333432674408,0.3333333432674408,0.3333333432674408,0.3333333432674408,0.4166666567325592,0.4166666567325592,0.4166666567325592,0.6666666865348816,0.75,0.5,0.5833333134651184,0.5,0.6666666865348816,0.5,0.3333333432674408,0.3333333432674408,0.5,0.5,0.5,0.5
tanh,0.1970645228029,6,0.0001301178328,222,4,average,2,Beef,0.25,0.25,0.25,0.4166666567325592,0.1666666716337204,0.1666666716337204,0.1666666716337204,0.1666666716337204,0.25,0.4166666567325592,0.5,0.5,0.3333333432674408,0.4166666567325592,0.3333333432674408,0.3333333432674408,0.4166666567325592,0.4166666567325592,0.3333333432674408,0.3333333432674408
tanh,0.2609010278057,5,0.0001302703845,157,1,max,2,Beef,0.0833333358168602,0.1666666716337204,0.25,0.3333333432674408,0.3333333432674408,0.3333333432674408,0.3333333432674408,0.3333333432674408,0.3333333432674408,0.3333333432674408,0.3333333432674408,0.3333333432674408,0.3333333432674408,0.3333333432674408,0.3333333432674408,0.3333333432674408,0.3333333432674408,0.3333333432674408,0.3333333432674408,0.3333333432674408
relu,0.077814094414,5,0.0015633703063,118,5,max,2,Beef,0.1666666716337204,0.1666666716337204,0.1666666716337204,0.1666666716337204,0.1666666716337204,0.1666666716337204,0.1666666716337204,0.1666666716337204,0.1666666716337204,0.1666666716337204,0.1666666716337204,0.25,0.25,0.3333333432674408,0.3333333432674408,0.5,0.5,0.4166666567325592,0.5,0.5833333134651184
relu,0.3734454253648,3,0.000100630295,110,3,max,1,Beef,0.25,0.25,0.25,0.25,0.3333333432674408,0.3333333432674408,0.3333333432674408,0.3333333432674408,0.3333333432674408,0.3333333432674408,0.3333333432674408,0.5,0.5,0.5,0.4166666567325592,0.4166666567325592,0.4166666567325592,0.4166666567325592,0.4166666567325592,0.4166666567325592
relu,0.0013589790304,4,0.0020828152255,154,1,average,1,Beef,0.25,0.4166666567325592,0.4166666567325592,0.5,0.5833333134651184,0.6666666865348816,0.6666666865348816,0.6666666865348816,0.6666666865348816,0.5,0.5,0.5,0.6666666865348816,0.6666666865348816,0.6666666865348816,0.6666666865348816,0.5,0.5833333134651184,0.5,0.4166666567325592
tanh,0.3879250027814,4,0.0003758341193,93,3,average,1,Beef,0.1666666716337204,0.25,0.25,0.25,0.25,0.25,0.3333333432674408,0.4166666567325592,0.4166666567325592,0.25,0.1666666716337204,0.25,0.25,0.4166666567325592,0.4166666567325592,0.4166666567325592,0.25,0.25,0.4166666567325592,0.5
gelu,0.1089844650306,6,0.000216213952,160,5,max,2,Beef,0.3333333432674408,0.3333333432674408,0.3333333432674408,0.3333333432674408,0.3333333432674408,0.25,0.25,0.25,0.25,0.3333333432674408,0.3333333432674408,0.25,0.25,0.25,0.25,0.3333333432674408,0.3333333432674408,0.3333333432674408,0.3333333432674408,0.4166666567325592
relu,0.2551589295768,5,0.0002961717745,166,2,average,1,Beef,0.1666666716337204,0.1666666716337204,0.1666666716337204,0.1666666716337204,0.25,0.25,0.25,0.25,0.25,0.25,0.25,0.25,0.3333333432674408,0.4166666567325592,0.4166666567325592,0.5,0.5,0.4166666567325592,0.4166666567325592,0.5
relu,0.1253306255895,4,0.0005088160196,202,1,max,2,Beef,0.25,0.3333333432674408,0.25,0.3333333432674408,0.3333333432674408,0.25,0.25,0.25,0.3333333432674408,0.25,0.1666666716337204,0.25,0.3333333432674408,0.3333333432674408,0.3333333432674408,0.25,0.25,0.3333333432674408,0.3333333432674408,0.4166666567325592
gelu,0.4856416558663,6,0.0003980267884,122,4,max,1,Beef,0.0833333358168602,0.0833333358168602,0.3333333432674408,0.5833333134651184,0.1666666716337204,0.1666666716337204,0.1666666716337204,0.1666666716337204,0.1666666716337204,0.1666666716337204,0.1666666716337204,0.1666666716337204,0.1666666716337204,0.25,0.25,0.25,0.25,0.5,0.5,0.5
relu,0.1076816466943,5,0.0001292399631,94,2,max,1,Beef,0.25,0.25,0.25,0.1666666716337204,0.1666666716337204,0.1666666716337204,0.1666666716337204,0.0833333358168602,0.3333333432674408,0.3333333432674408,0.3333333432674408,0.3333333432674408,0.25,0.4166666567325592,0.5,0.5833333134651184,0.5833333134651184,0.5833333134651184,0.5833333134651184,0.5833333134651184
gelu,0.2974119448464,3,0.0007567575094,131,1,max,2,Beef,0.1666666716337204,0.25,0.25,0.4166666567325592,0.4166666567325592,0.4166666567325592,0.4166666567325592,0.5,0.4166666567325592,0.4166666567325592,0.4166666567325592,0.4166666567325592,0.5,0.5,0.5,0.5,0.5,0.5,0.5,0.5
sigmoid,0.4946138158811,5,0.0001613354266,131,5,max,2,Beef,0.0833333358168602,0.0833333358168602,0.0833333358168602,0.0833333358168602,0.0833333358168602,0.0833333358168602,0.0833333358168602,0.0833333358168602,0.0833333358168602,0.0833333358168602,0.0833333358168602,0.0833333358168602,0.0833333358168602,0.0833333358168602,0.0833333358168602,0.0833333358168602,0.0833333358168602,0.0833333358168602,0.0833333358168602,0.0833333358168602
tanh,0.1249348308504,4,0.0002318401088,82,4,max,1,Beef,0.1666666716337204,0.4166666567325592,0.4166666567325592,0.5,0.25,0.3333333432674408,0.3333333432674408,0.3333333432674408,0.4166666567325592,0.4166666567325592,0.5,0.3333333432674408,0.3333333432674408,0.4166666567325592,0.4166666567325592,0.4166666567325592,0.4166666567325592,0.4166666567325592,0.4166666567325592,0.4166666567325592
elu,0.2178733729967,7,0.0003905048801,213,2,average,2,Beef,0.0833333358168602,0.25,0.4166666567325592,0.4166666567325592,0.4166666567325592,0.4166666567325592,0.4166666567325592,0.4166666567325592,0.4166666567325592,0.4166666567325592,0.4166666567325592,0.4166666567325592,0.4166666567325592,0.4166666567325592,0.4166666567325592,0.5,0.5833333134651184,0.5,0.4166666567325592,0.3333333432674408
gelu,0.4491025230086,6,0.0006814718561,103,2,average,1,Beef,0.0833333358168602,0.0833333358168602,0.0833333358168602,0.1666666716337204,0.25,0.25,0.25,0.25,0.25,0.25,0.3333333432674408,0.3333333432674408,0.3333333432674408,0.3333333432674408,0.25,0.3333333432674408,0.3333333432674408,0.3333333432674408,0.3333333432674408,0.3333333432674408
gelu,0.1300988331041,7,0.0017535440379,245,1,average,1,Beef,0.25,0.4166666567325592,0.4166666567325592,0.3333333432674408,0.4166666567325592,0.5,0.4166666567325592,0.5,0.5,0.3333333432674408,0.3333333432674408,0.3333333432674408,0.4166666567325592,0.3333333432674408,0.4166666567325592,0.4166666567325592,0.4166666567325592,0.4166666567325592,0.4166666567325592,0.4166666567325592
sigmoid,0.3032208880673,7,0.0037517386669,137,5,average,2,Beef,0.25,0.25,0.25,0.25,0.25,0.25,0.25,0.25,0.25,0.0833333358168602,0.0833333358168602,0.1666666716337204,0.1666666716337204,0.3333333432674408,0.25,0.4166666567325592,0.3333333432674408,0.25,0.25,0.25
sigmoid,0.152513089594,5,0.0014786844415,71,5,average,1,Beef,0.25,0.25,0.25,0.25,0.1666666716337204,0.1666666716337204,0.1666666716337204,0.1666666716337204,0.1666666716337204,0.1666666716337204,0.1666666716337204,0.1666666716337204,0.1666666716337204,0.1666666716337204,0.1666666716337204,0.1666666716337204,0.25,0.3333333432674408,0.25,0.3333333432674408
tanh,0.4489752748362,4,0.0001782868293,188,4,average,1,Beef,0.0,0.1666666716337204,0.25,0.25,0.25,0.25,0.25,0.25,0.25,0.25,0.1666666716337204,0.1666666716337204,0.1666666716337204,0.25,0.25,0.4166666567325592,0.3333333432674408,0.3333333432674408,0.3333333432674408,0.3333333432674408
relu,0.4640619121371,4,0.000135127403,247,3,max,2,Beef,0.0833333358168602,0.0833333358168602,0.0833333358168602,0.0833333358168602,0.0833333358168602,0.0833333358168602,0.0833333358168602,0.0833333358168602,0.0833333358168602,0.0833333358168602,0.1666666716337204,0.1666666716337204,0.1666666716337204,0.1666666716337204,0.1666666716337204,0.1666666716337204,0.1666666716337204,0.25,0.25,0.25
relu,0.3465866265015,5,0.0050334307465,95,5,max,2,Beef,0.1666666716337204,0.1666666716337204,0.1666666716337204,0.1666666716337204,0.0833333358168602,0.1666666716337204,0.25,0.4166666567325592,0.4166666567325592,0.4166666567325592,0.4166666567325592,0.4166666567325592,0.4166666567325592,0.3333333432674408,0.4166666567325592,0.4166666567325592,0.4166666567325592,0.4166666567325592,0.3333333432674408,0.25
sigmoid,0.2219039938259,6,0.0042045294177,122,3,average,2,Beef,0.0833333358168602,0.1666666716337204,0.1666666716337204,0.25,0.25,0.25,0.3333333432674408,0.3333333432674408,0.3333333432674408,0.3333333432674408,0.3333333432674408,0.4166666567325592,0.5,0.5,0.5,0.4166666567325592,0.4166666567325592,0.5,0.3333333432674408,0.25
relu,0.4464529415394,4,0.0001787805287,245,5,max,1,Beef,0.3333333432674408,0.1666666716337204,0.1666666716337204,0.1666666716337204,0.1666666716337204,0.1666666716337204,0.1666666716337204,0.1666666716337204,0.1666666716337204,0.1666666716337204,0.1666666716337204,0.0833333358168602,0.25,0.1666666716337204,0.1666666716337204,0.25,0.25,0.1666666716337204,0.0833333358168602,0.0833333358168602
sigmoid,0.4417895493703,5,0.0049837090607,224,2,average,1,Beef,0.25,0.3333333432674408,0.4166666567325592,0.3333333432674408,0.3333333432674408,0.25,0.1666666716337204,0.25,0.25,0.25,0.25,0.1666666716337204,0.4166666567325592,0.4166666567325592,0.4166666567325592,0.4166666567325592,0.4166666567325592,0.3333333432674408,0.25,0.4166666567325592
sigmoid,0.1768238935335,3,0.0024845348245,66,1,max,1,Beef,0.1666666716337204,0.25,0.25,0.1666666716337204,0.3333333432674408,0.3333333432674408,0.4166666567325592,0.4166666567325592,0.4166666567325592,0.4166666567325592,0.4166666567325592,0.4166666567325592,0.4166666567325592,0.3333333432674408,0.25,0.3333333432674408,0.3333333432674408,0.3333333432674408,0.4166666567325592,0.4166666567325592
elu,0.2262840625856,4,0.0031078604411,198,3,average,2,Beef,0.0833333358168602,0.1666666716337204,0.0833333358168602,0.3333333432674408,0.3333333432674408,0.4166666567325592,0.4166666567325592,0.4166666567325592,0.3333333432674408,0.5,0.4166666567325592,0.4166666567325592,0.4166666567325592,0.4166666567325592,0.3333333432674408,0.3333333432674408,0.25,0.3333333432674408,0.4166666567325592,0.4166666567325592
relu,0.4897950871797,7,0.0001276983221,71,1,max,1,Beef,0.1666666716337204,0.1666666716337204,0.25,0.3333333432674408,0.4166666567325592,0.4166666567325592,0.3333333432674408,0.3333333432674408,0.4166666567325592,0.4166666567325592,0.4166666567325592,0.4166666567325592,0.5,0.4166666567325592,0.4166666567325592,0.4166666567325592,0.4166666567325592,0.4166666567325592,0.4166666567325592,0.4166666567325592
gelu,0.3485313162309,5,0.0003327357482,100,3,average,1,Beef,0.0833333358168602,0.0833333358168602,0.0833333358168602,0.0833333358168602,0.0833333358168602,0.0833333358168602,0.0833333358168602,0.0833333358168602,0.3333333432674408,0.4166666567325592,0.4166666567325592,0.4166666567325592,0.4166666567325592,0.4166666567325592,0.4166666567325592,0.5833333134651184,0.5833333134651184,0.5833333134651184,0.5833333134651184,0.5833333134651184
gelu,0.3256320469668,6,0.0006025005809,130,1,max,1,Beef,0.25,0.3333333432674408,0.4166666567325592,0.25,0.3333333432674408,0.3333333432674408,0.5,0.3333333432674408,0.3333333432674408,0.5,0.6666666865348816,0.4166666567325592,0.4166666567325592,0.3333333432674408,0.3333333432674408,0.3333333432674408,0.4166666567325592,0.3333333432674408,0.3333333432674408,0.3333333432674408
elu,0.1737069664003,6,0.0001848366379,152,2,average,1,Beef,0.25,0.1666666716337204,0.25,0.1666666716337204,0.3333333432674408,0.25,0.3333333432674408,0.3333333432674408,0.4166666567325592,0.4166666567325592,0.4166666567325592,0.5,0.5,0.3333333432674408,0.25,0.25,0.3333333432674408,0.5,0.4166666567325592,0.4166666567325592
elu,0.4947637117578,4,0.0007151694871,241,4,max,2,Beef,0.0833333358168602,0.25,0.1666666716337204,0.1666666716337204,0.3333333432674408,0.25,0.3333333432674408,0.25,0.3333333432674408,0.4166666567325592,0.4166666567325592,0.25,0.25,0.4166666567325592,0.4166666567325592,0.4166666567325592,0.1666666716337204,0.1666666716337204,0.25,0.5
sigmoid,0.1511342203469,7,0.0002135309895,171,4,average,2,Beef,0.0833333358168602,0.0833333358168602,0.0833333358168602,0.0833333358168602,0.0833333358168602,0.0833333358168602,0.0833333358168602,0.0833333358168602,0.0833333358168602,0.0833333358168602,0.0833333358168602,0.25,0.25,0.25,0.25,0.25,0.25,0.1666666716337204,0.4166666567325592,0.3333333432674408
elu,0.2927021642336,7,0.0006370709649,240,3,average,2,Beef,0.25,0.1666666716337204,0.25,0.1666666716337204,0.1666666716337204,0.1666666716337204,0.3333333432674408,0.3333333432674408,0.5,0.5,0.5833333134651184,0.3333333432674408,0.3333333432674408,0.3333333432674408,0.3333333432674408,0.3333333432674408,0.3333333432674408,0.3333333432674408,0.3333333432674408,0.25
sigmoid,0.4553196867941,5,0.0001598345608,81,1,max,2,Beef,0.1666666716337204,0.1666666716337204,0.1666666716337204,0.1666666716337204,0.1666666716337204,0.1666666716337204,0.1666666716337204,0.1666666716337204,0.1666666716337204,0.1666666716337204,0.1666666716337204,0.1666666716337204,0.25,0.25,0.25,0.3333333432674408,0.3333333432674408,0.3333333432674408,0.3333333432674408,0.3333333432674408
relu,0.2473234240535,6,0.0043122453105,232,3,max,2,Beef,0.1666666716337204,0.25,0.25,0.1666666716337204,0.1666666716337204,0.25,0.25,0.1666666716337204,0.1666666716337204,0.25,0.25,0.1666666716337204,0.1666666716337204,0.25,0.25,0.25,0.1666666716337204,0.1666666716337204,0.25,0.3333333432674408
tanh,0.1518792170759,7,0.0001843380416,238,3,max,2,Beef,0.0833333358168602,0.0833333358168602,0.0833333358168602,0.1666666716337204,0.25,0.25,0.25,0.3333333432674408,0.3333333432674408,0.3333333432674408,0.3333333432674408,0.3333333432674408,0.25,0.3333333432674408,0.5,0.5833333134651184,0.5833333134651184,0.5833333134651184,0.5833333134651184,0.5
sigmoid,0.0104574407273,7,0.0002850434755,159,2,average,1,Beef,0.1666666716337204,0.1666666716337204,0.1666666716337204,0.1666666716337204,0.1666666716337204,0.1666666716337204,0.1666666716337204,0.1666666716337204,0.1666666716337204,0.1666666716337204,0.25,0.25,0.25,0.3333333432674408,0.4166666567325592,0.5833333134651184,0.6666666865348816,0.6666666865348816,0.4166666567325592,0.3333333432674408
