activation,dropout_rate,kernel_size,learning_rate,num_filters,num_layers,pooling,pooling_size,dataset,group_id,repeat_idx,val_acc_1,val_acc_std_1,val_acc_2,val_acc_std_2,val_acc_3,val_acc_std_3,val_acc_4,val_acc_std_4,val_acc_5,val_acc_std_5,val_acc_6,val_acc_std_6,val_acc_7,val_acc_std_7,val_acc_8,val_acc_std_8,val_acc_9,val_acc_std_9,val_acc_10,val_acc_std_10,val_acc_11,val_acc_std_11,val_acc_12,val_acc_std_12,val_acc_13,val_acc_std_13,val_acc_14,val_acc_std_14,val_acc_15,val_acc_std_15,val_acc_16,val_acc_std_16,val_acc_17,val_acc_std_17,val_acc_18,val_acc_std_18,val_acc_19,val_acc_std_19,val_acc_20,val_acc_std_20
elu,0.2992323465523,4,0.0001555839421,45,5,max,1,CinCECGTorso,07102f5bd4d6e7954ace2a28fc3122e9,0,0.25875,0.024044230077089175,0.4664918076992035,0.038189791381074395,0.66504918217659,0.038326907057288265,0.827377052307129,0.021399255749212153,0.9159672141075135,0.008391620168830508,0.9462295103073121,0.011457245888691332,0.9594098377227784,0.00976794329616418,0.9674754071235656,0.007107652610320087,0.9725573801994324,0.004859760026765728,0.9759672069549561,0.0034418383803626706,0.9770819640159607,0.0039538409236570425,0.977999997138977,0.003737209169639725,0.979180326461792,0.0036638504206153518,0.979770486354828,0.004356769233584765,0.9799672102928161,0.004540713045578398,0.979770486354828,0.003993069554954433,0.9799344277381896,0.0041075265940480575,0.979836061000824,0.0039258784685697705,0.9797377014160157,0.00403990517419222,0.9799016380310059,0.00419972871069621
sigmoid,0.407550027884,6,0.0005432940046,88,4,max,2,CinCECGTorso,8b38e803db304323f3db3858b9d7bd2a,1,0.253125,0.02931509849889643,0.252295081615448,0.0051319585060517646,0.2656065571308136,0.02039234787953793,0.26740983605384827,0.007836681897636016,0.3709508192539216,0.016707807721185117,0.3310491812229156,0.02255084699096542,0.3304262316226959,0.028649760556286583,0.3374754083156586,0.03669579717844689,0.3661639356613159,0.030459531027145006,0.38836065173149115,0.024456740309300465,0.4139344274997711,0.0289273390857187,0.44036065459251406,0.022528729717964803,0.4658688545227051,0.019252146252853555,0.48314754247665403,0.022843539773773222,0.4878360676765442,0.019475933825581136,0.5033770477771758,0.017601249383643932,0.5186885225772857,0.013437118362018533,0.5300327837467194,0.009353888626932344,0.526196724176407,0.011413418840727226,0.5303278648853301,0.010974425877560732
gelu,0.184699962806,4,0.000314981651,95,3,average,1,CinCECGTorso,366831733cf14bcf1330a1136a729549,2,0.25187499999999996,0.03675031887616759,0.7974426198005677,0.026667852145728872,0.8063934457302093,0.043691977891272944,0.848295078277588,0.054442227499566266,0.8865901684761047,0.04272299097982917,0.9124590182304383,0.03530114193738194,0.9318032765388488,0.02663518546673136,0.9462950778007506,0.020591427450313168,0.9567540979385376,0.015379026436505487,0.9653114795684814,0.011078377824906347,0.9710163950920105,0.007481412993773987,0.974721314907074,0.004940388197427163,0.9774426269531251,0.00338475686157047,0.9792458963394164,0.0025386063612674687,0.9807540965080263,0.0021951324372420874,0.9814098358154297,0.0017333750025683757,0.9819999980926515,0.0015655591721937421,0.9824590182304382,0.0015334652699099654,0.9829508209228516,0.0017115191067249781,0.9831147575378418,0.0018655442015936313
tanh,0.0811027551686,9,1.35494661e-05,11,5,average,2,CinCECGTorso,d5b4fd81bc218d14dd3eae0fd69bd747,3,0.25625,0.020131404260508003,0.23196721255779265,0.018717621982972183,0.24744262337684636,0.018371121985689503,0.26216393589973447,0.019488692229205927,0.27127869009971617,0.02235569020352164,0.2779016375541687,0.02128951973833874,0.28127868950366974,0.020454194731580968,0.2868524593114853,0.015550630915603138,0.29075409889221193,0.01230906212052745,0.29639344036579135,0.010398533625922515,0.3023278689384461,0.010461276394967058,0.30704917788505554,0.011329874665586225,0.31118033051490784,0.01281176547727279,0.3156065571308136,0.014920914565338715,0.31973770499229426,0.015064404580874227,0.3261639338731766,0.016574656093380855,0.33095081984996794,0.017177717365189592,0.3370491790771485,0.019681692510375742,0.3420655727386475,0.019867066043747595,0.34859016776084895,0.020875614282819
tanh,0.3479230669662,6,0.0002433855158,111,1,average,1,CinCECGTorso,c60901eaf57c58522605fef72ca472e5,4,0.24500000000000002,0.014422475949017903,0.42091803312301634,0.021135019486902374,0.515081969499588,0.01206616950728023,0.5945573830604552,0.024758816393281875,0.685344262123108,0.015323535642716045,0.7521639370918274,0.023198422402501074,0.7988524532318115,0.018463187021497667,0.8150163960456849,0.014096266228891593,0.8425901627540588,0.026190648222640587,0.860655734539032,0.014337470058825031,0.8641639423370361,0.014014034766441454,0.8657704949378967,0.02078686170737809,0.8719344210624694,0.017699762767777894,0.8768852496147156,0.017217798396328317,0.883016390800476,0.016842455249846944,0.8840000009536743,0.016310694775615673,0.8846557426452637,0.013742950074021388,0.8866557407379151,0.015454946996873812,0.8911803269386291,0.01825843065562783,0.8898032760620117,0.015207692628072141
elu,0.3302288638055,8,2.16507712e-05,45,3,max,1,CinCECGTorso,cf34fdaa6313b61659b8cc3ab2370f5d,5,0.23875000000000002,0.02149218608006176,0.4999672162532807,0.03504008299289954,0.6692131125926972,0.024202238254287942,0.7799344301223755,0.021899086951790356,0.8650163912773131,0.01569521343819901,0.9193770480155946,0.009353173908472808,0.9433114767074585,0.008059838185817196,0.9551475405693054,0.006170561894204442,0.9613114714622497,0.004483539817018593,0.966065571308136,0.002573818910151151,0.9685901641845703,0.0022345673412054587,0.9707540941238403,0.002371679944752014,0.9724918055534364,0.001999059466869405,0.9741639328002931,0.002422129440184202,0.9750491857528687,0.002260868054337247,0.975868854522705,0.0024464141569913718,0.9763606572151184,0.002407657605457589,0.9768196725845337,0.002498594479859734,0.9773442625999451,0.0026595806129009825,0.9775081992149353,0.0026418362834495827
gelu,0.0369594439556,10,1.57409835e-05,20,4,max,1,CinCECGTorso,727061ba1eb1a204007d3387fc422076,6,0.270625,0.00784368774875696,0.3355081987380982,0.03402628959621583,0.4253114736080169,0.06426465654739959,0.562721312046051,0.06592086798984491,0.7206229448318482,0.05526771693175727,0.843868854045868,0.030157603582088372,0.9152459025382995,0.017072808446189875,0.9518360614776611,0.008579891706371415,0.9682950854301453,0.005320415943465662,0.9766885209083558,0.00422652166095617,0.9818360662460327,0.0028237625873889795,0.9847213053703306,0.0014772342533040874,0.9865573763847351,0.0013468640345060746,0.9880327916145326,0.0015681323486415595,0.9886229538917541,0.0014917134675724942,0.9889180326461793,0.0017216947158649424,0.9893442583084108,0.0017656295194082051,0.9897704863548279,0.0019486816610825486,0.9903934407234191,0.002046224091260671,0.9907868814468384,0.001975391999022968
tanh,0.1439934396374,9,0.0002061012653,113,1,average,1,CinCECGTorso,3618dafc43c72d1470e7d6623f4ab761,7,0.2425,0.026201592270318225,0.42331147551536563,0.020684796610201027,0.47931147575378413,0.01265452628229482,0.5576721239089966,0.021466149819944328,0.6014754104614257,0.027535373408276144,0.6708524608612059,0.01779477915085129,0.7201311492919922,0.019604872805829936,0.7431147551536561,0.015190713444419763,0.76931147813797,0.01910781969765952,0.7886557364463807,0.014166059677530332,0.8115081906318664,0.008460033633913542,0.82216392993927,0.009678659606151163,0.8388852405548095,0.003348435694816083,0.8361639356613159,0.010002414618072806,0.8409508156776428,0.00466766594021286,0.8451803207397461,0.012608364108945527,0.8480327868461608,0.010645016305232647,0.8477049160003661,0.008287208130169452,0.8458032822608947,0.01165641770011879,0.8520983576774597,0.007391059540532614
sigmoid,0.3154728035377,10,3.50870128e-05,77,1,max,1,CinCECGTorso,36570c92833b178a50f3b56539b52c29,8,0.23875000000000002,0.01983821281012984,0.29340983629226686,0.02127721006274487,0.3650163912773133,0.02383727076373704,0.4230819654464722,0.014028323209799885,0.4658688497543335,0.012054138211088744,0.4905245912075042,0.01370711750503953,0.5006885230541229,0.010017053428051599,0.5191475439071656,0.009320791790046006,0.5286229574680329,0.007104811707078457,0.5508524584770202,0.012167311213334505,0.5579016351699829,0.00967032496121025,0.5640327882766722,0.008557313722967166,0.5761311435699462,0.008562023255695125,0.5847868752479554,0.00755024951712773,0.588360652923584,0.007329539020550727,0.5965901613235474,0.005407851200604683,0.598950822353363,0.007971161355314463,0.6064590191841125,0.007638886771126594,0.614393446445465,0.010334633980061082,0.6200655722618104,0.008182440190337889
gelu,0.1698442191575,5,0.0001386811786,52,1,max,2,CinCECGTorso,30760bef3a3a384cdee217ec85a3eb06,9,0.236875,0.06443868209391002,0.9492131137847901,0.004117001708693611,0.9679999995231627,0.0040212362555384325,0.9723606610298156,0.0036428844990359626,0.9740327858924867,0.0037321673951251026,0.9757377052307129,0.003033899105217668,0.9766557359695435,0.002533306874734368,0.9768524646759034,0.0020974624629556873,0.9769836020469664,0.002170506333814671,0.9774426198005676,0.0025200089164106655,0.9779999995231629,0.0025061032217899726,0.9781967210769654,0.0020442557108673503,0.9785573720932007,0.002385232407399002,0.9789508199691774,0.002052779042261455,0.9791475391387939,0.002316643631840828,0.979180326461792,0.002653507264148782,0.9790819668769837,0.002924746871320071,0.9790819644927978,0.0029155472421877574,0.9797377038002013,0.0027274256795118564,0.9797704911231996,0.002503956078292827
relu,0.0220773980159,7,0.0001267295802,67,3,max,2,CinCECGTorso,143c5b89e6ae3bd33e9f230755e2b504,10,0.2825,0.033116154479347376,0.7560983645915986,0.035228052764078165,0.7519999980926514,0.034405806151410034,0.7974754142761231,0.02706820634640935,0.8478688549995421,0.02121479264662346,0.9019672107696535,0.02018358624074019,0.94626229763031,0.016878240894047172,0.9720655798912048,0.009752787746964309,0.9852131175994874,0.004333263691338169,0.990983600616455,0.0023557484728004173,0.9932459020614625,0.0017935623650391034,0.9944918107986451,0.0018568805299409529,0.9952786898612977,0.0015176131686860793,0.9955737733840943,0.0013861904775062798,0.9957377076148987,0.0014524615909591843,0.9958032822608948,0.0014644382949278994,0.9958360695838928,0.0014690191035240368,0.9959016418457031,0.0017232611637912581,0.9959672164916993,0.0016580879374385087,0.9959999990463256,0.0017905633315484417
tanh,0.2273539345273,9,4.24669333e-05,96,4,average,2,CinCECGTorso,49f6c85a8f139b5769583112264adb91,11,0.228125,0.032551041649999474,0.3388852441310883,0.008532784832491418,0.4251803243160248,0.007788695770241474,0.4904262292385101,0.023940204792415785,0.5664262282848359,0.03189427822267633,0.6471803259849548,0.042297209228992876,0.7305245900154114,0.04346433314975322,0.809311475753784,0.04282963491830191,0.8593442606925965,0.03142669554025113,0.8970491790771484,0.024857297570442995,0.9232131123542786,0.014534149862499146,0.9395081973075868,0.009014149486806733,0.9482295083999634,0.007596374226075133,0.9559344291687012,0.0030125562677757846,0.9599672126770018,0.004968860401870842,0.9622950816154481,0.004720053633401927,0.9675737690925598,0.0020716776581993996,0.9673114705085754,0.004086213856044968,0.9703606534004212,0.0047348405531646535,0.9727868819236756,0.003448474196065284
elu,0.4995202576621,4,2.56392017e-05,113,2,max,2,CinCECGTorso,9b75a3d057181d1f7e8fda7c445062e8,12,0.2525,0.044381601621617944,0.4963278663158417,0.019092066136168456,0.6596065545082093,0.011765995855223397,0.7378032779693604,0.013635955440878282,0.7966557383537293,0.020231333979590295,0.8394426226615905,0.02256842139101548,0.8712458992004395,0.019023325207536843,0.8930819654464722,0.015384702141030942,0.9070491838455201,0.014532032558749967,0.9171475410461426,0.011902808273773281,0.9223934435844422,0.011371664479238791,0.9271475386619568,0.011385828912939445,0.9305245923995973,0.01053168937160934,0.9321311497688294,0.011157184653435293,0.9325901627540588,0.01164823494045632,0.9339672088623047,0.012286547135801226,0.9352786922454834,0.011264692167423884,0.9344918060302735,0.012135906976482305,0.9345245862007141,0.012532461310947316,0.9356065559387208,0.012709627333667822
gelu,0.1867035658686,3,8.37923097e-05,46,3,max,1,CinCECGTorso,e89c56a813f3c63c170cbd80c3e0f61b,13,0.25562500000000005,0.035036253545434895,0.8288524556159974,0.0771216914109484,0.8912786889076232,0.032463033793019326,0.9381639313697816,0.006617960957541556,0.9538360691070557,0.010008458978039769,0.9606557369232178,0.009596115519354824,0.9663278675079345,0.008605851259941805,0.9731803226470946,0.006247384532774428,0.9793442583084107,0.00444289289701387,0.9824590110778807,0.0034795044995844892,0.9841967177391051,0.002583196152138097,0.9854098343849182,0.0029712411846381666,0.9861639356613159,0.00287609921597288,0.9870819687843323,0.0028826384511269304,0.9874098372459411,0.0027416818283693013,0.9882295083999633,0.002440918122305682,0.9884262323379517,0.0023201184358391377,0.9884918069839477,0.0025644096649216656,0.9886229562759399,0.00246065556216834,0.9886885261535644,0.002491591615799694
gelu,0.3719129270375,5,0.0004549480408,87,3,max,1,CinCECGTorso,eeeefa3949b0f1555c42b9920affbb7c,14,0.23374999999999999,0.021355436954087356,0.6263934433460235,0.09743905921024838,0.6835409820079803,0.1506279765726208,0.7396393430233001,0.12495649739939484,0.7725245904922485,0.11760598609068561,0.8434426212310792,0.08116566503312202,0.893114755153656,0.046167271085243045,0.9198360633850097,0.0319985149245497,0.9325245928764343,0.028869357682761478,0.9428852486610413,0.024154226135593374,0.9456721305847168,0.02394862545990895,0.9525245952606202,0.02020474043316485,0.9580983662605286,0.015593425581522128,0.9654426240921021,0.01062694927601549,0.9655081987380981,0.014009730886266196,0.9688196754455566,0.008760452629830015,0.9686229562759399,0.009664206031475714,0.9688852477073671,0.009889466898374642,0.9696065616607668,0.00935834111589531,0.9700655746459962,0.008786638599227748
tanh,0.0046595313917,5,0.0001052183697,88,4,max,2,CinCECGTorso,ef7fd222cc86fcff6a1b2155ac7faf14,15,0.22875,0.016741369044973586,0.3700983607769013,0.039233382157116456,0.44039344429969784,0.02705925934043416,0.5535409843921661,0.03748036546460478,0.6792131161689758,0.03966492012219751,0.7974426221847534,0.04761731939367902,0.8914098358154297,0.040220864755769296,0.9479344224929811,0.02419591248912491,0.9718360590934753,0.013305676102085953,0.9845901608467102,0.006667116519456502,0.9901639366149902,0.0030493578959633976,0.9917704916000366,0.002429876534967411,0.9929836010932922,0.000958701448693426,0.9931803274154664,0.0008486706386062311,0.993540985584259,0.0009171572293196237,0.9938360595703125,0.0009388721017464042,0.9941311502456666,0.00040819672512656935,0.9943278694152833,0.00045784065841277384,0.9947213125228883,0.00039138581425276147,0.9948852491378783,0.0006896952642881908
sigmoid,0.0869778333402,7,4.61452655e-05,34,3,average,1,CinCECGTorso,0600318310b182b4e7bc5dc23b702382,16,0.26437499999999997,0.009529969176235576,0.24996721327304838,7.331335022350258e-05,0.2563934433460236,0.0050819674807214875,0.2766885232925415,0.025679530334708198,0.3448524606227875,0.0316156815256972,0.44173770308494564,0.032943395407440894,0.5127540981769562,0.029467510557699122,0.5702622938156129,0.042009869699465546,0.6318360638618469,0.042948211952394816,0.6842295074462891,0.03882849159959349,0.7480327868461609,0.03652833466017098,0.7885573816299438,0.033654385347040704,0.8200655722618102,0.02999654756501328,0.8398032808303834,0.030216544674964884,0.8537049174308777,0.026153216203096213,0.8651147532463075,0.022769604021026412,0.8755737733840941,0.019878695948093404,0.8854426264762878,0.016593610532647306,0.8915409898757934,0.013533576975080947,0.8957049179077149,0.012870884666380696
gelu,0.2941836664469,7,7.5979105e-05,87,4,max,2,CinCECGTorso,d3f23d46b85de5fef798f3517f7e2b22,17,0.25625,0.03878023014372143,0.3381311476230621,0.04198699500423015,0.36337705135345455,0.04928276358737449,0.4294754159450531,0.061275789649505724,0.5359016358852386,0.09362880633671425,0.6500655722618104,0.0952855806117764,0.7525573778152466,0.07979840387704419,0.826983609199524,0.07347679399486133,0.8712131142616272,0.06167101264627544,0.8978688478469848,0.049019413136990826,0.9146557378768921,0.040013703542643664,0.9260655760765074,0.03438385406337967,0.9320000004768371,0.03118923181443352,0.9379999995231628,0.028043185732188607,0.9410163927078246,0.027289637366656842,0.9444590187072756,0.025976334744891187,0.9462295079231262,0.026343252844787828,0.9469508218765258,0.026685237846131738,0.9490819621086122,0.025295509798185723,0.9500327873229981,0.025268878514268258
tanh,0.2881476345836,8,0.000987375268,65,1,max,1,CinCECGTorso,471eca08b3f18c15994372c55b6912dc,18,0.26,0.019565594803123153,0.38980327606201176,0.02081818669558683,0.4752131152153016,0.02592300573706604,0.5520327854156494,0.022203463366837775,0.6167868840694428,0.017703629000188962,0.675377049446106,0.03013215563356124,0.7433770489692688,0.02926231893200481,0.7733770489692688,0.016742833881503168,0.8116393423080444,0.013724062286391751,0.8160983586311341,0.01744242641892911,0.8281639337539672,0.02029194718133526,0.8340983605384826,0.018341984516288087,0.8402295088768005,0.011301729427779777,0.8458360600471495,0.01595672054436405,0.8443278670310974,0.008215219958938527,0.8536721396446227,0.005117016804918388,0.8526229524612428,0.007103295001419848,0.8517704916000366,0.012946875732376127,0.8570819616317749,0.008754316588616399,0.8533770465850831,0.008274715203076044
tanh,0.0968423076517,5,2.38317101e-05,27,3,max,2,CinCECGTorso,7aeb9744e77eda5c53160750427b08fb,19,0.260625,0.04005611298541085,0.2597049176692963,0.021893502891623545,0.2781967204809189,0.02514751017456976,0.30609836280345915,0.02206407178249598,0.3374426245689392,0.023786480643923396,0.3717049205303192,0.0314110054717597,0.4069508194923401,0.03772355706094287,0.4417049157619476,0.04066277559282135,0.4776721334457397,0.04007289922692781,0.5074426198005677,0.04131027210633296,0.5343278670310975,0.03992966235631536,0.5578032839298249,0.04103678628694003,0.5791147589683533,0.041403520069142004,0.5991475355625153,0.04149490349857559,0.6172786879539489,0.0436719269987326,0.6334426212310791,0.043407349505452095,0.6473114693164825,0.042495171321778186,0.66137704372406,0.04491363043079794,0.6728852474689484,0.04406537621354181,0.686131145954132,0.044830683720026195
relu,0.0825532364946,9,7.95718188e-05,46,3,average,1,CinCECGTorso,befbfbae199082a8371a502197797f4f,20,0.24875000000000003,0.03987284476934147,0.8769508218765258,0.057577589658643964,0.8573114728927612,0.05306230823340059,0.8870819687843323,0.03620435650648041,0.9192786860466002,0.03094641909789468,0.9441639351844788,0.027708943522610673,0.9648524570465089,0.017667158919955833,0.9785245847702025,0.00958490439524213,0.9863934397697449,0.0042952665103327655,0.9898360633850098,0.0020833243892155453,0.9918032717704772,0.0019842074192385865,0.9925245857238769,0.0017411025592163022,0.9928852438926696,0.0019068613658376468,0.9934754061698913,0.0017091652456643683,0.9935409784317015,0.0017943097881594232,0.9934098362922669,0.0018488919731038378,0.9935409808158875,0.001831362846674675,0.9935081934928893,0.0018055060324687882,0.993704912662506,0.0017410919523771138,0.9938360571861267,0.0015706859438442279
elu,0.1364305055872,4,9.75649208e-05,99,4,max,2,CinCECGTorso,751384271389fe6910647e1c7fa8e098,21,0.23937499999999998,0.031140432920882782,0.5082622957229614,0.04798038804738218,0.5075081968307494,0.07087281620118738,0.6144590163230896,0.08754769193652887,0.752459020614624,0.0691595354864408,0.8415409898757934,0.045739703618590685,0.8922295093536377,0.03157570872510034,0.9213114738464355,0.023210762922889455,0.9400655794143677,0.01742901055660368,0.9526885223388672,0.01316107824711449,0.9612459015846253,0.010581450492769184,0.9659016394615174,0.008329261175988032,0.9690819716453551,0.00744196951591892,0.9713442611694336,0.007446300376164624,0.972524585723877,0.007160385056896633,0.9736721301078797,0.007736768047148118,0.9739672064781189,0.008133680760273085,0.9745573735237121,0.007563574635568171,0.974819664955139,0.00781280848730277,0.9747540974617005,0.007826900783907614
relu,0.3830998246079,4,0.0006512998604,31,4,average,2,CinCECGTorso,2d398e51d5502c4d22635703642cef98,22,0.25562500000000005,0.02781074432660873,0.6096065545082092,0.05649028986277732,0.7368196749687195,0.05512861401538942,0.8958360648155212,0.02729288774278826,0.9571803283691407,0.007246014379338853,0.9732131171226502,0.003035214586902392,0.9781311535835266,0.003362857196698208,0.9808196735382081,0.0038672539207842164,0.9829180359840393,0.0033303338561646058,0.9845901632308959,0.0030183528869549532,0.9853442573547364,0.0027249638681740612,0.985442624092102,0.0028022734967002327,0.9860327887535096,0.00316057995100587,0.9867540931701659,0.0035033650607039528,0.987475414276123,0.0039011538614021676,0.9880983638763429,0.00332062511648565,0.9887213134765626,0.002898901072896364,0.9887213158607482,0.002373935987054138,0.9884262299537658,0.002444211221562549,0.9882622933387756,0.002843211952703501
gelu,0.082346049256,7,1.16766255e-05,103,1,max,1,CinCECGTorso,1c2bd97fba86960f4ebfc5ad6d0bb717,23,0.23125,0.04238956239453293,0.87626229763031,0.01459357391778352,0.9556721282005309,0.0053001867570793585,0.9661967206001283,0.003820762493217366,0.9711475419998168,0.0022176652228229235,0.9735081958770753,0.0017905638772639618,0.9739344239234924,0.001452463609148174,0.9745245933532715,0.0016782243587033791,0.9754754042625429,0.001706023525955807,0.9756721329689025,0.0017641027979786181,0.9758688497543334,0.0013881215000751167,0.9762295103073122,0.0014662746680800124,0.9770819687843322,0.0014772344517386831,0.9770163941383363,0.0014635226826995597,0.9770491862297058,0.0012484868452742152,0.9773114776611328,0.0014178158174362977,0.9777704906463622,0.0014690205668691887,0.9779999995231629,0.0013488516479472433,0.9782295083999634,0.0015526222746382245,0.9783934426307679,0.0016653638796365194
relu,0.4228074811156,3,0.0001725146283,106,3,average,2,CinCECGTorso,78f8b3cee10cb8fa3d7ecf290b5d0abc,24,0.23562499999999997,0.014079850407586003,0.9086557388305664,0.020706554634762155,0.9136721348762512,0.021264953273084527,0.9428852438926697,0.013995819891528921,0.9614754104614258,0.010867379958813764,0.9715082001686095,0.006092545917917992,0.9773114752769472,0.0031673704674108536,0.9795737695693969,0.002520004922638563,0.9813770437240601,0.0027372609936033646,0.9825901579856872,0.0023795932205806273,0.9840000009536742,0.0029201589780047574,0.9846557426452636,0.0025465334353969916,0.9850163936614991,0.003154626518111588,0.9857377099990845,0.0027456028934354044,0.9859344267845154,0.0033863484567693237,0.9865245866775514,0.003390307618179936,0.9867540979385376,0.003100483254969678,0.9868196725845337,0.0029362071055788904,0.9873442649841309,0.002787844281387434,0.9873442649841309,0.0029196954950460293
gelu,0.1452287642961,6,1.95140128e-05,118,1,average,1,CinCECGTorso,46fc4c47f5c9ab1622ccbe8e00299f86,25,0.3,0.06566219184203342,0.9357377052307129,0.008937807757037002,0.9638360691070555,0.001633592990494696,0.9694754123687744,0.001985571353842805,0.9727868890762329,0.0013114705681900706,0.9748524594306947,0.0010535271038068143,0.9756065511703491,0.0017973063214654882,0.9763934373855591,0.0013216837190808618,0.9770819687843323,0.0012068946778157614,0.976852457523346,0.0012068941110450469,0.9770819664001464,0.0013488591818402987,0.9771147465705873,0.0009808756381675836,0.9770163893699646,0.000854976436852585,0.9767540979385376,0.0012452545093075442,0.9767868852615356,0.0014690187709420692,0.9770819687843323,0.0019131948175756738,0.9770819687843323,0.0018306439492749846,0.9773114800453186,0.0018017889302495106,0.9775737786293028,0.0016854198093421275,0.9777377080917358,0.0018489052910457718
gelu,0.3117759005228,3,1.07360282e-05,65,1,average,1,CinCECGTorso,4b15787a5234d42ff522dddff0a99f56,26,0.21875,0.02931509849889644,0.6786229491233826,0.03047034137223856,0.8879016399383545,0.011902696150487684,0.9415409827232362,0.006218279463243727,0.9535081934928895,0.00520552718803697,0.9606885290145873,0.003859254889165826,0.9639999961853027,0.002530653877173468,0.9660655736923218,0.0019909775054013285,0.9682295060157775,0.0015612552582248505,0.9694754147529603,0.0008934052481024458,0.9698688530921936,0.0011900784966917342,0.9701967239379883,0.0014908151313380593,0.9708524608612061,0.0013488493298145648,0.9711803340911865,0.0010329128955585945,0.9719016408920288,0.000864356738737722,0.9723934412002564,0.001121484883416163,0.9725245952606201,0.0009739950293506821,0.973311471939087,0.0011322133396600383,0.9737377071380615,0.0012772157745612237,0.9740327906608581,0.0011033585476359841
tanh,0.0507907379731,4,0.0001319169483,45,2,average,1,CinCECGTorso,520c0390fc9bf95c173d3f688398ab95,27,0.244375,0.032128282906187196,0.4434426248073578,0.024586612993652692,0.5954426217079163,0.04023469829786162,0.7591147541999816,0.025813712624297835,0.8876393461227415,0.02295450294931756,0.949180326461792,0.010319410732750124,0.9684262347221374,0.007379407577066476,0.974852454662323,0.004272692521528559,0.9768196702003479,0.002514665574554029,0.9770819664001464,0.0031944087720860792,0.9771147561073305,0.002855002574745037,0.9765573811531068,0.0033133385170386973,0.9762950754165651,0.003103082398184508,0.9763606548309326,0.00293574855265989,0.9761639380455017,0.0029499065997523246,0.9761639308929443,0.0029201458945688854,0.9764262294769287,0.0028285173437107157,0.9765573835372925,0.002779641000941409,0.9762623000144959,0.003043622028354103,0.9760983610153199,0.002944893569054365
gelu,0.2696299622996,8,9.18103821e-05,93,2,average,1,CinCECGTorso,5a009af206cd34db4ee586335b4c8eba,28,0.266875,0.03267082509671282,0.956819670200348,0.00931083489569364,0.9607541036605836,0.006601894779650939,0.9714754128456116,0.004142382699200655,0.9751475405693053,0.0022673958989998335,0.9746557378768921,0.0038105512728740546,0.976360652446747,0.0049971740208045725,0.9795081973075866,0.0043743144013792075,0.981278691291809,0.00341793853640469,0.9821967244148254,0.0028526512057208144,0.9833770489692688,0.0025517981782985514,0.9838360619544984,0.0023998309676684136,0.9846557378768921,0.002644886807876946,0.9849508213996886,0.0031242288625844853,0.9851803278923035,0.0032983041380072763,0.9853442645072938,0.0033548581117908336,0.9855737733840944,0.0032950432198046256,0.9855082011222839,0.003332761224972379,0.9855737733840944,0.00344652246932935,0.9856393456459045,0.0035209640506691678
sigmoid,0.2683186648441,2,2.5381949e-05,65,2,max,2,CinCECGTorso,d619989a458280544bc81284e87d7c68,29,0.25625,0.021079277442550053,0.25586885154247285,0.007339977154270691,0.26281967222690583,0.017242908512667215,0.2931803280115128,0.014542473309340633,0.32859016239643096,0.015402685864067676,0.40688524603843695,0.014658616263626838,0.4771147537231445,0.01900034273256482,0.5162622940540313,0.026841326062441714,0.5402295088768005,0.030085788612709528,0.5685901570320129,0.030526512124688977,0.5997377061843872,0.03190485765922807,0.6307213115692138,0.03151052152629489,0.6599016451835633,0.033565667515102475,0.6923606562614442,0.03259731551519745,0.7200327897071839,0.028640569088576626,0.7437704849243165,0.029225192860509907,0.7621967220306396,0.030311825882821622,0.7755409860610961,0.029233324081621662,0.7876393437385559,0.027550155077281688,0.7976065587997436,0.024355049239603764
gelu,0.1082275578444,6,1.1724132e-05,110,3,max,1,CinCECGTorso,ef4b71e3c43513a88b78c8d4c8368e15,30,0.248125,0.03326327272683793,0.6902622997760772,0.03919449304706953,0.8510491824150085,0.045027477475414045,0.9153114771842956,0.0250505001772871,0.9475081992149355,0.010580690830675915,0.9636721277236937,0.0052016604675318556,0.9715409803390503,0.0026244874473102,0.977606556415558,0.002570170438007122,0.9814754056930542,0.002560743360513593,0.9842622947692871,0.002428779464015089,0.9868524599075318,0.0012876923683292714,0.9881967234611512,0.001555218552306269,0.9891475415229797,0.0014543094591114615,0.9898360633850098,0.0015508813427472735,0.9902622938156128,0.001629473461438703,0.9903934431076049,0.0015404588162127885,0.9905901646614076,0.0016499610313664612,0.9907213091850281,0.0017449615960879142,0.9905901646614075,0.0016499684339804797,0.9906557393074035,0.001602039676048595
tanh,0.3922721194869,3,2.318735e-05,109,2,max,1,CinCECGTorso,6dea6a253cb66974bc709f0fca8791c8,31,0.23562500000000003,0.04310914563639599,0.43678688168525703,0.009787170933599055,0.5373114693164825,0.010023892922503604,0.6543278741836548,0.01574351129413317,0.7574426245689392,0.013745392271026884,0.8257377076148986,0.013268567695250786,0.8747868871688842,0.00905980788496728,0.9093114733695984,0.007961715685105392,0.9227868866920472,0.01064816961746766,0.9409180355072022,0.008468135743092646,0.9480327916145324,0.00500066804447413,0.9517704916000367,0.0033323463914934166,0.9554426193237304,0.004464619969175726,0.96009836435318,0.005356917551876001,0.9633770537376405,0.004419549474530896,0.9660983633995055,0.0031156122558715907,0.9679344296455383,0.0036484189379695888,0.9687541007995606,0.003410463008821398,0.9704918050765989,0.0028700191121247727,0.9715082001686095,0.002780620658921401
elu,0.3901817616446,7,0.0008880251297,125,4,average,1,CinCECGTorso,fbfeafce410ae78e1197cd20c459eec7,32,0.23500000000000001,0.01800607536360992,0.9058360624313355,0.02627189519419759,0.9420983624458314,0.01707336168010766,0.9609836030006409,0.013049523309418538,0.9689508175849916,0.0070754361679506664,0.9688196635246278,0.006365428901328279,0.970852451324463,0.0037173733427479294,0.9697049260139465,0.002994667673329048,0.9740327906608581,0.004680890221623754,0.9745901632308961,0.003743668602677525,0.9760655760765076,0.0030756771469592167,0.9761967253684999,0.004571677824241444,0.9774098372459411,0.004619924587317392,0.975737702846527,0.005185357100897921,0.9764918041229247,0.004237951070988448,0.9797049117088317,0.003209095578344965,0.9778360629081725,0.00253542245665976,0.9778032755851747,0.0044483377826017665,0.9731475377082826,0.004922679615594692,0.9771803331375122,0.004007849176335309
sigmoid,0.2867604870846,4,0.0009613933907,13,5,average,2,CinCECGTorso,6d2f5233c68a38623d350543eb66ec2f,33,0.26937500000000003,0.025617376914898994,0.25,0.0,0.25,0.0,0.25059016406536105,0.004706659646168687,0.2772786891460418,0.021469654209261092,0.3821311509609222,0.059135922543692016,0.49245901823043814,0.05638498856941488,0.5773442625999451,0.04514532201410393,0.6365245842933654,0.05892962893472628,0.6761967194080352,0.06289448281196874,0.7014754140377044,0.0714212423374113,0.7366229498386383,0.07749110944546848,0.7535737645626068,0.08281733588875798,0.8169180297851563,0.06022904708702434,0.8406229567527772,0.06234084302364025,0.8731147503852844,0.04305721200286633,0.8967540955543518,0.03628665472920232,0.9140655755996704,0.01986835770180639,0.931114752292633,0.017923061178769288,0.9403606581687927,0.015558836152412082
sigmoid,0.2551804935356,5,1.00467726e-05,46,4,average,1,CinCECGTorso,32a39336879f7b9b96e20c974c2e18d4,34,0.25,0.023175620272173944,0.25,0.0,0.25065573811531067,0.0014662750012722464,0.24996721327304844,0.0011021476391814072,0.2603606569766998,0.00584145241088056,0.3187540990114212,0.01293555860653818,0.38380327939987186,0.017052883920996433,0.41491803407669076,0.019760390482480822,0.42996721267700194,0.024625766137295228,0.44514754176139826,0.023631478715097187,0.4598360669612885,0.021734760805524007,0.47032786965370177,0.021161516050131883,0.4762950837612152,0.020388788024976554,0.4835081958770752,0.021496866275770746,0.4890491807460785,0.023025757838206658,0.49678688049316405,0.023546313716397274,0.5036721301078797,0.024671608496181448,0.5088196718692779,0.02501206357376071,0.5138032758235932,0.025184457902908398,0.5191803216934204,0.024776068189667613
tanh,0.2131740771181,7,0.0007944442522,16,5,max,2,CinCECGTorso,6a48cc2a9acba89fd0bd8cc69e327bbf,35,0.258125,0.04113858058441005,0.2828852474689484,0.014396670425669975,0.2789508181810379,0.019941664084472583,0.2648524582386017,0.014768025144025433,0.2737377047538757,0.012998666613984317,0.30563934445381163,0.01552693652882767,0.36629507780075077,0.02502286019291301,0.46763934731483464,0.05416372286240131,0.5607213139533996,0.08139121465981328,0.6474426293373108,0.07762287286310149,0.7121639299392699,0.07885113250772424,0.7805901622772217,0.06117693840253821,0.8175737714767456,0.0550825051423318,0.8458688521385194,0.03809128887493498,0.8727540946006774,0.03975864243024506,0.889475417137146,0.03179914003598191,0.9069508218765258,0.024156452745955827,0.9196065616607665,0.019626169985598175,0.9307540941238404,0.017935127425292973,0.9381967186927795,0.017591849179578505
gelu,0.4936630874042,2,0.0003472522358,36,1,average,1,CinCECGTorso,0d42d54b1aa1a7d0bbec4ce3fa5d5618,36,0.24625,0.02203069591501821,0.9412459087371825,0.007673109582977743,0.9560655760765077,0.0036930775965424286,0.9637049198150633,0.0025039664974904896,0.965737705230713,0.0033456256375979424,0.9675737643241883,0.001463532831004274,0.9691147613525392,0.0028549976121081686,0.9704262328147888,0.0015317132177664408,0.9708852458000183,0.0018712961499948943,0.9712459015846253,0.001641801753515378,0.9714754152297973,0.001443187775796575,0.9716721343994141,0.000986336789918568,0.9725901651382447,0.0009931197945036384,0.972655737400055,0.0013388537140526138,0.9730163931846618,0.001115482186400294,0.972393445968628,0.001403541637868686,0.9727540922164917,0.0017973078980750795,0.972524585723877,0.0015096175129292865,0.9727868843078614,0.0017349122059882704,0.9729508137702941,0.001356802151523468
relu,0.424884455009,5,0.0005737385436,68,4,average,2,CinCECGTorso,ec6adc0c87bbf04ac32f34e37fa7e031,37,0.23937499999999998,0.04499348911231491,0.7829836070537567,0.10407443606416882,0.9275737667083739,0.02297581334991639,0.9586885261535644,0.007254909693660777,0.970622959136963,0.004581966954518995,0.9771147489547729,0.002997354239628213,0.9803934407234192,0.0026726905700206363,0.9835737681388854,0.003462862779541308,0.9856721305847168,0.003469065839576029,0.9863934326171876,0.0024535471240009032,0.9869508171081544,0.0010724818537907156,0.9877049183845521,0.0019500575659797722,0.9884590196609497,0.002204288008531852,0.9889180326461793,0.002479687629599325,0.9887868928909302,0.002460651591173889,0.988852460384369,0.0025343679130111697,0.9891147518157959,0.001845994318085329,0.989147539138794,0.0017364698817806247,0.9892131137847899,0.0016933709518852055,0.989606556892395,0.0016335983139858508
gelu,0.2718446581584,3,0.0004174320146,106,4,max,1,CinCECGTorso,8af2d23557279c99daad616be0966206,38,0.24312499999999998,0.05967850063046156,0.382360657453537,0.08986093632731508,0.4672786903381348,0.05982602821293288,0.5566885221004485,0.04995986460383625,0.690327868461609,0.07592049509316329,0.8010819780826568,0.06632384277308183,0.8703606534004212,0.058238192281967506,0.9020327758789062,0.04265267113370385,0.914983606338501,0.03388302842480403,0.9231475400924684,0.023567359420298736,0.9312786960601807,0.018934750001100425,0.9371147489547729,0.016743234365611245,0.9416721367835997,0.015509531418012314,0.9465245914459229,0.015212990731928038,0.9468852472305299,0.014597066366114594,0.9505901646614074,0.016137170711996492,0.9504262280464172,0.017002459222829502,0.9503278708457946,0.01745766587354953,0.9524262309074402,0.016621929668997223,0.9520327854156493,0.015996252996801817
tanh,0.4287631459998,5,0.0002663796946,23,4,max,1,CinCECGTorso,53407a80cc78cf7e4e587023946ba940,39,0.24562500000000004,0.04590666482113463,0.365344260931015,0.020344255093417057,0.4221311450004578,0.012772162335822878,0.5087868821620941,0.019573042902640246,0.6053770422935486,0.04334096066766014,0.6958360624313354,0.05707044534960793,0.7702295088768005,0.05956943070138003,0.8264918065071107,0.06019670363462953,0.8666229486465454,0.0419756324369612,0.8966229581832886,0.031825580467515775,0.9143606567382812,0.026488123423166608,0.9330819582939147,0.018434925330625778,0.9424590158462524,0.013853675583566906,0.9497049236297608,0.012325317604408212,0.9545573806762695,0.006070448296346758,0.9568196773529053,0.008986241163933664,0.9626885271072387,0.00673988168482676,0.9650819611549377,0.00575524474098843,0.9659016418457032,0.0055435559433467,0.9673770475387574,0.004357390378944221
elu,0.4820341068842,10,0.000914299394,123,5,max,1,CinCECGTorso,afb5712a0f40ab3bcd61c01fa012961b,40,0.24125000000000002,0.024447009019509938,0.860065574645996,0.048376853107517215,0.9375409913063049,0.024780141034824576,0.9543606662750245,0.012187836106315979,0.9714426231384277,0.011115794704360603,0.9666229462623598,0.006284914125917629,0.9674426269531249,0.011837155126206908,0.9648524546623231,0.010825629561279443,0.9740000033378602,0.007592127636059923,0.9705573797225953,0.008345056410072191,0.9679344248771669,0.007358450481960326,0.972295081615448,0.00550096990306075,0.9739016389846803,0.0059055104262484325,0.9731147575378418,0.004860319343349059,0.9742622900009155,0.0035691026435251644,0.9762950825691223,0.0035305031216076154,0.9755409812927246,0.0047701755030198365,0.9774754118919373,0.0050322834395883104,0.977606554031372,0.004416504572566132,0.9788524603843689,0.004003823889850447
elu,0.1998774938404,9,7.18893896e-05,87,1,max,2,CinCECGTorso,d3a24cb7b11bafef80737605f6fc0485,41,0.244375,0.04247011817148617,0.7754098320007324,0.035336715044536254,0.8993770456314086,0.015333524458991199,0.9326229524612426,0.008521432605042978,0.9493114781379699,0.0024132348570297044,0.9528196740150451,0.0035091162094058655,0.9590819716453552,0.0017905646412416417,0.9618032789230349,0.0019672205050856035,0.9627540946006775,0.0013538275104534455,0.9645573782920838,0.00258007916548461,0.9658360719680786,0.002133030909787708,0.9673114752769469,0.0022465505672890486,0.9669836115837098,0.002065827683035683,0.9671475410461425,0.0022042969185097024,0.968360652923584,0.0017503450861766033,0.968098359107971,0.0019555591997235315,0.9685901618003845,0.0021611974392924246,0.9695409846305847,0.0022339552362047217,0.969967212677002,0.0017747362258255085,0.9694754147529603,0.0018010429833322781
sigmoid,0.3703909065098,4,0.0006191603317,61,2,max,2,CinCECGTorso,4c7773f3f6cc295707c6b66546712b55,42,0.2525,0.023112327608875743,0.2515081965923309,0.008036466578485389,0.2562950831651688,0.010292419449820516,0.2921311473846435,0.01312345832899423,0.33318032801151276,0.056372304157921604,0.4682950806617737,0.03803042158374085,0.6214098334312439,0.031865457609196665,0.7106557393074036,0.0572806026185631,0.7403606510162353,0.06502748692473811,0.772426233291626,0.06369168299874436,0.7842950773239136,0.06922977539764126,0.8078688526153565,0.05754985877541679,0.8358360624313355,0.06087472712685339,0.8494426226615905,0.05183136504529039,0.8612458992004394,0.03951749055004374,0.8720655727386475,0.03296969075030605,0.8785573792457582,0.03327997555990969,0.8856065559387206,0.03322643834861627,0.891508195400238,0.03754838741374523,0.8922295069694519,0.037977557955633776
elu,0.3499822189619,2,0.0001044280487,112,2,max,1,CinCECGTorso,a64d51ab9cdf54fa4ce5e5e105b8207c,43,0.2525,0.02158287081229001,0.8425245881080627,0.022258165930772757,0.928950822353363,0.008331350439410239,0.9511475396156313,0.005511953713648107,0.9598360681533814,0.0038515862161386393,0.9620655798912049,0.005327990899009374,0.9646885251998902,0.004478447110876179,0.9672459077835083,0.004603896113248175,0.9693442654609681,0.005151562331563621,0.9702950811386108,0.004876052416686486,0.9707868909835815,0.004936303875109959,0.9709180307388305,0.00465065147658706,0.97147540807724,0.004227476307102789,0.9712131094932556,0.004422587441536291,0.9716721320152283,0.004847030559346625,0.9716393494606018,0.0044999960514480455,0.9715737748146058,0.0043335718221864964,0.9718032813072204,0.004501487461635151,0.972196729183197,0.004440779124762123,0.9726229524612429,0.004352763806017419
elu,0.3542253957577,5,5.34983758e-05,92,4,average,2,CinCECGTorso,03c41fe6d3add936ea479c2645cf8ebf,44,0.21812499999999999,0.02646120391252069,0.38140983462333683,0.02616349155299861,0.5973114728927611,0.025097389148572805,0.7476721286773682,0.01800683371277095,0.8537377095222473,0.0282900715943205,0.9126885223388672,0.020934759945853296,0.9427213144302368,0.007741977386940257,0.9577705025672912,0.0038034943843773365,0.9671475434303284,0.003732167918755567,0.9715409827232362,0.003648416099051004,0.9742950773239135,0.003021465651541284,0.9766229486465454,0.0030396454444190303,0.9787541007995605,0.0026600794997118163,0.9801967215538026,0.0022218969574325964,0.9815081906318666,0.002132404093010532,0.9821967196464538,0.002179773860597553,0.9829836010932922,0.0021512298934462486,0.983770489692688,0.0018438015407759418,0.9842295050621033,0.001645066424455538,0.9849180269241333,0.0015681245596648832
elu,0.1473460207805,6,0.0007484465134,64,3,max,1,CinCECGTorso,231bc53387a17a2808a409dee5610064,45,0.22562500000000002,0.02673656204525931,0.918131148815155,0.0189429757765115,0.9478032755851746,0.018377335110367137,0.9582950901985168,0.006047380069550278,0.9681311511993409,0.004509838347431423,0.9710163903236388,0.0037155652077214035,0.9713442635536194,0.006537265409113477,0.9745573830604555,0.004584892274873243,0.9739016389846802,0.003104812535332772,0.9755409836769104,0.005560976243098392,0.9741311502456667,0.010301414791813065,0.9765245914459229,0.005874707430508452,0.9746557331085205,0.006895579104741262,0.9781639337539673,0.004554005890314268,0.9808852434158325,0.004805545432490312,0.9808196735382081,0.004991257247523491,0.9810163927078248,0.0046763035619375275,0.9796721315383913,0.005307025299271014,0.9799672150611878,0.005464702282772204,0.9788852453231811,0.0059666275481618115
tanh,0.1850770887769,9,0.0001587667906,97,3,max,2,CinCECGTorso,83178f4c31be93b3167eaf9f3cd77eb1,46,0.238125,0.025426057008509983,0.34291803002357485,0.017132285072136315,0.2883278679847717,0.013334933995517766,0.2882295083999634,0.008716627815022618,0.36573770403861994,0.01058615165156911,0.5015081894397736,0.02267913334622737,0.6351803302764892,0.033408569996656194,0.734295084476471,0.025957711174510033,0.804655737876892,0.022777332317408434,0.8477704954147338,0.019409655963633584,0.8752459025382995,0.019186284496472288,0.8897049188613891,0.01855011048550041,0.902918038368225,0.016640110078958183,0.9120327854156495,0.015439716781593392,0.9169180369377138,0.01472191530603016,0.9204262256622314,0.01292568397369316,0.9231147527694702,0.012778468183865643,0.9260327911376953,0.012869841898588823,0.929475417137146,0.012670975522311285,0.930393443107605,0.011276735965601015
gelu,0.351749657981,8,7.20273712e-05,39,4,max,1,CinCECGTorso,107fa9fb4eaffb0067ab2d6bb085f109,47,0.2575,0.041669270751958205,0.3998688536882401,0.07222008483791974,0.4558032751083374,0.10409594224873281,0.6060655772686004,0.1063607911689806,0.7359672152996064,0.06411183763138073,0.8259016370773316,0.06446594613817802,0.8810491776466369,0.05976850012246343,0.9177049160003662,0.039305475996517916,0.9338032817840576,0.027395799178474796,0.9374754095077515,0.025340356916388054,0.9448196721076965,0.020407226410732303,0.9530163979530334,0.017953105467447276,0.9580000019073486,0.016606162631755857,0.9626885247230529,0.01345491356679433,0.9640983533859252,0.013626291012606638,0.9632786846160888,0.013317088098727392,0.9637377023696899,0.013683074668675022,0.9642622923851013,0.015713352356226177,0.9654098343849183,0.016453584648697697,0.9674426293373107,0.014831582479507655
tanh,0.4873701854275,4,4.24906175e-05,99,1,average,2,CinCECGTorso,841e6c12b18be6d44680e0a45f9958be,48,0.23687500000000003,0.027546126088798775,0.4458032822608947,0.02801662706268782,0.5400655734539033,0.01977486963273101,0.6362295055389404,0.01242662126970667,0.7063934397697448,0.016436014423051922,0.7662622904777526,0.012675214318845465,0.8186557388305664,0.017393819008172724,0.8446229481697083,0.018598213897281803,0.8714098405838012,0.018056097258218943,0.886393449306488,0.015266159927978713,0.8925245881080628,0.012277909367600356,0.904229507446289,0.010935415296558133,0.9100327873229979,0.011192292373421224,0.9150164008140564,0.010773372437673642,0.9208196687698365,0.007781276364740449,0.9228852462768554,0.006246307651912658,0.9266229462623595,0.006922816103644289,0.9301967144012451,0.008417040254918455,0.9334098386764527,0.006172517250940979,0.9344918036460876,0.0068339231533373875
gelu,0.1905080620311,5,0.0001026720989,71,3,average,2,CinCECGTorso,09d532df1ec702fc0cdf8b5fba066b2d,49,0.21000000000000002,0.03235544776386196,0.7189836072921753,0.06255492841385484,0.8905573773384095,0.028733130535501694,0.9460327863693238,0.012928183954891623,0.9664918041229248,0.0034320728407290215,0.9749180388450622,0.0015893974026704,0.9794426250457764,0.0019278868401896992,0.983377046585083,0.002009787728999042,0.9859016346931458,0.001980826524651509,0.9878032779693603,0.001629476339789395,0.9885573744773865,0.0011672778475579075,0.9893442630767822,0.000543705458526715,0.9899344229698182,0.0004863105719401828,0.9902622938156128,0.0007386253618181007,0.9908196711540223,0.0005184074407392526,0.9907540941238404,0.0004274921042412778,0.9912786817550658,0.00042433733420502406,0.9916065526008607,0.0006177604997321311,0.9920327758789063,0.0007386110743259169,0.9921639275550842,0.0006798829149975968
elu,0.4581757972366,7,0.0001479077335,36,4,max,2,CinCECGTorso,f3447ac8613f7e7984755d90a0737d1c,50,0.25125000000000003,0.04983370784418915,0.33813114881515505,0.03856861583405861,0.33314754128456114,0.048441638837664155,0.33734426379203797,0.04813289119189474,0.36095082521438593,0.04578254273692906,0.3857049202919006,0.04938392603478126,0.4118032777309417,0.052393272032985626,0.4359344244003296,0.05144634749799209,0.455639340877533,0.05157588444044665,0.47199999928474423,0.050055249182949416,0.4832459044456482,0.04912215441746598,0.49081967473030097,0.047585480937374046,0.49649180293083195,0.04436094167603372,0.5000983583927154,0.04268448289752757,0.502000002861023,0.04092182259599313,0.5032786905765533,0.038074630250440514,0.5050819671154023,0.037111694864052185,0.5064917969703675,0.03710763491231141,0.5083278679847718,0.03683465301154346,0.5089836061000824,0.03580782873222346
relu,0.4612758252602,6,1.20080192e-05,11,2,max,2,CinCECGTorso,37430c9a36bed312f51cdc976faf236f,51,0.228125,0.03651037951733725,0.264098362326622,0.03216583968286595,0.2987868851423263,0.03167767135520277,0.32501639366149904,0.03101668023153005,0.3503278684616089,0.030376346093609844,0.37665573596954344,0.029301091766967474,0.4033442640304566,0.028716755056836768,0.42839344441890714,0.02975611391436287,0.4516065573692322,0.030376432805670938,0.4756721305847168,0.0349235346811438,0.5003934466838837,0.0369166693229575,0.5224590170383454,0.03861499872911739,0.5457704985141754,0.041678765679495064,0.5656065583229065,0.04469151515841375,0.5845573711395264,0.04644459730771127,0.603934429883957,0.049174453241485644,0.6224918007850648,0.05114732530692778,0.6389508211612702,0.05199753865934846,0.6551147532463073,0.05119918965755262,0.6700983619689941,0.04956144586534887
gelu,0.2511975029491,4,9.43819184e-05,16,1,max,1,CinCECGTorso,4ab6ec8b205c8ba7fb9f9ae81ce6674d,52,0.29812500000000003,0.03066642606336773,0.8907540965080262,0.00935977573275232,0.950459017753601,0.012084204224457346,0.9636721348762511,0.005732548337266588,0.9684918045997619,0.0040627947675518595,0.9700655674934386,0.004832037228661186,0.9715737676620483,0.004321155598217678,0.9726557326316833,0.003577378991881079,0.9740983557701112,0.002439818887486708,0.9753114748001099,0.0018820289019543435,0.9761639404296876,0.001422548207596416,0.9760327887535094,0.0011142647881499331,0.9759016346931458,0.0013813389089263855,0.9758032822608946,0.0015877102737054346,0.9760000038146973,0.0014644350922090876,0.9764918017387391,0.0010972582952785597,0.9767868876457214,0.001288735032603986,0.9769180369377137,0.001383283768030124,0.9773442625999451,0.0014073559883734858,0.976983609199524,0.0016458927414889854
tanh,0.3534618811,2,3.21792614e-05,43,1,average,2,CinCECGTorso,b9a477803673528e69ed76779042c67b,53,0.26,0.033903009637788785,0.3870491790771484,0.009934616755449066,0.5029508197307586,0.01856914779051866,0.6007868826389313,0.02304997003676145,0.6858688545227051,0.020017928804471435,0.739377052783966,0.017814030890770747,0.7839344239234924,0.015858906896005377,0.8234754037857055,0.012072517754578974,0.8493114781379699,0.013882452197146736,0.8662950801849366,0.012574739800154035,0.8836065483093261,0.00856783015405489,0.8987541055679321,0.008026600289804547,0.9073114776611328,0.007625685719680039,0.9126229572296142,0.0039224521542435406,0.9208196711540222,0.005511951940911303,0.9254426217079164,0.004947182608169833,0.9304918026924135,0.00385507298057119,0.9346885204315185,0.0032262260304465316,0.9375081944465637,0.002861577932037442,0.940426230430603,0.003875238105479611
tanh,0.0030415808875,9,5.6178272e-05,112,5,average,1,CinCECGTorso,de2cafb8cbe52bd451bba2eb61935683,54,0.24625,0.02146945504664709,0.4139344274997711,0.020631326886199144,0.6601967167854309,0.04984730980623959,0.825901644229889,0.019765499027265664,0.9153114771842956,0.012534602028766129,0.945934431552887,0.005237442660967357,0.9550163984298706,0.00907477611308586,0.9557704925537109,0.009169640958077409,0.957967209815979,0.0075664267296411064,0.9596721315383911,0.006649961924406316,0.9576721262931824,0.009502819479181164,0.9599672174453737,0.006544452587843125,0.9592459011077882,0.009602137580654741,0.9602295064926147,0.008023246524145553,0.9608524560928344,0.007286691564012257,0.9609836053848266,0.006871576479660498,0.9612786889076232,0.0066554150319097305,0.9616721367835999,0.006478415915061225,0.9616721320152284,0.006715709963975391,0.9617377114295959,0.006678786913305879
elu,0.4693595866845,9,0.0001285396155,35,1,average,1,CinCECGTorso,45eb8146ba47e0eb72115594920d7c84,55,0.24125000000000002,0.044381601621617944,0.7255081987380981,0.010583991433432593,0.8777704930305481,0.006560050499651743,0.9245245957374573,0.006588656789898848,0.9417704892158507,0.005495346614081107,0.9456065559387208,0.0023282200635056424,0.9491475462913513,0.003275404702175314,0.9516393494606017,0.002096178327019019,0.9535081958770751,0.002328798580797649,0.9546229529380799,0.0021481095248454965,0.9546885228157043,0.0034979999420457247,0.9544918012619018,0.002577996288538086,0.9557049131393432,0.0025114611235902687,0.9565901660919189,0.0030700001931818215,0.9570163917541503,0.0025512753219532097,0.95724591255188,0.0022218974851805104,0.9575409841537474,0.002552856851414113,0.9578688549995421,0.0022803894448029487,0.9583606529235839,0.0036362365515964297,0.9573114776611329,0.0045895706081393265
elu,0.3911690316811,7,1.17529595e-05,94,4,average,1,CinCECGTorso,eff86ca64f98f64196a9cfd8c5f5853f,56,0.255625,0.02727894105349399,0.4285901665687561,0.02268570588677677,0.5334426188468934,0.026149210031924768,0.6220655751228332,0.008736030821262055,0.7195737719535827,0.012655163700120028,0.8026557350158692,0.01624828656675719,0.8689836072921754,0.011854627305948674,0.908786895275116,0.006017307580280918,0.9300000047683715,0.0018254962632145713,0.9413442635536194,0.0019855671216428604,0.9484918069839476,0.0023739413379174133,0.9539016342163086,0.0022786345056034166,0.9570819687843324,0.002248951776658735,0.9594426250457764,0.0029270360182022297,0.9617049169540406,0.003122509264703764,0.9631147575378419,0.0029416976880757353,0.964590163230896,0.0028228171481108387,0.9659016346931457,0.002625515582347095,0.9672458982467651,0.002404874124502778,0.9681639289855957,0.0026034097770301747
gelu,0.1960329344652,8,0.0007390209523,46,5,max,2,CinCECGTorso,ff273ba896e3845879073b92fe93612a,57,0.24125000000000002,0.050601846557215675,0.3409836089611053,0.056014621519723966,0.5376393461227418,0.1303210417061836,0.7350163936614991,0.10679026149961401,0.8600983667373658,0.05712175430519039,0.9038688516616821,0.037529639399411514,0.9332458996772767,0.024769124694520476,0.9559672164916992,0.01927906698241241,0.9716393494606018,0.01271523105452472,0.9780983567237854,0.01003394166390324,0.9830819630622865,0.007150806620923137,0.9865573787689208,0.005167193789997037,0.9899672126770019,0.002861585512526005,0.9911475396156311,0.0020703769631413723,0.9921639370918273,0.001499800535844348,0.9935737752914429,0.0021260960724757477,0.9939016366004945,0.0026188501897156814,0.9939672088623046,0.0021355598552471305,0.9942295002937318,0.00215746605912423,0.9943278670310974,0.002016460255667385
sigmoid,0.0763019935211,4,0.0002507531312,28,5,average,2,CinCECGTorso,ec1ded4f73df18bd8642cdf53a3c169d,58,0.24875000000000003,0.039565511338791014,0.25,0.0,0.2498032784461975,0.0004398827669417554,0.2515737700462341,0.0035190568043325134,0.26659016370773314,0.01830619755854001,0.35990163683891296,0.02610745443306887,0.6027540934085845,0.053593700748696335,0.8113442635536193,0.04886778431541646,0.8809180378913879,0.04480954983744849,0.9342950773239137,0.028479660733916803,0.9333114743232727,0.03457606411391592,0.9496065568923951,0.02091130847664294,0.9515409851074219,0.018750834409350055,0.9604262280464173,0.01635758837853624,0.9614426231384277,0.012650281615778237,0.9675737690925599,0.009884718961612648,0.9699344301223756,0.009424877995087282,0.9717704916000367,0.005141642329180088,0.9747213125228882,0.004828973724883174,0.9780655670166016,0.0035301115807798477
elu,0.2011386638599,10,0.000550617124,113,4,max,1,CinCECGTorso,8d2d5853f66b0530363e1db2913f2e2d,59,0.21937500000000001,0.04792572378170205,0.9341967272758482,0.012110422598137039,0.9483278703689575,0.005185874234983047,0.9658032774925231,0.004542495241316709,0.9741639351844787,0.0063835531766194544,0.970295081138611,0.006716710219168693,0.9733442640304567,0.0035037524232069063,0.9740983581542968,0.004850628203574986,0.9778360676765443,0.003567976393433894,0.9780983591079713,0.0034320712748453744,0.9777704954147339,0.0029703344960070577,0.9783278751373292,0.0047982722878780176,0.9777377009391784,0.0040011444326883095,0.976852457523346,0.0036554042016894634,0.978688521385193,0.004166644322718272,0.9798032736778259,0.004437441594623664,0.9811475372314453,0.0039275859023400654,0.980098352432251,0.00509332418238376,0.9783278656005858,0.0037729941825060246,0.9788852453231811,0.0033724307123428198
tanh,0.3827425522204,9,2.14145225e-05,31,5,max,2,CinCECGTorso,6a3357473b9f15ece665851470c0a5da,60,0.24312499999999998,0.02664509218411525,0.2531475436687469,0.012355262513455971,0.2545901644229889,0.01862478276788463,0.25544262409210206,0.025789703604329473,0.25868852734565734,0.023060339353914765,0.2659016418457031,0.021272665748606114,0.271967214345932,0.019643761984022713,0.2803934389352798,0.021260215766609962,0.2860000014305114,0.022445430488405544,0.2916393482685089,0.024689419543295208,0.29767212927341463,0.024683269294927687,0.30455737709999087,0.02539697969384842,0.31059016168117526,0.02513457727263914,0.3153770530223846,0.02542448077631641,0.3200327843427658,0.025617188383836594,0.32429508030414583,0.02341951150490055,0.3268524599075317,0.022304542044443713,0.32934426188468935,0.021830992467663114,0.3307540965080261,0.02082664218584744,0.33163934350013735,0.019507167365992246
gelu,0.1899016433843,6,0.0002618695754,64,2,max,2,CinCECGTorso,bfcaad41a8b83de872436652ff5d4330,61,0.24874999999999997,0.04316574162458002,0.9521311473846434,0.0019362315586016622,0.9514098262786866,0.005703175305984071,0.9618360662460328,0.007040022168193225,0.9676721382141112,0.007178942575056492,0.9697377061843871,0.006171640307450844,0.972131152153015,0.0053057528660656415,0.9756393456459044,0.002348897895965153,0.9779672122001648,0.0017679104694351903,0.9805245900154114,0.0018343083325655398,0.982819676399231,0.0026545322943969003,0.984196720123291,0.0033226593833381485,0.9851475381851197,0.003459371117115716,0.9862295079231262,0.0032725309798612118,0.9868852448463439,0.00319567166546903,0.987475402355194,0.0032552378023421487,0.987803270816803,0.0031927218010274197,0.9882950782775879,0.003275814516799602,0.9886229491233826,0.0032921837608428754,0.9886885261535646,0.003099618028791702
sigmoid,0.361546699833,3,0.0004352279417,76,4,max,1,CinCECGTorso,a523d3eb571b4b1d32717af84ddac9f0,62,0.256875,0.0196899800025292,0.25,0.0,0.2549180328845978,0.010906877933382188,0.2982295083999634,0.051564142520041795,0.477704918384552,0.10504756040384142,0.754327871799469,0.11518838578053046,0.8682622957229615,0.054707151956801245,0.9261639285087586,0.029497403132720448,0.960360655784607,0.019962476656736818,0.957377049922943,0.01604255576735371,0.962918028831482,0.008603356381882084,0.9546229457855224,0.017379905210657617,0.9600983595848083,0.009678102372502577,0.968131148815155,0.005747766730523249,0.9660327887535095,0.011487932607031811,0.9659999990463257,0.007222043815535301,0.9688524532318116,0.0053536566573915,0.9660983562469483,0.004554019300523064,0.9659016394615174,0.01079418001803915,0.965737705230713,0.006678193547822477
relu,0.0566763724129,5,0.0001061085269,79,2,average,1,CinCECGTorso,27422796b2cc4f8d5e7137e2a4587458,63,0.271875,0.03299798762803573,0.9696065592765809,0.004588108618322475,0.968754093647003,0.005371942654974993,0.9713442611694336,0.003025910151056627,0.9761639332771301,0.002652494841653897,0.9799999976158142,0.0027308703619870734,0.9828524637222291,0.002346042534357759,0.9850491738319397,0.0019583132018512243,0.9862950778007507,0.0020755696271612506,0.9870491743087768,0.002137445434980079,0.9878688478469849,0.002027757435417282,0.9885245895385741,0.0021531047454184517,0.9891475462913512,0.002221906368507948,0.9892459058761597,0.0023660036663501363,0.9894754123687743,0.0022578972609982964,0.9895409870147704,0.002287456780257806,0.9896721339225769,0.0022297490158916357,0.9897049188613891,0.0022097761080465015,0.9897704935073852,0.0022584923639446517,0.9898032784461975,0.002209776550235335
sigmoid,0.1798078700699,10,1.5969598e-05,36,4,max,2,CinCECGTorso,5da9408a8c7ae1e942233f0a2c983878,64,0.24375,0.009375000000000001,0.25,0.0,0.24816393494606018,0.0029311731956056923,0.2592786890268326,0.014325092695929083,0.2600327861309052,0.015070558264475935,0.28091803193092346,0.02347372688273476,0.3010163903236389,0.014741068223771867,0.3162295073270797,0.008466858437975644,0.3347868877649307,0.013360605933882577,0.3565901613235473,0.015937680197389885,0.37603278875350943,0.016286701447642507,0.39422950863838196,0.017755090525321458,0.41232786774635316,0.018531985514302414,0.4259344232082366,0.019161195121858626,0.4399344289302826,0.018354287131467105,0.4507868850231171,0.018738216885340195,0.4600655734539032,0.018500851162223553,0.4642295026779175,0.01949937827231853,0.46763934016227726,0.020279421321067376,0.46944262266159054,0.02148154025853165
gelu,0.3851534708476,3,1.81631694e-05,54,1,max,2,CinCECGTorso,5e8669c719792c92f75f71877b614279,65,0.25812500000000005,0.026936702424387438,0.592754099369049,0.057230423138700644,0.8192786860466004,0.030457987262064157,0.9091803359985352,0.011782769275503854,0.9405245852470397,0.007102727442162459,0.9533114695549012,0.004021242743407374,0.9603934383392334,0.004096069761752124,0.9645573830604555,0.0031328216140828384,0.9672459053993225,0.00294032664336149,0.9689836072921754,0.0023511922974608483,0.9698360681533813,0.002162442422659129,0.9704262399673462,0.0016499651176169546,0.9713114762306214,0.0013958521275818842,0.9721639347076415,0.0016532230656794416,0.972786886692047,0.0016997068563261064,0.9732786893844605,0.0017349124876477548,0.9740655732154846,0.0013929572317975879,0.9743278670310973,0.0014178211930744732,0.9746229481697082,0.0010458444972924234,0.9749508213996888,0.0012344185864512393
sigmoid,0.4771002537148,7,0.0002806530005,69,5,average,2,CinCECGTorso,9c31a3768044c1a7923e76495207b026,66,0.258125,0.026754818491254988,0.25,0.0,0.25,0.0,0.2513114756345749,0.004121247707688023,0.26327869057655334,0.017511083205593515,0.37095082044601435,0.020292935799810258,0.4437704908847809,0.01998487616055759,0.47114753842353824,0.013466091561611826,0.49963934779167174,0.01611084578800409,0.5517049193382263,0.03564991060860815,0.600557380914688,0.04506371799378166,0.6801967191696168,0.05113143891233147,0.7435409832000733,0.04092414983751966,0.779704909324646,0.04719110707377853,0.8105245876312257,0.033600440052718235,0.8232459020614623,0.02334767856451477,0.8671147608757019,0.034066939263909815,0.887114758491516,0.027196468747680655,0.9083934426307678,0.024401569434329362,0.9199344325065614,0.02060415729868039
tanh,0.15050397154,3,3.21641156e-05,96,5,average,1,CinCECGTorso,8ca7e2bafff47e15525fd1472cb56dd2,67,0.255,0.031991209730174316,0.4112131178379059,0.011007798102348847,0.5197377026081085,0.031130406601831955,0.7208852410316468,0.022739253977148727,0.8630163955688476,0.01485194749280356,0.9252459025382995,0.010638704902145376,0.9475737714767456,0.005327738611919909,0.957639343738556,0.003370839473702196,0.9645245885848999,0.0028807718309559484,0.9667868876457215,0.003334766200736532,0.9683934450149536,0.003537717407285544,0.9683934497833251,0.0032897363424227023,0.969344265460968,0.002558112896654125,0.9700983619689941,0.003670449551882047,0.9698360681533813,0.0039258809575056595,0.9699344348907472,0.0043752398822616044,0.970524594783783,0.0037119505334971877,0.971377053260803,0.003551358080718557,0.9717049193382264,0.002997367246857711,0.9722950839996338,0.002902614575961937
relu,0.0863637316614,8,2.59515226e-05,113,4,max,1,CinCECGTorso,83549343c7443d796590a9a9bb5868af,68,0.246875,0.05168073565169133,0.6911147463321686,0.09617652836327356,0.6708196723461151,0.05767988259547333,0.7458360600471495,0.06007236563882775,0.8159016418457032,0.06317497251693395,0.8702622938156128,0.06297392744182843,0.9190491795539856,0.04681187926049254,0.9520000004768372,0.025588328339343592,0.9721639442443848,0.012446825423977731,0.9808852458000183,0.006741876236735525,0.9862622952461242,0.003143520882244292,0.9892459034919737,0.0014872050593673306,0.9908196735382079,0.0009053517402985387,0.9917377018928528,0.0010012078383111339,0.9920000028610231,0.0012289612593364633,0.9924918007850648,0.0012772154685620422,0.9928524565696717,0.0014319632036718293,0.9928852438926696,0.0013548140133522264,0.992918026447296,0.0014908128373236544,0.9930163884162901,0.0016540357968126312
gelu,0.1591090067484,6,1.74101196e-05,107,5,max,1,CinCECGTorso,284fa13918ce4914ed6766b293a75358,69,0.255,0.017059180079945224,0.28498360753059393,0.024521927055373368,0.32983606576919555,0.021123381437213026,0.4519344246387481,0.07081961488893804,0.6031475341320037,0.04666726768363062,0.76990163564682,0.023829100422474193,0.8700983667373657,0.009052534664613381,0.9240655732154848,0.006804174841423973,0.9500655698776246,0.00826333556425323,0.9623606491088867,0.006407716105794611,0.9692459034919739,0.006883873812946269,0.9733770465850832,0.006633369037962842,0.9761639261245728,0.006887778080317247,0.9780655717849733,0.006507390538725118,0.980163927078247,0.005804064679003877,0.9812459015846253,0.004928398790556851,0.9822950768470765,0.004499989754412581,0.9826557421684265,0.0038644784837751035,0.9828196716308593,0.003653568902032404,0.9831147527694704,0.0034620807803374953
gelu,0.4300139743414,5,2.92380596e-05,36,3,max,1,CinCECGTorso,a5e442a1d4ff271344c4c3705d7333e0,70,0.236875,0.036670513529264905,0.5210491800308227,0.03724390078950582,0.6249508190155029,0.07147770256692904,0.75357377409935,0.05505249544909148,0.8596721255779267,0.04398073708310579,0.9148196768760682,0.03023459595464047,0.939081962108612,0.021829021643337117,0.9516065573692322,0.012351456938062595,0.9579672122001648,0.009822809189181462,0.9617704892158508,0.009141757511842255,0.9654098343849183,0.008676142127310752,0.9681311464309692,0.007975370300156031,0.969868848323822,0.008107213151098263,0.9712131118774414,0.0071838088668389226,0.9716721320152283,0.006927466087033018,0.971540985107422,0.006995225058221388,0.9720655703544617,0.006834902291568569,0.9729508209228517,0.005961671513224001,0.9740327858924867,0.004952880157359388,0.9742295098304747,0.004803866095517079
elu,0.1448148202729,4,2.78130806e-05,108,1,average,1,CinCECGTorso,d7044c42dd057f860ca4cb7a3e01da9f,71,0.236875,0.030249612600825156,0.74852459192276,0.022400006393686996,0.8968524599075318,0.016920785971885295,0.933245906829834,0.009741618015757023,0.9445245862007141,0.005223571162822081,0.9489836072921752,0.002325326578724767,0.9546229529380799,0.001755705835862565,0.9555409789085388,0.002138700452842283,0.9558032774925233,0.004328919996153975,0.9557377099990845,0.0031639789919882437,0.9569180345535278,0.002910457707662715,0.9564262342453004,0.00302146325842214,0.9574426245689391,0.0034261911729349314,0.958196725845337,0.0035728679663370815,0.9576393485069274,0.004517283268604819,0.957639343738556,0.003666784780785117,0.9578032851219177,0.003171607954397089,0.9586885237693787,0.00376692979853253,0.9588852453231811,0.0039265619791024955,0.9595082020759582,0.0033934821774567717
relu,0.0213591724389,2,0.0004959077968,101,2,max,2,CinCECGTorso,12ff546861c7206653dca21b98cd835d,72,0.258125,0.05273755777432246,0.9511475419998169,0.008926523341742175,0.9686885261535645,0.006282132538147009,0.9687213134765624,0.005206563065806978,0.9695737671852112,0.007126536036128164,0.9714754128456116,0.008548208990918833,0.9743278694152832,0.008623016914617327,0.9763934493064881,0.0071118120230273685,0.9794426202774048,0.006093857241533658,0.9825245904922484,0.0051640598549071715,0.9842622947692871,0.004464017268425497,0.9855409836769103,0.003940230501942339,0.9863278675079347,0.0038316516589192843,0.9871803236007691,0.0035528786739948987,0.9874426198005676,0.003420300076495319,0.9878360605239868,0.0031263751077295642,0.9879344248771668,0.0030900602664496605,0.9881311440467833,0.0030944102552949025,0.9881639337539673,0.0031690684669575405,0.988098361492157,0.0031885128338395904
sigmoid,0.023758977168,2,0.0001136824939,18,5,average,2,CinCECGTorso,28c49008e0330ec4b75a3af2c1671b4c,73,0.254375,0.02194186210192745,0.25,0.0,0.2489180326461792,0.0024193525525788772,0.25,0.0,0.25537704944610595,0.007621981869281626,0.2665573745965958,0.01198460199408657,0.32108196854591375,0.018459409006339165,0.4175737726688385,0.019015826109588737,0.5137049150466919,0.03136862808269151,0.5984917998313903,0.035163725213755916,0.6740327894687652,0.028679764311554157,0.7438360667228698,0.0224172772862642,0.8018360662460328,0.012222407149506141,0.8519344234466553,0.008774247340257035,0.8815737676620484,0.007184748482716559,0.9045573830604553,0.005589901555772063,0.9235081958770751,0.008047500961842551,0.9343934464454652,0.008159260335611688,0.942032790184021,0.0080383059223735,0.9480327820777893,0.004404925077647922
elu,0.4325448195449,3,0.0006595854243,56,1,max,1,CinCECGTorso,e07d2cf8c51cc4fc11712aa8515b129a,74,0.259375,0.03125000000000001,0.7311803269386291,0.01804373514997681,0.8685573744773866,0.014458523968236239,0.9092786860466002,0.0057734327027939725,0.928163936138153,0.006234252544778348,0.9337377095222473,0.006941999618109696,0.9408196711540222,0.0024398182867684526,0.9421967172622681,0.0030835354542620157,0.9435081958770752,0.002814703992283223,0.9422950887680054,0.0019977094858212568,0.939704921245575,0.007690419785028039,0.9419344210624695,0.005025329770905891,0.9422950792312621,0.0055713613851301495,0.9430491828918457,0.0042125072127288535,0.9427868819236755,0.005593026339127739,0.9421639370918274,0.005887279946551195,0.9413770437240601,0.006532325524793247,0.9397049117088319,0.008962883042153624,0.9406885290145874,0.011074616425653723,0.9424918055534363,0.009622268178355299
elu,0.4610550419541,9,1.33484596e-05,32,5,average,1,CinCECGTorso,d11e0f8949f3a1a420cbb8b0ff68c360,75,0.24500000000000002,0.04574684073791325,0.30504918038845064,0.025419458863567976,0.350819673538208,0.019157545864467725,0.3857704913616181,0.02593103595983043,0.42088524341583256,0.03143324774999914,0.4554426276683808,0.036762160605655764,0.4957704937458038,0.04643852305027918,0.5318688547611237,0.05722022827716625,0.5626229524612427,0.06261833757805521,0.5898360645771027,0.0660182724063035,0.618590167760849,0.06784554441695309,0.6434098303318023,0.06952824228530075,0.6667541003227233,0.06912002687502009,0.6886885285377503,0.06959330262217679,0.7107213068008423,0.06791295120242563,0.7299344229698181,0.06607591085263652,0.7491147541999817,0.06365181620572423,0.7663606548309326,0.0611163789763016,0.7835409903526307,0.05752774560240784,0.7988524556159973,0.05380845812790117
elu,0.4998845584723,2,0.0001483055214,49,4,max,1,CinCECGTorso,5df8019edc06302394f40b1149be9fc6,76,0.258125,0.0386288428509061,0.514393436908722,0.03837386039331383,0.6298688519001007,0.04208238659316833,0.7228852498531342,0.04111807387710732,0.7851475453376769,0.04175545446892394,0.826852457523346,0.036624466575262415,0.8521639347076416,0.026832314544905065,0.8638688492774964,0.027887803990403044,0.8734098362922669,0.023684243534491504,0.8809836030006408,0.022782456406847316,0.887081961631775,0.022492312790053193,0.8921639370918273,0.020754185994174616,0.8940983653068543,0.021890928668184064,0.896655743122101,0.02147652859405993,0.8981639313697816,0.022699265733882628,0.901245903968811,0.02332642933985993,0.9026229500770568,0.02446332814426433,0.907016396522522,0.022057984978065142,0.9061639380455017,0.022121607994626574,0.9052786874771119,0.02221247643996682
tanh,0.373660405166,6,2.31840109e-05,35,5,average,2,CinCECGTorso,32cb892fcd535c27156e594f299b7ab2,77,0.24312500000000004,0.023112327608875757,0.2613770473003388,0.023867692589734497,0.2714754092693329,0.01566281723528171,0.2807540982961655,0.019656617266421473,0.28983606815338137,0.03041833985464822,0.3006557375192642,0.03402320564643353,0.314590163230896,0.03541021429099998,0.32849180281162266,0.034288244847831904,0.34318032741546634,0.03338986498261304,0.35593442678451537,0.03445010613024791,0.36845901727676394,0.0333429498889946,0.3806885206699372,0.03215359792873945,0.39301639437675473,0.03128927960489784,0.4036065590381622,0.030562232408650875,0.413442622423172,0.02964562724500318,0.4222622942924499,0.027244305536474712,0.4319016373157501,0.026792271692262205,0.44072130918502805,0.02684888490872312,0.44895082116127016,0.02766235281877066,0.45714754223823545,0.027878158160236324
sigmoid,0.0779962501525,3,2.16753733e-05,44,3,average,2,CinCECGTorso,7ae18877e5eed9eebf6eaf9defc3600e,78,0.24437499999999995,0.030730049422348804,0.25,0.0,0.25055737733840944,0.0015360937040699374,0.25481967270374295,0.010552209345857096,0.2746885251998901,0.020400977032760267,0.31295081794261936,0.03349040214418048,0.3791803276538849,0.025733528788567512,0.42436065912246707,0.013725827325721017,0.4578688561916352,0.010645015203731534,0.48695082068443296,0.0100218732896615,0.5209508168697358,0.01397169437065183,0.5556721365451813,0.015725998335734234,0.5871475398540497,0.021979012916167995,0.6150163972377778,0.024073979010624504,0.6392458987236023,0.028967399080985418,0.6611803269386292,0.029276501785305706,0.6777377033233642,0.03143341174615609,0.6995081949234008,0.032645194651173125,0.7193770503997803,0.0336052329859089,0.7383934473991395,0.033309244238825274
sigmoid,0.2439607459026,10,6.0276323e-05,86,5,average,2,CinCECGTorso,fa021be9749c7bf012c7225e30dfd06a,79,0.22875,0.02030047721113964,0.25,0.0,0.24937704920768738,0.0013929603182483738,0.2503934419155121,0.0014917124850057381,0.2582295083999634,0.012079753679806172,0.3356393432617188,0.02992366886791287,0.42091803312301634,0.01690139446367261,0.47875409603118896,0.013165169484561418,0.5348852479457855,0.01784115516504115,0.6022623002529144,0.013588960388363427,0.6865901660919189,0.018195756039348625,0.7512131142616272,0.028803423022513586,0.8135081934928893,0.024328550423652735,0.8663606524467469,0.027077830367879384,0.9083934473991395,0.01902677714446282,0.9094754076004028,0.03144196194744961,0.9308196711540221,0.02550247587316964,0.9422622990608215,0.013519573507515181,0.9563934421539306,0.0032930026344872455,0.967081971168518,0.0014817702950912228
sigmoid,0.0146360607016,7,5.05368501e-05,111,3,average,2,CinCECGTorso,1c104bde6eb609d9521fe4d18be8edcb,80,0.25375000000000003,0.016298006013006627,0.2573770499229431,0.007402506826803283,0.252885245680809,0.0071959567362724465,0.26206557393074037,0.011795649249879593,0.33042622923851017,0.020386154976629257,0.4690819704532623,0.0226685157469238,0.5917377042770386,0.03453215982920509,0.7168196749687195,0.030792761994088137,0.8388524580001832,0.018376386661614955,0.9080983662605286,0.01705178233530966,0.939934425354004,0.008675835031065037,0.9579672122001648,0.006268859781797578,0.963377046585083,0.0049704800818070926,0.9692458963394166,0.004282116480526541,0.9707868838310242,0.004603904899913185,0.9733114743232727,0.0036443642492311784,0.9738688564300537,0.0030704386646120776,0.9749180388450623,0.0028488760403371604,0.9757704973220825,0.002489964188271799,0.9744590163230897,0.0024076608115951217
tanh,0.2970721639458,6,6.87729019e-05,101,3,max,2,CinCECGTorso,6758d47c7033d7d7db48713dead7e649,81,0.25749999999999995,0.04137528323165896,0.36619672298431394,0.03198578854259383,0.328131148815155,0.023412108012933797,0.31813114881515503,0.01691172418131544,0.31940983533859246,0.018390854133400962,0.3481639349460602,0.02384707647589031,0.3925245904922486,0.027353875570663745,0.43829508423805236,0.030707989441028392,0.48819671988487245,0.025000135382142335,0.5398032796382903,0.024381460634929047,0.585147534608841,0.021936787127493734,0.6295082020759583,0.020755361826092795,0.6652131152153016,0.023287748567642097,0.696196722984314,0.02699682304486201,0.7189836072921753,0.027778639585156528,0.7435409832000733,0.029816378061603407,0.7621967220306397,0.030737289617453614,0.7784262251853943,0.029304069132216896,0.7928524637222291,0.027115812336948434,0.8061967229843139,0.02637698955970047
tanh,0.3264614835433,7,3.40262495e-05,82,4,average,1,CinCECGTorso,6fb3ec51cc706465a8071ca6360e9ede,82,0.255625,0.02571250303840527,0.3865245914459229,0.02092377291676908,0.43426229596137994,0.028964711169544514,0.4991803228855133,0.03815959054755986,0.5732786870002747,0.04717140272341026,0.6419999969005584,0.04678818865606624,0.704262294769287,0.05264592438944354,0.7693770503997802,0.053010347062226786,0.8196721291542055,0.04807682810179892,0.8610163903236389,0.03740946313610576,0.8908196663856506,0.029038377801851076,0.9122295045852662,0.024506577449369026,0.9261311483383178,0.018680108922149646,0.9372459030151367,0.015392122237614584,0.9455737757682801,0.012157709042109758,0.9505573749542237,0.010862192650432671,0.9559672141075135,0.007011530180841913,0.9592786931991577,0.007585045784781563,0.9626229453086854,0.007762262148407678,0.9634098315238953,0.006205082935001542
gelu,0.0471102600796,3,2.61977589e-05,75,2,max,1,CinCECGTorso,894cc123153b5e4d3a531102689cd390,83,0.23625000000000002,0.02782829607611647,0.9321311450004577,0.009959608478407739,0.9587868833541868,0.004074683526260163,0.9678688526153565,0.0034717741562586006,0.972655737400055,0.0030524350095288695,0.9761967158317566,0.0020781586721315133,0.9792786979675293,0.0019208978663616545,0.9815409803390504,0.0011094371478140219,0.983508195877075,0.0013398576594970287,0.9847868800163269,0.0013784197005553616,0.9856393432617188,0.001441322666119382,0.9862622928619386,0.001468106680970634,0.9867540955543517,0.00164098546411954,0.9870163869857788,0.0019855727317482823,0.9872458982467652,0.0018195954610548206,0.9875081920623779,0.0018525276983047073,0.9875081944465638,0.0017633411858136794,0.9876065587997438,0.0015360912550480474,0.9876721286773682,0.0015655490610912426,0.987704918384552,0.001631126259631434
tanh,0.2464404367157,2,0.0001517193926,77,1,average,2,CinCECGTorso,e749fbffa303b6ac680c79243c9d6b1f,84,0.25875,0.03265587619403282,0.45203278779983525,0.03398420226371717,0.6095737719535828,0.021088559917578634,0.7815737724304199,0.023159066693241432,0.8773442673683167,0.0308171375459766,0.9260655784606934,0.014185297546087107,0.9429180335998535,0.012067511533432853,0.9525573778152466,0.00832247382929887,0.9559999990463257,0.006861395492533977,0.9590163898468018,0.0031341059258591284,0.9616065526008606,0.0027096341931723404,0.9648196744918824,0.002117229642670341,0.9651147580146789,0.0060560432530633364,0.9663278651237487,0.004136876362028427,0.9668852472305298,0.0032457387384399214,0.9654098343849181,0.004467023834221069,0.9667540979385375,0.003370440372513047,0.9673770475387572,0.003142675526853312,0.9679344177246094,0.003457423054686328,0.9673770523071289,0.0033355737417119662
sigmoid,0.0437204218798,7,0.0002558947589,8,3,max,2,CinCECGTorso,8550a63c0b6d8c8c3593857b50b075c9,85,0.2425,0.031684479639091434,0.25,0.0,0.2541967213153839,0.006122461070084751,0.2590819680690765,0.006524096086550039,0.2941639357805252,0.024065048593359027,0.3696065580844879,0.030413836398953634,0.42331147432327265,0.03753353738781925,0.4349180269241333,0.028911543872723024,0.4576065599918365,0.03091100661308103,0.49409835696220405,0.03109940274793636,0.5367213153839111,0.03931198429985869,0.5902950859069824,0.04403392023454942,0.6438360631465911,0.043671613343844624,0.6940983581542969,0.04976955928545994,0.7357377028465271,0.05235491329571091,0.7761967182159424,0.044374689813229055,0.803409836292267,0.03660116451663531,0.8227868890762329,0.02716641525549567,0.8412131142616273,0.019735759311434776,0.8547868824005127,0.01972990345777116
tanh,0.3308672232022,6,1.02478572e-05,53,1,max,1,CinCECGTorso,20252f1c5366cc6b5d5c66946b3c79fa,86,0.24937499999999999,0.05436961180199836,0.34340983986854556,0.010323575087965695,0.41649180412292486,0.012388496945821515,0.4681967186927795,0.011412592421657637,0.5040655732154846,0.01452897085901537,0.5384918034076691,0.011219274078462285,0.5633114755153656,0.008273735257117904,0.5862950849533081,0.009619610702810867,0.6101311469078065,0.014726473234111444,0.6305573725700377,0.010827492544276236,0.6501967287063599,0.012844765306372418,0.66409836769104,0.01338201201896083,0.6852786874771117,0.013048715427068635,0.6947540950775146,0.009424449531851078,0.7048196721076966,0.009508619941866841,0.7171475410461425,0.011275541880164656,0.7319344234466552,0.01322972293642845,0.7441967153549195,0.01491605395094001,0.7530163884162903,0.013710153642868225,0.7639016437530517,0.014147070128057538
sigmoid,0.2619480678331,5,0.0005318919775,98,1,max,1,CinCECGTorso,8faeb705f1cf241db8b1ad6216f22eba,87,0.25749999999999995,0.02886187472254704,0.37091803073883056,0.01603149191728393,0.37836065530776974,0.02207735056425044,0.44865573763847355,0.01539692507047376,0.4710819637775421,0.011553947501977729,0.5136721301078796,0.016734401914256465,0.530983613729477,0.01629807953206618,0.5701311504840851,0.01820535602045453,0.5949836075305939,0.01591075972605225,0.6225901579856872,0.011453375143769715,0.6313114762306213,0.011109507391323305,0.6492458963394164,0.02453835960449393,0.6578688502311707,0.020949963372208228,0.664721314907074,0.022177064191471623,0.6823934388160705,0.02094405671896734,0.6739016318321228,0.018576526331109504,0.6913770484924318,0.014796202934631176,0.6961639356613158,0.01290228059979892,0.7075409841537474,0.014439732098326873,0.7064262318611145,0.00867412569405873
tanh,0.3579728497312,4,2.28869855e-05,70,5,average,1,CinCECGTorso,42d0007b8832c256211ea4a4a929cd94,88,0.263125,0.009217425752345403,0.35124590039253234,0.020917735537967743,0.4116393435001373,0.016768251812484286,0.4440983629226684,0.021967213634235237,0.4770491778850555,0.01565165509409511,0.5034426236152648,0.02007008842237413,0.5337704932689666,0.024612286696795566,0.5649836015701294,0.02448737501642753,0.5940983605384826,0.022999658405822198,0.6264262318611145,0.02851926508015254,0.6588196730613709,0.03131413353746719,0.6881967210769654,0.030970816633620234,0.716229510307312,0.028944532450135105,0.7428196716308595,0.03188838475241986,0.7708196759223938,0.033201677730896446,0.7940655779838564,0.03287924619664732,0.8163934397697448,0.02896865606259493,0.8364590144157409,0.02369819802592431,0.856163935661316,0.02122004191852382,0.8711803269386291,0.017844925780765117
elu,0.079916825172,8,7.89250807e-05,11,3,max,2,CinCECGTorso,9e3c3267f9036380a3965215f5daf08c,89,0.238125,0.022793228161013097,0.3027868837118149,0.012258965011854145,0.37983606338500975,0.02555090565304201,0.4542622983455658,0.046452783506277705,0.5343606615066528,0.0590313763553872,0.6183934450149536,0.06696398564363992,0.6941311478614807,0.0705121423478713,0.7630491781234742,0.06461830344837696,0.8200327897071839,0.050661765286389535,0.8634098386764526,0.0396493321894325,0.8920000028610231,0.03245019550198167,0.9138688492774965,0.02698019112124513,0.9266229510307312,0.02468985487987586,0.9356393480300904,0.023447085570688964,0.9424918031692504,0.022191597648238408,0.9472786879539491,0.021199455119572618,0.9518360710144043,0.018622766920744372,0.9564262294769288,0.01571780005361729,0.9594426226615905,0.014769847013108777,0.962131142616272,0.01289310806232034
relu,0.0828162922335,10,4.84040033e-05,26,1,max,2,CinCECGTorso,3c48c047678a1d4d874fa8d71f7abc2b,90,0.27999999999999997,0.02386076146102633,0.7246885204315185,0.060637188838537893,0.9210819649696349,0.014127689551094932,0.961049177646637,0.005789686969164778,0.9706885266304017,0.0037101398346787045,0.9748524570465088,0.0032573064257750434,0.9778360652923584,0.0028873015664277876,0.9795081925392151,0.0028910138132438117,0.9807213091850281,0.0025412448661049423,0.9817377042770387,0.002305600988211727,0.982688524723053,0.0019760731704899135,0.9832459044456483,0.0014589273622332862,0.9839016413688662,0.0014025733843771645,0.9844262290000916,0.0016556526850218768,0.9846885204315183,0.001794314689278974,0.9849836015701294,0.0013987428482883895,0.98511474609375,0.0015995256294717517,0.9853442573547364,0.0016981298436614908,0.9854754042625427,0.001794313273403994,0.9856393432617188,0.0016621382531888393
tanh,0.1667196303954,4,0.0004882698378,8,2,average,2,CinCECGTorso,ce3b1dbbf7766e9df1e9c510e78d5540,91,0.2375,0.022963966338592306,0.3848196732997894,0.01232924380470318,0.4594098365306854,0.02163984826870624,0.5586885261535645,0.041603507481685384,0.6632786881923676,0.05793000336229411,0.7549508213996887,0.0702925432202508,0.8277049207687378,0.0700136305013655,0.8702622961997986,0.06138656097981194,0.9105573773384095,0.040172896767603855,0.9341639399528503,0.027605947632631852,0.9504590129852295,0.016443123825980652,0.9591147541999817,0.01109291857426866,0.965737705230713,0.00830663531296404,0.9694426202774048,0.005679565653230468,0.972065577507019,0.004054850832248964,0.9738360619544985,0.0036410396415006044,0.9759344267845155,0.003408103482986925,0.9777704977989197,0.002707646828948841,0.9790819644927978,0.002455189338076676,0.9791803312301635,0.002434297606370314
relu,0.2007397917348,10,0.0005754354021,8,3,max,2,CinCECGTorso,4b724d364ed4c3708b93e86ccf8fe2ce,92,0.24125000000000002,0.021807932902959883,0.5440655720233917,0.15345682404830194,0.6637704908847809,0.1486951645028158,0.7615737783908845,0.13534023834585418,0.8629836046695709,0.08160463431278181,0.9186229538917543,0.04976288766496174,0.9451475429534911,0.034309249982532104,0.9577704906463623,0.026561829222308785,0.9648852396011354,0.022062860552578913,0.9703278708457947,0.015916414942848487,0.9744590187072755,0.011324179032970838,0.977278687953949,0.010069359136058673,0.9792786836624146,0.008286881916075935,0.9815081906318663,0.007023785608263767,0.98314754486084,0.006735691473162343,0.9839016437530518,0.006369646968115801,0.984163932800293,0.006098270363143864,0.9845573782920838,0.006087022772692089,0.9849180269241333,0.006076639610097318,0.9848852443695068,0.0064618040295495996
sigmoid,0.4628874008182,8,3.35952632e-05,9,1,average,1,CinCECGTorso,860faa2727c47aece6a1ce79d191fd33,93,0.23625000000000002,0.023655238584719452,0.24695081949234013,0.006739878093022946,0.2643934428691864,0.009572564031499274,0.32495082259178165,0.018687947195482196,0.380065575838089,0.012855845176416424,0.41419672012329106,0.009471808072341202,0.4340655732154846,0.004087525455743778,0.4520327866077424,0.0052530640110129674,0.4608852422237396,0.006653595040605184,0.466163935661316,0.007208084980037386,0.47114754319190977,0.0065111077406381996,0.4764262294769287,0.006133210008147148,0.4817049169540405,0.007051658983136314,0.4842950785160064,0.00820441923026649,0.4854754090309143,0.009193198462754869,0.4888852429389954,0.009514129168230741,0.491409832239151,0.009090310065029408,0.49354098439216615,0.008562027843448089,0.4979016363620758,0.010492059295362587,0.5001311445236206,0.010526585126769676
relu,0.1154542252421,9,0.000123853756,87,3,max,2,CinCECGTorso,59211199cdf46fb5c21e9b6e5586b9ff,94,0.236875,0.06957600385549603,0.7947213125228881,0.06394287382585531,0.8045573759078979,0.060617330568233985,0.8556393456459045,0.049580561919895065,0.8992786860466003,0.04046568498154576,0.9307213044166567,0.03159823733217528,0.9556065559387207,0.019693095055709497,0.9708852410316468,0.01197876513857742,0.9802950859069824,0.008217515607967078,0.9852786874771118,0.005846054309806403,0.9879344272613526,0.0042125128725083155,0.9897377085685729,0.002621926824285057,0.9912459039688111,0.0014917118300085365,0.9922950792312623,0.0011821521706202414,0.9928852438926696,0.0011912076718961276,0.9932131123542784,0.0011855593653696155,0.9936393427848815,0.0012234872570687462,0.9936721301078796,0.001309430542328235,0.9938360619544984,0.0015140728023587155,0.9939016389846802,0.0013977827352207122
relu,0.2721848804134,10,2.09731008e-05,77,4,max,2,CinCECGTorso,99178b7ce8b6ab4f5e02987bd96b03a3,95,0.26875,0.022426093897511445,0.31265573799610136,0.02253171326439493,0.3791475403308868,0.03886532248975015,0.4661311483383179,0.05440037253227898,0.5605573773384094,0.07289107935345002,0.6613770532608032,0.07534000846110489,0.7462950801849365,0.06574082730447378,0.8089508175849914,0.04832001720405642,0.8526229500770569,0.03417904833139446,0.8825901651382446,0.027026175726499447,0.9028196692466736,0.023364663402551878,0.9176065611839295,0.02004683737227853,0.9289508223533629,0.016772498155795033,0.9366885232925416,0.015768579869050003,0.9421967244148254,0.014322749278483253,0.9470163965225218,0.013072374356764673,0.9500983572006225,0.0115655733438665,0.953147542476654,0.010678037120513855,0.9556065607070922,0.010081240416420695,0.9581639313697815,0.009113041210270076
relu,0.1594930032351,9,0.0001089673937,85,5,max,2,CinCECGTorso,238f6402a390172e4184a7cabb5fd84a,96,0.21875,0.020372507516258274,0.36045901775360106,0.04223187675283891,0.4743606543540954,0.06789236588611008,0.6921311473846437,0.06696314981449959,0.8141639351844787,0.0573124450970127,0.878360652923584,0.034114315079520285,0.9163934373855591,0.021943650042079908,0.9431803274154662,0.015172392815761326,0.9599344301223756,0.010841130159422112,0.9701967215538024,0.008072328504289246,0.9763278651237488,0.0060695636086843825,0.9802622938156128,0.0038959769070795775,0.9829508090019227,0.003114756314384708,0.9848524594306947,0.0020625846554246804,0.9859999990463258,0.0021424708098221413,0.9875081992149353,0.0018848963034294821,0.9880000019073487,0.0020091211494104476,0.9886885261535644,0.0021057791225690486,0.988852460384369,0.002589438718030383,0.9892786931991578,0.002567551877583302
elu,0.4437275390364,4,1.09793397e-05,106,1,average,1,CinCECGTorso,35baf1ccd694b74ae974429a80b5a0b2,97,0.22625,0.037668890513260396,0.547081972360611,0.03100883841547991,0.7391147541999817,0.026045871611476708,0.835836067199707,0.01760277195776553,0.883573763370514,0.01937701676763921,0.9180983543395996,0.010426668043408407,0.9287868857383728,0.008305502531242607,0.9351475501060487,0.005579308451772145,0.941147539615631,0.005003353215810301,0.9465901637077332,0.004289627265248075,0.9469180321693422,0.0035415115740277414,0.9475081896781921,0.0030369968366438646,0.9482295083999634,0.003629576320086594,0.9488524580001831,0.003604699303237449,0.9507868814468384,0.0029744042712429807,0.951737711429596,0.003184299806897244,0.9515409874916075,0.0037768931136228116,0.9527540946006774,0.003933401805142509,0.9533442616462707,0.003998119618052117,0.9537704968452452,0.0023841016369719917
relu,0.1213916403052,9,1.52397601e-05,124,5,average,1,CinCECGTorso,2bea38bee4c52cfd27fdc20c3c907552,98,0.255,0.015562374497485919,0.33544262409210207,0.05629714713731163,0.4015737700462341,0.07702184568303204,0.5251147556304931,0.08529013410533517,0.6521311438083648,0.09564452744696382,0.7771803283691406,0.05721445010750438,0.8610819673538209,0.033606667700305494,0.9135737705230713,0.022511427237229514,0.9446229505538941,0.014812002605793123,0.9628524613380431,0.008201310102836501,0.9724918031692505,0.00542149341926317,0.9779672098159791,0.0052874876284786316,0.9813442659378053,0.004397906441296717,0.9833770489692689,0.0037068705823351433,0.9846557331085204,0.003430106682525612,0.9856065559387206,0.002910471203906296,0.9865573763847351,0.00236145051919803,0.9872131180763244,0.0024232372638861173,0.9873442649841309,0.0026519908066919527,0.98763934135437,0.0026167908918930324
tanh,0.0514091837272,4,2.20965825e-05,57,3,max,1,CinCECGTorso,83be175af2de0a7578c26925df973329,99,0.22875,0.019565594803123167,0.39704917788505556,0.024788810871984413,0.513377047777176,0.020807599234443357,0.6486229467391968,0.023758790367013997,0.7829508209228516,0.02481672193225631,0.8718032813072204,0.029627947275159307,0.9216721343994141,0.020866536526460436,0.9446229481697082,0.012226806299997516,0.9578032827377319,0.007937373048014756,0.9644590139389038,0.006333685015965382,0.9677377033233643,0.00588499386783853,0.9703278708457945,0.004968324042736092,0.9719672131538392,0.003689431647436546,0.9729836010932923,0.0038644749439013955,0.9735737705230714,0.0033664487611602604,0.9740327811241152,0.0033387937580290445,0.9751803278923035,0.003259372747031691,0.9756393480300902,0.0032032331095343627,0.9767540979385376,0.0031775420558876736,0.9772459053993225,0.0034609274957784746
